-8019,[-8000,<-8000,<-8000,<-8000,"[-10000,0[",<0,*
-6847,"[-7000,-6500[","[-7000,-6000[","[-8000,-6000[","[-8000,-4000[","[-10000,0[",<0,*
-4057,"[-4500,-4000[","[-5000,-4000[","[-6000,-4000[","[-8000,-4000[","[-10000,0[",<0,*
-3372,"[-3500,-3000[","[-4000,-3000[","[-4000,-2000[","[-4000,0[","[-10000,0[",<0,*
-3313,"[-3500,-3000[","[-4000,-3000[","[-4000,-2000[","[-4000,0[","[-10000,0[",<0,*
-3058,"[-3500,-3000[","[-4000,-3000[","[-4000,-2000[","[-4000,0[","[-10000,0[",<0,*
-2827,"[-3000,-2500[","[-3000,-2000[","[-4000,-2000[","[-4000,0[","[-10000,0[",<0,*
-2712,"[-3000,-2500[","[-3000,-2000[","[-4000,-2000[","[-4000,0[","[-10000,0[",<0,*
-2604,"[-3000,-2500[","[-3000,-2000[","[-4000,-2000[","[-4000,0[","[-10000,0[",<0,*
-2282,"[-2500,-2000[","[-3000,-2000[","[-4000,-2000[","[-4000,0[","[-10000,0[",<0,*
-2122,"[-2500,-2000[","[-3000,-2000[","[-4000,-2000[","[-4000,0[","[-10000,0[",<0,*
-2093,"[-2500,-2000[","[-3000,-2000[","[-4000,-2000[","[-4000,0[","[-10000,0[",<0,*
-2082,"[-2500,-2000[","[-3000,-2000[","[-4000,-2000[","[-4000,0[","[-10000,0[",<0,*
-2049,"[-2500,-2000[","[-3000,-2000[","[-4000,-2000[","[-4000,0[","[-10000,0[",<0,*
-1980,"[-2000,-1500[","[-2000,-1000[","[-2000,0[","[-4000,0[","[-10000,0[",<0,*
-1968,"[-2000,-1500[","[-2000,-1000[","[-2000,0[","[-4000,0[","[-10000,0[",<0,*
-1965,"[-2000,-1500[","[-2000,-1000[","[-2000,0[","[-4000,0[","[-10000,0[",<0,*
-1944,"[-2000,-1500[","[-2000,-1000[","[-2000,0[","[-4000,0[","[-10000,0[",<0,*
-1941,"[-2000,-1500[","[-2000,-1000[","[-2000,0[","[-4000,0[","[-10000,0[",<0,*
-1884,"[-2000,-1500[","[-2000,-1000[","[-2000,0[","[-4000,0[","[-10000,0[",<0,*
-1882,"[-2000,-1500[","[-2000,-1000[","[-2000,0[","[-4000,0[","[-10000,0[",<0,*
-1854,"[-2000,-1500[","[-2000,-1000[","[-2000,0[","[-4000,0[","[-10000,0[",<0,*
-1818,"[-2000,-1500[","[-2000,-1000[","[-2000,0[","[-4000,0[","[-10000,0[",<0,*
-1781,"[-2000,-1500[","[-2000,-1000[","[-2000,0[","[-4000,0[","[-10000,0[",<0,*
-1779,"[-2000,-1500[","[-2000,-1000[","[-2000,0[","[-4000,0[","[-10000,0[",<0,*
-1746,"[-2000,-1500[","[-2000,-1000[","[-2000,0[","[-4000,0[","[-10000,0[",<0,*
-1737,"[-2000,-1500[","[-2000,-1000[","[-2000,0[","[-4000,0[","[-10000,0[",<0,*
-1730,"[-2000,-1500[","[-2000,-1000[","[-2000,0[","[-4000,0[","[-10000,0[",<0,*
-1725,"[-2000,-1500[","[-2000,-1000[","[-2000,0[","[-4000,0[","[-10000,0[",<0,*
-1701,"[-2000,-1500[","[-2000,-1000[","[-2000,0[","[-4000,0[","[-10000,0[",<0,*
-1680,"[-2000,-1500[","[-2000,-1000[","[-2000,0[","[-4000,0[","[-10000,0[",<0,*
-1668,"[-2000,-1500[","[-2000,-1000[","[-2000,0[","[-4000,0[","[-10000,0[",<0,*
-1664,"[-2000,-1500[","[-2000,-1000[","[-2000,0[","[-4000,0[","[-10000,0[",<0,*
-1661,"[-2000,-1500[","[-2000,-1000[","[-2000,0[","[-4000,0[","[-10000,0[",<0,*
-1655,"[-2000,-1500[","[-2000,-1000[","[-2000,0[","[-4000,0[","[-10000,0[",<0,*
-1636,"[-2000,-1500[","[-2000,-1000[","[-2000,0[","[-4000,0[","[-10000,0[",<0,*
-1629,"[-2000,-1500[","[-2000,-1000[","[-2000,0[","[-4000,0[","[-10000,0[",<0,*
-1621,"[-2000,-1500[","[-2000,-1000[","[-2000,0[","[-4000,0[","[-10000,0[",<0,*
-1613,"[-2000,-1500[","[-2000,-1000[","[-2000,0[","[-4000,0[","[-10000,0[",<0,*
-1601,"[-2000,-1500[","[-2000,-1000[","[-2000,0[","[-4000,0[","[-10000,0[",<0,*
-1598,"[-2000,-1500[","[-2000,-1000[","[-2000,0[","[-4000,0[","[-10000,0[",<0,*
-1586,"[-2000,-1500[","[-2000,-1000[","[-2000,0[","[-4000,0[","[-10000,0[",<0,*
-1547,"[-2000,-1500[","[-2000,-1000[","[-2000,0[","[-4000,0[","[-10000,0[",<0,*
-1545,"[-2000,-1500[","[-2000,-1000[","[-2000,0[","[-4000,0[","[-10000,0[",<0,*
-1531,"[-2000,-1500[","[-2000,-1000[","[-2000,0[","[-4000,0[","[-10000,0[",<0,*
-1500,"[-1500,-1000[","[-2000,-1000[","[-2000,0[","[-4000,0[","[-10000,0[",<0,*
-1493,"[-1500,-1000[","[-2000,-1000[","[-2000,0[","[-4000,0[","[-10000,0[",<0,*
-1490,"[-1500,-1000[","[-2000,-1000[","[-2000,0[","[-4000,0[","[-10000,0[",<0,*
-1489,"[-1500,-1000[","[-2000,-1000[","[-2000,0[","[-4000,0[","[-10000,0[",<0,*
-1485,"[-1500,-1000[","[-2000,-1000[","[-2000,0[","[-4000,0[","[-10000,0[",<0,*
-1480,"[-1500,-1000[","[-2000,-1000[","[-2000,0[","[-4000,0[","[-10000,0[",<0,*
-1459,"[-1500,-1000[","[-2000,-1000[","[-2000,0[","[-4000,0[","[-10000,0[",<0,*
-1455,"[-1500,-1000[","[-2000,-1000[","[-2000,0[","[-4000,0[","[-10000,0[",<0,*
-1451,"[-1500,-1000[","[-2000,-1000[","[-2000,0[","[-4000,0[","[-10000,0[",<0,*
-1445,"[-1500,-1000[","[-2000,-1000[","[-2000,0[","[-4000,0[","[-10000,0[",<0,*
-1415,"[-1500,-1000[","[-2000,-1000[","[-2000,0[","[-4000,0[","[-10000,0[",<0,*
-1414,"[-1500,-1000[","[-2000,-1000[","[-2000,0[","[-4000,0[","[-10000,0[",<0,*
-1400,"[-1500,-1000[","[-2000,-1000[","[-2000,0[","[-4000,0[","[-10000,0[",<0,*
-1386,"[-1500,-1000[","[-2000,-1000[","[-2000,0[","[-4000,0[","[-10000,0[",<0,*
-1385,"[-1500,-1000[","[-2000,-1000[","[-2000,0[","[-4000,0[","[-10000,0[",<0,*
-1379,"[-1500,-1000[","[-2000,-1000[","[-2000,0[","[-4000,0[","[-10000,0[",<0,*
-1361,"[-1500,-1000[","[-2000,-1000[","[-2000,0[","[-4000,0[","[-10000,0[",<0,*
-1350,"[-1500,-1000[","[-2000,-1000[","[-2000,0[","[-4000,0[","[-10000,0[",<0,*
-1336,"[-1500,-1000[","[-2000,-1000[","[-2000,0[","[-4000,0[","[-10000,0[",<0,*
-1329,"[-1500,-1000[","[-2000,-1000[","[-2000,0[","[-4000,0[","[-10000,0[",<0,*
-1322,"[-1500,-1000[","[-2000,-1000[","[-2000,0[","[-4000,0[","[-10000,0[",<0,*
-1317,"[-1500,-1000[","[-2000,-1000[","[-2000,0[","[-4000,0[","[-10000,0[",<0,*
-1313,"[-1500,-1000[","[-2000,-1000[","[-2000,0[","[-4000,0[","[-10000,0[",<0,*
-1312,"[-1500,-1000[","[-2000,-1000[","[-2000,0[","[-4000,0[","[-10000,0[",<0,*
-1310,"[-1500,-1000[","[-2000,-1000[","[-2000,0[","[-4000,0[","[-10000,0[",<0,*
-1300,"[-1500,-1000[","[-2000,-1000[","[-2000,0[","[-4000,0[","[-10000,0[",<0,*
-1272,"[-1500,-1000[","[-2000,-1000[","[-2000,0[","[-4000,0[","[-10000,0[",<0,*
-1270,"[-1500,-1000[","[-2000,-1000[","[-2000,0[","[-4000,0[","[-10000,0[",<0,*
-1249,"[-1500,-1000[","[-2000,-1000[","[-2000,0[","[-4000,0[","[-10000,0[",<0,*
-1246,"[-1500,-1000[","[-2000,-1000[","[-2000,0[","[-4000,0[","[-10000,0[",<0,*
-1232,"[-1500,-1000[","[-2000,-1000[","[-2000,0[","[-4000,0[","[-10000,0[",<0,*
-1224,"[-1500,-1000[","[-2000,-1000[","[-2000,0[","[-4000,0[","[-10000,0[",<0,*
-1217,"[-1500,-1000[","[-2000,-1000[","[-2000,0[","[-4000,0[","[-10000,0[",<0,*
-1212,"[-1500,-1000[","[-2000,-1000[","[-2000,0[","[-4000,0[","[-10000,0[",<0,*
-1206,"[-1500,-1000[","[-2000,-1000[","[-2000,0[","[-4000,0[","[-10000,0[",<0,*
-1202,"[-1500,-1000[","[-2000,-1000[","[-2000,0[","[-4000,0[","[-10000,0[",<0,*
-1196,"[-1500,-1000[","[-2000,-1000[","[-2000,0[","[-4000,0[","[-10000,0[",<0,*
-1193,"[-1500,-1000[","[-2000,-1000[","[-2000,0[","[-4000,0[","[-10000,0[",<0,*
-1185,"[-1500,-1000[","[-2000,-1000[","[-2000,0[","[-4000,0[","[-10000,0[",<0,*
-1176,"[-1500,-1000[","[-2000,-1000[","[-2000,0[","[-4000,0[","[-10000,0[",<0,*
-1168,"[-1500,-1000[","[-2000,-1000[","[-2000,0[","[-4000,0[","[-10000,0[",<0,*
-1164,"[-1500,-1000[","[-2000,-1000[","[-2000,0[","[-4000,0[","[-10000,0[",<0,*
-1161,"[-1500,-1000[","[-2000,-1000[","[-2000,0[","[-4000,0[","[-10000,0[",<0,*
-1157,"[-1500,-1000[","[-2000,-1000[","[-2000,0[","[-4000,0[","[-10000,0[",<0,*
-1148,"[-1500,-1000[","[-2000,-1000[","[-2000,0[","[-4000,0[","[-10000,0[",<0,*
-1139,"[-1500,-1000[","[-2000,-1000[","[-2000,0[","[-4000,0[","[-10000,0[",<0,*
-1137,"[-1500,-1000[","[-2000,-1000[","[-2000,0[","[-4000,0[","[-10000,0[",<0,*
-1136,"[-1500,-1000[","[-2000,-1000[","[-2000,0[","[-4000,0[","[-10000,0[",<0,*
-1129,"[-1500,-1000[","[-2000,-1000[","[-2000,0[","[-4000,0[","[-10000,0[",<0,*
-1124,"[-1500,-1000[","[-2000,-1000[","[-2000,0[","[-4000,0[","[-10000,0[",<0,*
-1122,"[-1500,-1000[","[-2000,-1000[","[-2000,0[","[-4000,0[","[-10000,0[",<0,*
-1112,"[-1500,-1000[","[-2000,-1000[","[-2000,0[","[-4000,0[","[-10000,0[",<0,*
-1110,"[-1500,-1000[","[-2000,-1000[","[-2000,0[","[-4000,0[","[-10000,0[",<0,*
-1105,"[-1500,-1000[","[-2000,-1000[","[-2000,0[","[-4000,0[","[-10000,0[",<0,*
-1099,"[-1500,-1000[","[-2000,-1000[","[-2000,0[","[-4000,0[","[-10000,0[",<0,*
-1092,"[-1500,-1000[","[-2000,-1000[","[-2000,0[","[-4000,0[","[-10000,0[",<0,*
-1091,"[-1500,-1000[","[-2000,-1000[","[-2000,0[","[-4000,0[","[-10000,0[",<0,*
-1089,"[-1500,-1000[","[-2000,-1000[","[-2000,0[","[-4000,0[","[-10000,0[",<0,*
-1085,"[-1500,-1000[","[-2000,-1000[","[-2000,0[","[-4000,0[","[-10000,0[",<0,*
-1083,"[-1500,-1000[","[-2000,-1000[","[-2000,0[","[-4000,0[","[-10000,0[",<0,*
-1080,"[-1500,-1000[","[-2000,-1000[","[-2000,0[","[-4000,0[","[-10000,0[",<0,*
-1076,"[-1500,-1000[","[-2000,-1000[","[-2000,0[","[-4000,0[","[-10000,0[",<0,*
-1053,"[-1500,-1000[","[-2000,-1000[","[-2000,0[","[-4000,0[","[-10000,0[",<0,*
-1050,"[-1500,-1000[","[-2000,-1000[","[-2000,0[","[-4000,0[","[-10000,0[",<0,*
-1049,"[-1500,-1000[","[-2000,-1000[","[-2000,0[","[-4000,0[","[-10000,0[",<0,*
-1042,"[-1500,-1000[","[-2000,-1000[","[-2000,0[","[-4000,0[","[-10000,0[",<0,*
-1041,"[-1500,-1000[","[-2000,-1000[","[-2000,0[","[-4000,0[","[-10000,0[",<0,*
-1040,"[-1500,-1000[","[-2000,-1000[","[-2000,0[","[-4000,0[","[-10000,0[",<0,*
-1038,"[-1500,-1000[","[-2000,-1000[","[-2000,0[","[-4000,0[","[-10000,0[",<0,*
-1036,"[-1500,-1000[","[-2000,-1000[","[-2000,0[","[-4000,0[","[-10000,0[",<0,*
-1034,"[-1500,-1000[","[-2000,-1000[","[-2000,0[","[-4000,0[","[-10000,0[",<0,*
-1027,"[-1500,-1000[","[-2000,-1000[","[-2000,0[","[-4000,0[","[-10000,0[",<0,*
-1026,"[-1500,-1000[","[-2000,-1000[","[-2000,0[","[-4000,0[","[-10000,0[",<0,*
-1019,"[-1500,-1000[","[-2000,-1000[","[-2000,0[","[-4000,0[","[-10000,0[",<0,*
-1014,"[-1500,-1000[","[-2000,-1000[","[-2000,0[","[-4000,0[","[-10000,0[",<0,*
-1013,"[-1500,-1000[","[-2000,-1000[","[-2000,0[","[-4000,0[","[-10000,0[",<0,*
-1011,"[-1500,-1000[","[-2000,-1000[","[-2000,0[","[-4000,0[","[-10000,0[",<0,*
-1007,"[-1500,-1000[","[-2000,-1000[","[-2000,0[","[-4000,0[","[-10000,0[",<0,*
-1006,"[-1500,-1000[","[-2000,-1000[","[-2000,0[","[-4000,0[","[-10000,0[",<0,*
-1002,"[-1500,-1000[","[-2000,-1000[","[-2000,0[","[-4000,0[","[-10000,0[",<0,*
-1001,"[-1500,-1000[","[-2000,-1000[","[-2000,0[","[-4000,0[","[-10000,0[",<0,*
-999,"[-1000,-500[","[-1000,0[","[-2000,0[","[-4000,0[","[-10000,0[",<0,*
-998,"[-1000,-500[","[-1000,0[","[-2000,0[","[-4000,0[","[-10000,0[",<0,*
-997,"[-1000,-500[","[-1000,0[","[-2000,0[","[-4000,0[","[-10000,0[",<0,*
-995,"[-1000,-500[","[-1000,0[","[-2000,0[","[-4000,0[","[-10000,0[",<0,*
-994,"[-1000,-500[","[-1000,0[","[-2000,0[","[-4000,0[","[-10000,0[",<0,*
-988,"[-1000,-500[","[-1000,0[","[-2000,0[","[-4000,0[","[-10000,0[",<0,*
-985,"[-1000,-500[","[-1000,0[","[-2000,0[","[-4000,0[","[-10000,0[",<0,*
-983,"[-1000,-500[","[-1000,0[","[-2000,0[","[-4000,0[","[-10000,0[",<0,*
-982,"[-1000,-500[","[-1000,0[","[-2000,0[","[-4000,0[","[-10000,0[",<0,*
-980,"[-1000,-500[","[-1000,0[","[-2000,0[","[-4000,0[","[-10000,0[",<0,*
-978,"[-1000,-500[","[-1000,0[","[-2000,0[","[-4000,0[","[-10000,0[",<0,*
-976,"[-1000,-500[","[-1000,0[","[-2000,0[","[-4000,0[","[-10000,0[",<0,*
-974,"[-1000,-500[","[-1000,0[","[-2000,0[","[-4000,0[","[-10000,0[",<0,*
-972,"[-1000,-500[","[-1000,0[","[-2000,0[","[-4000,0[","[-10000,0[",<0,*
-971,"[-1000,-500[","[-1000,0[","[-2000,0[","[-4000,0[","[-10000,0[",<0,*
-970,"[-1000,-500[","[-1000,0[","[-2000,0[","[-4000,0[","[-10000,0[",<0,*
-969,"[-1000,-500[","[-1000,0[","[-2000,0[","[-4000,0[","[-10000,0[",<0,*
-967,"[-1000,-500[","[-1000,0[","[-2000,0[","[-4000,0[","[-10000,0[",<0,*
-966,"[-1000,-500[","[-1000,0[","[-2000,0[","[-4000,0[","[-10000,0[",<0,*
-962,"[-1000,-500[","[-1000,0[","[-2000,0[","[-4000,0[","[-10000,0[",<0,*
-961,"[-1000,-500[","[-1000,0[","[-2000,0[","[-4000,0[","[-10000,0[",<0,*
-954,"[-1000,-500[","[-1000,0[","[-2000,0[","[-4000,0[","[-10000,0[",<0,*
-948,"[-1000,-500[","[-1000,0[","[-2000,0[","[-4000,0[","[-10000,0[",<0,*
-947,"[-1000,-500[","[-1000,0[","[-2000,0[","[-4000,0[","[-10000,0[",<0,*
-946,"[-1000,-500[","[-1000,0[","[-2000,0[","[-4000,0[","[-10000,0[",<0,*
-942,"[-1000,-500[","[-1000,0[","[-2000,0[","[-4000,0[","[-10000,0[",<0,*
-940,"[-1000,-500[","[-1000,0[","[-2000,0[","[-4000,0[","[-10000,0[",<0,*
-939,"[-1000,-500[","[-1000,0[","[-2000,0[","[-4000,0[","[-10000,0[",<0,*
-938,"[-1000,-500[","[-1000,0[","[-2000,0[","[-4000,0[","[-10000,0[",<0,*
-934,"[-1000,-500[","[-1000,0[","[-2000,0[","[-4000,0[","[-10000,0[",<0,*
-933,"[-1000,-500[","[-1000,0[","[-2000,0[","[-4000,0[","[-10000,0[",<0,*
-932,"[-1000,-500[","[-1000,0[","[-2000,0[","[-4000,0[","[-10000,0[",<0,*
-931,"[-1000,-500[","[-1000,0[","[-2000,0[","[-4000,0[","[-10000,0[",<0,*
-930,"[-1000,-500[","[-1000,0[","[-2000,0[","[-4000,0[","[-10000,0[",<0,*
-923,"[-1000,-500[","[-1000,0[","[-2000,0[","[-4000,0[","[-10000,0[",<0,*
-921,"[-1000,-500[","[-1000,0[","[-2000,0[","[-4000,0[","[-10000,0[",<0,*
-918,"[-1000,-500[","[-1000,0[","[-2000,0[","[-4000,0[","[-10000,0[",<0,*
-910,"[-1000,-500[","[-1000,0[","[-2000,0[","[-4000,0[","[-10000,0[",<0,*
-905,"[-1000,-500[","[-1000,0[","[-2000,0[","[-4000,0[","[-10000,0[",<0,*
-901,"[-1000,-500[","[-1000,0[","[-2000,0[","[-4000,0[","[-10000,0[",<0,*
-898,"[-1000,-500[","[-1000,0[","[-2000,0[","[-4000,0[","[-10000,0[",<0,*
-896,"[-1000,-500[","[-1000,0[","[-2000,0[","[-4000,0[","[-10000,0[",<0,*
-895,"[-1000,-500[","[-1000,0[","[-2000,0[","[-4000,0[","[-10000,0[",<0,*
-892,"[-1000,-500[","[-1000,0[","[-2000,0[","[-4000,0[","[-10000,0[",<0,*
-890,"[-1000,-500[","[-1000,0[","[-2000,0[","[-4000,0[","[-10000,0[",<0,*
-888,"[-1000,-500[","[-1000,0[","[-2000,0[","[-4000,0[","[-10000,0[",<0,*
-887,"[-1000,-500[","[-1000,0[","[-2000,0[","[-4000,0[","[-10000,0[",<0,*
-886,"[-1000,-500[","[-1000,0[","[-2000,0[","[-4000,0[","[-10000,0[",<0,*
-880,"[-1000,-500[","[-1000,0[","[-2000,0[","[-4000,0[","[-10000,0[",<0,*
-879,"[-1000,-500[","[-1000,0[","[-2000,0[","[-4000,0[","[-10000,0[",<0,*
-876,"[-1000,-500[","[-1000,0[","[-2000,0[","[-4000,0[","[-10000,0[",<0,*
-874,"[-1000,-500[","[-1000,0[","[-2000,0[","[-4000,0[","[-10000,0[",<0,*
-872,"[-1000,-500[","[-1000,0[","[-2000,0[","[-4000,0[","[-10000,0[",<0,*
-871,"[-1000,-500[","[-1000,0[","[-2000,0[","[-4000,0[","[-10000,0[",<0,*
-870,"[-1000,-500[","[-1000,0[","[-2000,0[","[-4000,0[","[-10000,0[",<0,*
-869,"[-1000,-500[","[-1000,0[","[-2000,0[","[-4000,0[","[-10000,0[",<0,*
-868,"[-1000,-500[","[-1000,0[","[-2000,0[","[-4000,0[","[-10000,0[",<0,*
-867,"[-1000,-500[","[-1000,0[","[-2000,0[","[-4000,0[","[-10000,0[",<0,*
-865,"[-1000,-500[","[-1000,0[","[-2000,0[","[-4000,0[","[-10000,0[",<0,*
-864,"[-1000,-500[","[-1000,0[","[-2000,0[","[-4000,0[","[-10000,0[",<0,*
-861,"[-1000,-500[","[-1000,0[","[-2000,0[","[-4000,0[","[-10000,0[",<0,*
-859,"[-1000,-500[","[-1000,0[","[-2000,0[","[-4000,0[","[-10000,0[",<0,*
-854,"[-1000,-500[","[-1000,0[","[-2000,0[","[-4000,0[","[-10000,0[",<0,*
-853,"[-1000,-500[","[-1000,0[","[-2000,0[","[-4000,0[","[-10000,0[",<0,*
-852,"[-1000,-500[","[-1000,0[","[-2000,0[","[-4000,0[","[-10000,0[",<0,*
-849,"[-1000,-500[","[-1000,0[","[-2000,0[","[-4000,0[","[-10000,0[",<0,*
-848,"[-1000,-500[","[-1000,0[","[-2000,0[","[-4000,0[","[-10000,0[",<0,*
-847,"[-1000,-500[","[-1000,0[","[-2000,0[","[-4000,0[","[-10000,0[",<0,*
-846,"[-1000,-500[","[-1000,0[","[-2000,0[","[-4000,0[","[-10000,0[",<0,*
-839,"[-1000,-500[","[-1000,0[","[-2000,0[","[-4000,0[","[-10000,0[",<0,*
-838,"[-1000,-500[","[-1000,0[","[-2000,0[","[-4000,0[","[-10000,0[",<0,*
-835,"[-1000,-500[","[-1000,0[","[-2000,0[","[-4000,0[","[-10000,0[",<0,*
-834,"[-1000,-500[","[-1000,0[","[-2000,0[","[-4000,0[","[-10000,0[",<0,*
-832,"[-1000,-500[","[-1000,0[","[-2000,0[","[-4000,0[","[-10000,0[",<0,*
-825,"[-1000,-500[","[-1000,0[","[-2000,0[","[-4000,0[","[-10000,0[",<0,*
-824,"[-1000,-500[","[-1000,0[","[-2000,0[","[-4000,0[","[-10000,0[",<0,*
-820,"[-1000,-500[","[-1000,0[","[-2000,0[","[-4000,0[","[-10000,0[",<0,*
-817,"[-1000,-500[","[-1000,0[","[-2000,0[","[-4000,0[","[-10000,0[",<0,*
-816,"[-1000,-500[","[-1000,0[","[-2000,0[","[-4000,0[","[-10000,0[",<0,*
-813,"[-1000,-500[","[-1000,0[","[-2000,0[","[-4000,0[","[-10000,0[",<0,*
-812,"[-1000,-500[","[-1000,0[","[-2000,0[","[-4000,0[","[-10000,0[",<0,*
-811,"[-1000,-500[","[-1000,0[","[-2000,0[","[-4000,0[","[-10000,0[",<0,*
-810,"[-1000,-500[","[-1000,0[","[-2000,0[","[-4000,0[","[-10000,0[",<0,*
-808,"[-1000,-500[","[-1000,0[","[-2000,0[","[-4000,0[","[-10000,0[",<0,*
-806,"[-1000,-500[","[-1000,0[","[-2000,0[","[-4000,0[","[-10000,0[",<0,*
-805,"[-1000,-500[","[-1000,0[","[-2000,0[","[-4000,0[","[-10000,0[",<0,*
-804,"[-1000,-500[","[-1000,0[","[-2000,0[","[-4000,0[","[-10000,0[",<0,*
-803,"[-1000,-500[","[-1000,0[","[-2000,0[","[-4000,0[","[-10000,0[",<0,*
-800,"[-1000,-500[","[-1000,0[","[-2000,0[","[-4000,0[","[-10000,0[",<0,*
-799,"[-1000,-500[","[-1000,0[","[-2000,0[","[-4000,0[","[-10000,0[",<0,*
-797,"[-1000,-500[","[-1000,0[","[-2000,0[","[-4000,0[","[-10000,0[",<0,*
-796,"[-1000,-500[","[-1000,0[","[-2000,0[","[-4000,0[","[-10000,0[",<0,*
-790,"[-1000,-500[","[-1000,0[","[-2000,0[","[-4000,0[","[-10000,0[",<0,*
-786,"[-1000,-500[","[-1000,0[","[-2000,0[","[-4000,0[","[-10000,0[",<0,*
-782,"[-1000,-500[","[-1000,0[","[-2000,0[","[-4000,0[","[-10000,0[",<0,*
-780,"[-1000,-500[","[-1000,0[","[-2000,0[","[-4000,0[","[-10000,0[",<0,*
-779,"[-1000,-500[","[-1000,0[","[-2000,0[","[-4000,0[","[-10000,0[",<0,*
-777,"[-1000,-500[","[-1000,0[","[-2000,0[","[-4000,0[","[-10000,0[",<0,*
-771,"[-1000,-500[","[-1000,0[","[-2000,0[","[-4000,0[","[-10000,0[",<0,*
-770,"[-1000,-500[","[-1000,0[","[-2000,0[","[-4000,0[","[-10000,0[",<0,*
-769,"[-1000,-500[","[-1000,0[","[-2000,0[","[-4000,0[","[-10000,0[",<0,*
-768,"[-1000,-500[","[-1000,0[","[-2000,0[","[-4000,0[","[-10000,0[",<0,*
-767,"[-1000,-500[","[-1000,0[","[-2000,0[","[-4000,0[","[-10000,0[",<0,*
-762,"[-1000,-500[","[-1000,0[","[-2000,0[","[-4000,0[","[-10000,0[",<0,*
-759,"[-1000,-500[","[-1000,0[","[-2000,0[","[-4000,0[","[-10000,0[",<0,*
-757,"[-1000,-500[","[-1000,0[","[-2000,0[","[-4000,0[","[-10000,0[",<0,*
-755,"[-1000,-500[","[-1000,0[","[-2000,0[","[-4000,0[","[-10000,0[",<0,*
-754,"[-1000,-500[","[-1000,0[","[-2000,0[","[-4000,0[","[-10000,0[",<0,*
-753,"[-1000,-500[","[-1000,0[","[-2000,0[","[-4000,0[","[-10000,0[",<0,*
-752,"[-1000,-500[","[-1000,0[","[-2000,0[","[-4000,0[","[-10000,0[",<0,*
-750,"[-1000,-500[","[-1000,0[","[-2000,0[","[-4000,0[","[-10000,0[",<0,*
-749,"[-1000,-500[","[-1000,0[","[-2000,0[","[-4000,0[","[-10000,0[",<0,*
-747,"[-1000,-500[","[-1000,0[","[-2000,0[","[-4000,0[","[-10000,0[",<0,*
-745,"[-1000,-500[","[-1000,0[","[-2000,0[","[-4000,0[","[-10000,0[",<0,*
-744,"[-1000,-500[","[-1000,0[","[-2000,0[","[-4000,0[","[-10000,0[",<0,*
-742,"[-1000,-500[","[-1000,0[","[-2000,0[","[-4000,0[","[-10000,0[",<0,*
-741,"[-1000,-500[","[-1000,0[","[-2000,0[","[-4000,0[","[-10000,0[",<0,*
-740,"[-1000,-500[","[-1000,0[","[-2000,0[","[-4000,0[","[-10000,0[",<0,*
-738,"[-1000,-500[","[-1000,0[","[-2000,0[","[-4000,0[","[-10000,0[",<0,*
-736,"[-1000,-500[","[-1000,0[","[-2000,0[","[-4000,0[","[-10000,0[",<0,*
-735,"[-1000,-500[","[-1000,0[","[-2000,0[","[-4000,0[","[-10000,0[",<0,*
-732,"[-1000,-500[","[-1000,0[","[-2000,0[","[-4000,0[","[-10000,0[",<0,*
-731,"[-1000,-500[","[-1000,0[","[-2000,0[","[-4000,0[","[-10000,0[",<0,*
-728,"[-1000,-500[","[-1000,0[","[-2000,0[","[-4000,0[","[-10000,0[",<0,*
-725,"[-1000,-500[","[-1000,0[","[-2000,0[","[-4000,0[","[-10000,0[",<0,*
-723,"[-1000,-500[","[-1000,0[","[-2000,0[","[-4000,0[","[-10000,0[",<0,*
-722,"[-1000,-500[","[-1000,0[","[-2000,0[","[-4000,0[","[-10000,0[",<0,*
-720,"[-1000,-500[","[-1000,0[","[-2000,0[","[-4000,0[","[-10000,0[",<0,*
-718,"[-1000,-500[","[-1000,0[","[-2000,0[","[-4000,0[","[-10000,0[",<0,*
-717,"[-1000,-500[","[-1000,0[","[-2000,0[","[-4000,0[","[-10000,0[",<0,*
-715,"[-1000,-500[","[-1000,0[","[-2000,0[","[-4000,0[","[-10000,0[",<0,*
-714,"[-1000,-500[","[-1000,0[","[-2000,0[","[-4000,0[","[-10000,0[",<0,*
-713,"[-1000,-500[","[-1000,0[","[-2000,0[","[-4000,0[","[-10000,0[",<0,*
-711,"[-1000,-500[","[-1000,0[","[-2000,0[","[-4000,0[","[-10000,0[",<0,*
-710,"[-1000,-500[","[-1000,0[","[-2000,0[","[-4000,0[","[-10000,0[",<0,*
-709,"[-1000,-500[","[-1000,0[","[-2000,0[","[-4000,0[","[-10000,0[",<0,*
-708,"[-1000,-500[","[-1000,0[","[-2000,0[","[-4000,0[","[-10000,0[",<0,*
-706,"[-1000,-500[","[-1000,0[","[-2000,0[","[-4000,0[","[-10000,0[",<0,*
-705,"[-1000,-500[","[-1000,0[","[-2000,0[","[-4000,0[","[-10000,0[",<0,*
-704,"[-1000,-500[","[-1000,0[","[-2000,0[","[-4000,0[","[-10000,0[",<0,*
-703,"[-1000,-500[","[-1000,0[","[-2000,0[","[-4000,0[","[-10000,0[",<0,*
-701,"[-1000,-500[","[-1000,0[","[-2000,0[","[-4000,0[","[-10000,0[",<0,*
-700,"[-1000,-500[","[-1000,0[","[-2000,0[","[-4000,0[","[-10000,0[",<0,*
-697,"[-1000,-500[","[-1000,0[","[-2000,0[","[-4000,0[","[-10000,0[",<0,*
-694,"[-1000,-500[","[-1000,0[","[-2000,0[","[-4000,0[","[-10000,0[",<0,*
-692,"[-1000,-500[","[-1000,0[","[-2000,0[","[-4000,0[","[-10000,0[",<0,*
-691,"[-1000,-500[","[-1000,0[","[-2000,0[","[-4000,0[","[-10000,0[",<0,*
-690,"[-1000,-500[","[-1000,0[","[-2000,0[","[-4000,0[","[-10000,0[",<0,*
-689,"[-1000,-500[","[-1000,0[","[-2000,0[","[-4000,0[","[-10000,0[",<0,*
-688,"[-1000,-500[","[-1000,0[","[-2000,0[","[-4000,0[","[-10000,0[",<0,*
-687,"[-1000,-500[","[-1000,0[","[-2000,0[","[-4000,0[","[-10000,0[",<0,*
-686,"[-1000,-500[","[-1000,0[","[-2000,0[","[-4000,0[","[-10000,0[",<0,*
-685,"[-1000,-500[","[-1000,0[","[-2000,0[","[-4000,0[","[-10000,0[",<0,*
-684,"[-1000,-500[","[-1000,0[","[-2000,0[","[-4000,0[","[-10000,0[",<0,*
-683,"[-1000,-500[","[-1000,0[","[-2000,0[","[-4000,0[","[-10000,0[",<0,*
-682,"[-1000,-500[","[-1000,0[","[-2000,0[","[-4000,0[","[-10000,0[",<0,*
-681,"[-1000,-500[","[-1000,0[","[-2000,0[","[-4000,0[","[-10000,0[",<0,*
-680,"[-1000,-500[","[-1000,0[","[-2000,0[","[-4000,0[","[-10000,0[",<0,*
-679,"[-1000,-500[","[-1000,0[","[-2000,0[","[-4000,0[","[-10000,0[",<0,*
-677,"[-1000,-500[","[-1000,0[","[-2000,0[","[-4000,0[","[-10000,0[",<0,*
-676,"[-1000,-500[","[-1000,0[","[-2000,0[","[-4000,0[","[-10000,0[",<0,*
-675,"[-1000,-500[","[-1000,0[","[-2000,0[","[-4000,0[","[-10000,0[",<0,*
-674,"[-1000,-500[","[-1000,0[","[-2000,0[","[-4000,0[","[-10000,0[",<0,*
-673,"[-1000,-500[","[-1000,0[","[-2000,0[","[-4000,0[","[-10000,0[",<0,*
-672,"[-1000,-500[","[-1000,0[","[-2000,0[","[-4000,0[","[-10000,0[",<0,*
-671,"[-1000,-500[","[-1000,0[","[-2000,0[","[-4000,0[","[-10000,0[",<0,*
-670,"[-1000,-500[","[-1000,0[","[-2000,0[","[-4000,0[","[-10000,0[",<0,*
-667,"[-1000,-500[","[-1000,0[","[-2000,0[","[-4000,0[","[-10000,0[",<0,*
-666,"[-1000,-500[","[-1000,0[","[-2000,0[","[-4000,0[","[-10000,0[",<0,*
-665,"[-1000,-500[","[-1000,0[","[-2000,0[","[-4000,0[","[-10000,0[",<0,*
-664,"[-1000,-500[","[-1000,0[","[-2000,0[","[-4000,0[","[-10000,0[",<0,*
-663,"[-1000,-500[","[-1000,0[","[-2000,0[","[-4000,0[","[-10000,0[",<0,*
-661,"[-1000,-500[","[-1000,0[","[-2000,0[","[-4000,0[","[-10000,0[",<0,*
-659,"[-1000,-500[","[-1000,0[","[-2000,0[","[-4000,0[","[-10000,0[",<0,*
-656,"[-1000,-500[","[-1000,0[","[-2000,0[","[-4000,0[","[-10000,0[",<0,*
-651,"[-1000,-500[","[-1000,0[","[-2000,0[","[-4000,0[","[-10000,0[",<0,*
-650,"[-1000,-500[","[-1000,0[","[-2000,0[","[-4000,0[","[-10000,0[",<0,*
-648,"[-1000,-500[","[-1000,0[","[-2000,0[","[-4000,0[","[-10000,0[",<0,*
-646,"[-1000,-500[","[-1000,0[","[-2000,0[","[-4000,0[","[-10000,0[",<0,*
-644,"[-1000,-500[","[-1000,0[","[-2000,0[","[-4000,0[","[-10000,0[",<0,*
-643,"[-1000,-500[","[-1000,0[","[-2000,0[","[-4000,0[","[-10000,0[",<0,*
-642,"[-1000,-500[","[-1000,0[","[-2000,0[","[-4000,0[","[-10000,0[",<0,*
-641,"[-1000,-500[","[-1000,0[","[-2000,0[","[-4000,0[","[-10000,0[",<0,*
-640,"[-1000,-500[","[-1000,0[","[-2000,0[","[-4000,0[","[-10000,0[",<0,*
-639,"[-1000,-500[","[-1000,0[","[-2000,0[","[-4000,0[","[-10000,0[",<0,*
-637,"[-1000,-500[","[-1000,0[","[-2000,0[","[-4000,0[","[-10000,0[",<0,*
-636,"[-1000,-500[","[-1000,0[","[-2000,0[","[-4000,0[","[-10000,0[",<0,*
-635,"[-1000,-500[","[-1000,0[","[-2000,0[","[-4000,0[","[-10000,0[",<0,*
-634,"[-1000,-500[","[-1000,0[","[-2000,0[","[-4000,0[","[-10000,0[",<0,*
-633,"[-1000,-500[","[-1000,0[","[-2000,0[","[-4000,0[","[-10000,0[",<0,*
-632,"[-1000,-500[","[-1000,0[","[-2000,0[","[-4000,0[","[-10000,0[",<0,*
-631,"[-1000,-500[","[-1000,0[","[-2000,0[","[-4000,0[","[-10000,0[",<0,*
-630,"[-1000,-500[","[-1000,0[","[-2000,0[","[-4000,0[","[-10000,0[",<0,*
-628,"[-1000,-500[","[-1000,0[","[-2000,0[","[-4000,0[","[-10000,0[",<0,*
-627,"[-1000,-500[","[-1000,0[","[-2000,0[","[-4000,0[","[-10000,0[",<0,*
-626,"[-1000,-500[","[-1000,0[","[-2000,0[","[-4000,0[","[-10000,0[",<0,*
-625,"[-1000,-500[","[-1000,0[","[-2000,0[","[-4000,0[","[-10000,0[",<0,*
-624,"[-1000,-500[","[-1000,0[","[-2000,0[","[-4000,0[","[-10000,0[",<0,*
-621,"[-1000,-500[","[-1000,0[","[-2000,0[","[-4000,0[","[-10000,0[",<0,*
-619,"[-1000,-500[","[-1000,0[","[-2000,0[","[-4000,0[","[-10000,0[",<0,*
-618,"[-1000,-500[","[-1000,0[","[-2000,0[","[-4000,0[","[-10000,0[",<0,*
-617,"[-1000,-500[","[-1000,0[","[-2000,0[","[-4000,0[","[-10000,0[",<0,*
-616,"[-1000,-500[","[-1000,0[","[-2000,0[","[-4000,0[","[-10000,0[",<0,*
-614,"[-1000,-500[","[-1000,0[","[-2000,0[","[-4000,0[","[-10000,0[",<0,*
-613,"[-1000,-500[","[-1000,0[","[-2000,0[","[-4000,0[","[-10000,0[",<0,*
-612,"[-1000,-500[","[-1000,0[","[-2000,0[","[-4000,0[","[-10000,0[",<0,*
-611,"[-1000,-500[","[-1000,0[","[-2000,0[","[-4000,0[","[-10000,0[",<0,*
-609,"[-1000,-500[","[-1000,0[","[-2000,0[","[-4000,0[","[-10000,0[",<0,*
-608,"[-1000,-500[","[-1000,0[","[-2000,0[","[-4000,0[","[-10000,0[",<0,*
-607,"[-1000,-500[","[-1000,0[","[-2000,0[","[-4000,0[","[-10000,0[",<0,*
-606,"[-1000,-500[","[-1000,0[","[-2000,0[","[-4000,0[","[-10000,0[",<0,*
-605,"[-1000,-500[","[-1000,0[","[-2000,0[","[-4000,0[","[-10000,0[",<0,*
-603,"[-1000,-500[","[-1000,0[","[-2000,0[","[-4000,0[","[-10000,0[",<0,*
-601,"[-1000,-500[","[-1000,0[","[-2000,0[","[-4000,0[","[-10000,0[",<0,*
-600,"[-1000,-500[","[-1000,0[","[-2000,0[","[-4000,0[","[-10000,0[",<0,*
-599,"[-1000,-500[","[-1000,0[","[-2000,0[","[-4000,0[","[-10000,0[",<0,*
-598,"[-1000,-500[","[-1000,0[","[-2000,0[","[-4000,0[","[-10000,0[",<0,*
-597,"[-1000,-500[","[-1000,0[","[-2000,0[","[-4000,0[","[-10000,0[",<0,*
-596,"[-1000,-500[","[-1000,0[","[-2000,0[","[-4000,0[","[-10000,0[",<0,*
-594,"[-1000,-500[","[-1000,0[","[-2000,0[","[-4000,0[","[-10000,0[",<0,*
-593,"[-1000,-500[","[-1000,0[","[-2000,0[","[-4000,0[","[-10000,0[",<0,*
-591,"[-1000,-500[","[-1000,0[","[-2000,0[","[-4000,0[","[-10000,0[",<0,*
-589,"[-1000,-500[","[-1000,0[","[-2000,0[","[-4000,0[","[-10000,0[",<0,*
-588,"[-1000,-500[","[-1000,0[","[-2000,0[","[-4000,0[","[-10000,0[",<0,*
-587,"[-1000,-500[","[-1000,0[","[-2000,0[","[-4000,0[","[-10000,0[",<0,*
-585,"[-1000,-500[","[-1000,0[","[-2000,0[","[-4000,0[","[-10000,0[",<0,*
-584,"[-1000,-500[","[-1000,0[","[-2000,0[","[-4000,0[","[-10000,0[",<0,*
-583,"[-1000,-500[","[-1000,0[","[-2000,0[","[-4000,0[","[-10000,0[",<0,*
-582,"[-1000,-500[","[-1000,0[","[-2000,0[","[-4000,0[","[-10000,0[",<0,*
-581,"[-1000,-500[","[-1000,0[","[-2000,0[","[-4000,0[","[-10000,0[",<0,*
-580,"[-1000,-500[","[-1000,0[","[-2000,0[","[-4000,0[","[-10000,0[",<0,*
-579,"[-1000,-500[","[-1000,0[","[-2000,0[","[-4000,0[","[-10000,0[",<0,*
-578,"[-1000,-500[","[-1000,0[","[-2000,0[","[-4000,0[","[-10000,0[",<0,*
-577,"[-1000,-500[","[-1000,0[","[-2000,0[","[-4000,0[","[-10000,0[",<0,*
-576,"[-1000,-500[","[-1000,0[","[-2000,0[","[-4000,0[","[-10000,0[",<0,*
-575,"[-1000,-500[","[-1000,0[","[-2000,0[","[-4000,0[","[-10000,0[",<0,*
-574,"[-1000,-500[","[-1000,0[","[-2000,0[","[-4000,0[","[-10000,0[",<0,*
-572,"[-1000,-500[","[-1000,0[","[-2000,0[","[-4000,0[","[-10000,0[",<0,*
-571,"[-1000,-500[","[-1000,0[","[-2000,0[","[-4000,0[","[-10000,0[",<0,*
-570,"[-1000,-500[","[-1000,0[","[-2000,0[","[-4000,0[","[-10000,0[",<0,*
-569,"[-1000,-500[","[-1000,0[","[-2000,0[","[-4000,0[","[-10000,0[",<0,*
-568,"[-1000,-500[","[-1000,0[","[-2000,0[","[-4000,0[","[-10000,0[",<0,*
-566,"[-1000,-500[","[-1000,0[","[-2000,0[","[-4000,0[","[-10000,0[",<0,*
-565,"[-1000,-500[","[-1000,0[","[-2000,0[","[-4000,0[","[-10000,0[",<0,*
-564,"[-1000,-500[","[-1000,0[","[-2000,0[","[-4000,0[","[-10000,0[",<0,*
-563,"[-1000,-500[","[-1000,0[","[-2000,0[","[-4000,0[","[-10000,0[",<0,*
-562,"[-1000,-500[","[-1000,0[","[-2000,0[","[-4000,0[","[-10000,0[",<0,*
-560,"[-1000,-500[","[-1000,0[","[-2000,0[","[-4000,0[","[-10000,0[",<0,*
-559,"[-1000,-500[","[-1000,0[","[-2000,0[","[-4000,0[","[-10000,0[",<0,*
-558,"[-1000,-500[","[-1000,0[","[-2000,0[","[-4000,0[","[-10000,0[",<0,*
-557,"[-1000,-500[","[-1000,0[","[-2000,0[","[-4000,0[","[-10000,0[",<0,*
-556,"[-1000,-500[","[-1000,0[","[-2000,0[","[-4000,0[","[-10000,0[",<0,*
-555,"[-1000,-500[","[-1000,0[","[-2000,0[","[-4000,0[","[-10000,0[",<0,*
-554,"[-1000,-500[","[-1000,0[","[-2000,0[","[-4000,0[","[-10000,0[",<0,*
-553,"[-1000,-500[","[-1000,0[","[-2000,0[","[-4000,0[","[-10000,0[",<0,*
-552,"[-1000,-500[","[-1000,0[","[-2000,0[","[-4000,0[","[-10000,0[",<0,*
-551,"[-1000,-500[","[-1000,0[","[-2000,0[","[-4000,0[","[-10000,0[",<0,*
-550,"[-1000,-500[","[-1000,0[","[-2000,0[","[-4000,0[","[-10000,0[",<0,*
-549,"[-1000,-500[","[-1000,0[","[-2000,0[","[-4000,0[","[-10000,0[",<0,*
-548,"[-1000,-500[","[-1000,0[","[-2000,0[","[-4000,0[","[-10000,0[",<0,*
-547,"[-1000,-500[","[-1000,0[","[-2000,0[","[-4000,0[","[-10000,0[",<0,*
-546,"[-1000,-500[","[-1000,0[","[-2000,0[","[-4000,0[","[-10000,0[",<0,*
-545,"[-1000,-500[","[-1000,0[","[-2000,0[","[-4000,0[","[-10000,0[",<0,*
-544,"[-1000,-500[","[-1000,0[","[-2000,0[","[-4000,0[","[-10000,0[",<0,*
-542,"[-1000,-500[","[-1000,0[","[-2000,0[","[-4000,0[","[-10000,0[",<0,*
-541,"[-1000,-500[","[-1000,0[","[-2000,0[","[-4000,0[","[-10000,0[",<0,*
-540,"[-1000,-500[","[-1000,0[","[-2000,0[","[-4000,0[","[-10000,0[",<0,*
-538,"[-1000,-500[","[-1000,0[","[-2000,0[","[-4000,0[","[-10000,0[",<0,*
-537,"[-1000,-500[","[-1000,0[","[-2000,0[","[-4000,0[","[-10000,0[",<0,*
-535,"[-1000,-500[","[-1000,0[","[-2000,0[","[-4000,0[","[-10000,0[",<0,*
-534,"[-1000,-500[","[-1000,0[","[-2000,0[","[-4000,0[","[-10000,0[",<0,*
-533,"[-1000,-500[","[-1000,0[","[-2000,0[","[-4000,0[","[-10000,0[",<0,*
-532,"[-1000,-500[","[-1000,0[","[-2000,0[","[-4000,0[","[-10000,0[",<0,*
-531,"[-1000,-500[","[-1000,0[","[-2000,0[","[-4000,0[","[-10000,0[",<0,*
-530,"[-1000,-500[","[-1000,0[","[-2000,0[","[-4000,0[","[-10000,0[",<0,*
-529,"[-1000,-500[","[-1000,0[","[-2000,0[","[-4000,0[","[-10000,0[",<0,*
-528,"[-1000,-500[","[-1000,0[","[-2000,0[","[-4000,0[","[-10000,0[",<0,*
-527,"[-1000,-500[","[-1000,0[","[-2000,0[","[-4000,0[","[-10000,0[",<0,*
-526,"[-1000,-500[","[-1000,0[","[-2000,0[","[-4000,0[","[-10000,0[",<0,*
-525,"[-1000,-500[","[-1000,0[","[-2000,0[","[-4000,0[","[-10000,0[",<0,*
-524,"[-1000,-500[","[-1000,0[","[-2000,0[","[-4000,0[","[-10000,0[",<0,*
-523,"[-1000,-500[","[-1000,0[","[-2000,0[","[-4000,0[","[-10000,0[",<0,*
-522,"[-1000,-500[","[-1000,0[","[-2000,0[","[-4000,0[","[-10000,0[",<0,*
-521,"[-1000,-500[","[-1000,0[","[-2000,0[","[-4000,0[","[-10000,0[",<0,*
-519,"[-1000,-500[","[-1000,0[","[-2000,0[","[-4000,0[","[-10000,0[",<0,*
-518,"[-1000,-500[","[-1000,0[","[-2000,0[","[-4000,0[","[-10000,0[",<0,*
-517,"[-1000,-500[","[-1000,0[","[-2000,0[","[-4000,0[","[-10000,0[",<0,*
-516,"[-1000,-500[","[-1000,0[","[-2000,0[","[-4000,0[","[-10000,0[",<0,*
-515,"[-1000,-500[","[-1000,0[","[-2000,0[","[-4000,0[","[-10000,0[",<0,*
-513,"[-1000,-500[","[-1000,0[","[-2000,0[","[-4000,0[","[-10000,0[",<0,*
-512,"[-1000,-500[","[-1000,0[","[-2000,0[","[-4000,0[","[-10000,0[",<0,*
-511,"[-1000,-500[","[-1000,0[","[-2000,0[","[-4000,0[","[-10000,0[",<0,*
-510,"[-1000,-500[","[-1000,0[","[-2000,0[","[-4000,0[","[-10000,0[",<0,*
-509,"[-1000,-500[","[-1000,0[","[-2000,0[","[-4000,0[","[-10000,0[",<0,*
-508,"[-1000,-500[","[-1000,0[","[-2000,0[","[-4000,0[","[-10000,0[",<0,*
-507,"[-1000,-500[","[-1000,0[","[-2000,0[","[-4000,0[","[-10000,0[",<0,*
-506,"[-1000,-500[","[-1000,0[","[-2000,0[","[-4000,0[","[-10000,0[",<0,*
-505,"[-1000,-500[","[-1000,0[","[-2000,0[","[-4000,0[","[-10000,0[",<0,*
-504,"[-1000,-500[","[-1000,0[","[-2000,0[","[-4000,0[","[-10000,0[",<0,*
-503,"[-1000,-500[","[-1000,0[","[-2000,0[","[-4000,0[","[-10000,0[",<0,*
-502,"[-1000,-500[","[-1000,0[","[-2000,0[","[-4000,0[","[-10000,0[",<0,*
-501,"[-1000,-500[","[-1000,0[","[-2000,0[","[-4000,0[","[-10000,0[",<0,*
-500,"[-500,0[","[-1000,0[","[-2000,0[","[-4000,0[","[-10000,0[",<0,*
-499,"[-500,0[","[-1000,0[","[-2000,0[","[-4000,0[","[-10000,0[",<0,*
-498,"[-500,0[","[-1000,0[","[-2000,0[","[-4000,0[","[-10000,0[",<0,*
-497,"[-500,0[","[-1000,0[","[-2000,0[","[-4000,0[","[-10000,0[",<0,*
-496,"[-500,0[","[-1000,0[","[-2000,0[","[-4000,0[","[-10000,0[",<0,*
-495,"[-500,0[","[-1000,0[","[-2000,0[","[-4000,0[","[-10000,0[",<0,*
-494,"[-500,0[","[-1000,0[","[-2000,0[","[-4000,0[","[-10000,0[",<0,*
-493,"[-500,0[","[-1000,0[","[-2000,0[","[-4000,0[","[-10000,0[",<0,*
-492,"[-500,0[","[-1000,0[","[-2000,0[","[-4000,0[","[-10000,0[",<0,*
-491,"[-500,0[","[-1000,0[","[-2000,0[","[-4000,0[","[-10000,0[",<0,*
-490,"[-500,0[","[-1000,0[","[-2000,0[","[-4000,0[","[-10000,0[",<0,*
-489,"[-500,0[","[-1000,0[","[-2000,0[","[-4000,0[","[-10000,0[",<0,*
-488,"[-500,0[","[-1000,0[","[-2000,0[","[-4000,0[","[-10000,0[",<0,*
-487,"[-500,0[","[-1000,0[","[-2000,0[","[-4000,0[","[-10000,0[",<0,*
-485,"[-500,0[","[-1000,0[","[-2000,0[","[-4000,0[","[-10000,0[",<0,*
-483,"[-500,0[","[-1000,0[","[-2000,0[","[-4000,0[","[-10000,0[",<0,*
-482,"[-500,0[","[-1000,0[","[-2000,0[","[-4000,0[","[-10000,0[",<0,*
-481,"[-500,0[","[-1000,0[","[-2000,0[","[-4000,0[","[-10000,0[",<0,*
-480,"[-500,0[","[-1000,0[","[-2000,0[","[-4000,0[","[-10000,0[",<0,*
-479,"[-500,0[","[-1000,0[","[-2000,0[","[-4000,0[","[-10000,0[",<0,*
-478,"[-500,0[","[-1000,0[","[-2000,0[","[-4000,0[","[-10000,0[",<0,*
-477,"[-500,0[","[-1000,0[","[-2000,0[","[-4000,0[","[-10000,0[",<0,*
-476,"[-500,0[","[-1000,0[","[-2000,0[","[-4000,0[","[-10000,0[",<0,*
-475,"[-500,0[","[-1000,0[","[-2000,0[","[-4000,0[","[-10000,0[",<0,*
-474,"[-500,0[","[-1000,0[","[-2000,0[","[-4000,0[","[-10000,0[",<0,*
-473,"[-500,0[","[-1000,0[","[-2000,0[","[-4000,0[","[-10000,0[",<0,*
-472,"[-500,0[","[-1000,0[","[-2000,0[","[-4000,0[","[-10000,0[",<0,*
-471,"[-500,0[","[-1000,0[","[-2000,0[","[-4000,0[","[-10000,0[",<0,*
-470,"[-500,0[","[-1000,0[","[-2000,0[","[-4000,0[","[-10000,0[",<0,*
-469,"[-500,0[","[-1000,0[","[-2000,0[","[-4000,0[","[-10000,0[",<0,*
-468,"[-500,0[","[-1000,0[","[-2000,0[","[-4000,0[","[-10000,0[",<0,*
-467,"[-500,0[","[-1000,0[","[-2000,0[","[-4000,0[","[-10000,0[",<0,*
-466,"[-500,0[","[-1000,0[","[-2000,0[","[-4000,0[","[-10000,0[",<0,*
-465,"[-500,0[","[-1000,0[","[-2000,0[","[-4000,0[","[-10000,0[",<0,*
-464,"[-500,0[","[-1000,0[","[-2000,0[","[-4000,0[","[-10000,0[",<0,*
-463,"[-500,0[","[-1000,0[","[-2000,0[","[-4000,0[","[-10000,0[",<0,*
-462,"[-500,0[","[-1000,0[","[-2000,0[","[-4000,0[","[-10000,0[",<0,*
-461,"[-500,0[","[-1000,0[","[-2000,0[","[-4000,0[","[-10000,0[",<0,*
-460,"[-500,0[","[-1000,0[","[-2000,0[","[-4000,0[","[-10000,0[",<0,*
-459,"[-500,0[","[-1000,0[","[-2000,0[","[-4000,0[","[-10000,0[",<0,*
-458,"[-500,0[","[-1000,0[","[-2000,0[","[-4000,0[","[-10000,0[",<0,*
-457,"[-500,0[","[-1000,0[","[-2000,0[","[-4000,0[","[-10000,0[",<0,*
-456,"[-500,0[","[-1000,0[","[-2000,0[","[-4000,0[","[-10000,0[",<0,*
-455,"[-500,0[","[-1000,0[","[-2000,0[","[-4000,0[","[-10000,0[",<0,*
-454,"[-500,0[","[-1000,0[","[-2000,0[","[-4000,0[","[-10000,0[",<0,*
-453,"[-500,0[","[-1000,0[","[-2000,0[","[-4000,0[","[-10000,0[",<0,*
-452,"[-500,0[","[-1000,0[","[-2000,0[","[-4000,0[","[-10000,0[",<0,*
-451,"[-500,0[","[-1000,0[","[-2000,0[","[-4000,0[","[-10000,0[",<0,*
-450,"[-500,0[","[-1000,0[","[-2000,0[","[-4000,0[","[-10000,0[",<0,*
-449,"[-500,0[","[-1000,0[","[-2000,0[","[-4000,0[","[-10000,0[",<0,*
-448,"[-500,0[","[-1000,0[","[-2000,0[","[-4000,0[","[-10000,0[",<0,*
-447,"[-500,0[","[-1000,0[","[-2000,0[","[-4000,0[","[-10000,0[",<0,*
-446,"[-500,0[","[-1000,0[","[-2000,0[","[-4000,0[","[-10000,0[",<0,*
-444,"[-500,0[","[-1000,0[","[-2000,0[","[-4000,0[","[-10000,0[",<0,*
-443,"[-500,0[","[-1000,0[","[-2000,0[","[-4000,0[","[-10000,0[",<0,*
-442,"[-500,0[","[-1000,0[","[-2000,0[","[-4000,0[","[-10000,0[",<0,*
-441,"[-500,0[","[-1000,0[","[-2000,0[","[-4000,0[","[-10000,0[",<0,*
-440,"[-500,0[","[-1000,0[","[-2000,0[","[-4000,0[","[-10000,0[",<0,*
-439,"[-500,0[","[-1000,0[","[-2000,0[","[-4000,0[","[-10000,0[",<0,*
-438,"[-500,0[","[-1000,0[","[-2000,0[","[-4000,0[","[-10000,0[",<0,*
-437,"[-500,0[","[-1000,0[","[-2000,0[","[-4000,0[","[-10000,0[",<0,*
-436,"[-500,0[","[-1000,0[","[-2000,0[","[-4000,0[","[-10000,0[",<0,*
-435,"[-500,0[","[-1000,0[","[-2000,0[","[-4000,0[","[-10000,0[",<0,*
-433,"[-500,0[","[-1000,0[","[-2000,0[","[-4000,0[","[-10000,0[",<0,*
-432,"[-500,0[","[-1000,0[","[-2000,0[","[-4000,0[","[-10000,0[",<0,*
-431,"[-500,0[","[-1000,0[","[-2000,0[","[-4000,0[","[-10000,0[",<0,*
-430,"[-500,0[","[-1000,0[","[-2000,0[","[-4000,0[","[-10000,0[",<0,*
-429,"[-500,0[","[-1000,0[","[-2000,0[","[-4000,0[","[-10000,0[",<0,*
-428,"[-500,0[","[-1000,0[","[-2000,0[","[-4000,0[","[-10000,0[",<0,*
-427,"[-500,0[","[-1000,0[","[-2000,0[","[-4000,0[","[-10000,0[",<0,*
-426,"[-500,0[","[-1000,0[","[-2000,0[","[-4000,0[","[-10000,0[",<0,*
-424,"[-500,0[","[-1000,0[","[-2000,0[","[-4000,0[","[-10000,0[",<0,*
-423,"[-500,0[","[-1000,0[","[-2000,0[","[-4000,0[","[-10000,0[",<0,*
-422,"[-500,0[","[-1000,0[","[-2000,0[","[-4000,0[","[-10000,0[",<0,*
-421,"[-500,0[","[-1000,0[","[-2000,0[","[-4000,0[","[-10000,0[",<0,*
-420,"[-500,0[","[-1000,0[","[-2000,0[","[-4000,0[","[-10000,0[",<0,*
-418,"[-500,0[","[-1000,0[","[-2000,0[","[-4000,0[","[-10000,0[",<0,*
-417,"[-500,0[","[-1000,0[","[-2000,0[","[-4000,0[","[-10000,0[",<0,*
-416,"[-500,0[","[-1000,0[","[-2000,0[","[-4000,0[","[-10000,0[",<0,*
-415,"[-500,0[","[-1000,0[","[-2000,0[","[-4000,0[","[-10000,0[",<0,*
-414,"[-500,0[","[-1000,0[","[-2000,0[","[-4000,0[","[-10000,0[",<0,*
-413,"[-500,0[","[-1000,0[","[-2000,0[","[-4000,0[","[-10000,0[",<0,*
-412,"[-500,0[","[-1000,0[","[-2000,0[","[-4000,0[","[-10000,0[",<0,*
-411,"[-500,0[","[-1000,0[","[-2000,0[","[-4000,0[","[-10000,0[",<0,*
-410,"[-500,0[","[-1000,0[","[-2000,0[","[-4000,0[","[-10000,0[",<0,*
-409,"[-500,0[","[-1000,0[","[-2000,0[","[-4000,0[","[-10000,0[",<0,*
-408,"[-500,0[","[-1000,0[","[-2000,0[","[-4000,0[","[-10000,0[",<0,*
-407,"[-500,0[","[-1000,0[","[-2000,0[","[-4000,0[","[-10000,0[",<0,*
-406,"[-500,0[","[-1000,0[","[-2000,0[","[-4000,0[","[-10000,0[",<0,*
-405,"[-500,0[","[-1000,0[","[-2000,0[","[-4000,0[","[-10000,0[",<0,*
-404,"[-500,0[","[-1000,0[","[-2000,0[","[-4000,0[","[-10000,0[",<0,*
-403,"[-500,0[","[-1000,0[","[-2000,0[","[-4000,0[","[-10000,0[",<0,*
-402,"[-500,0[","[-1000,0[","[-2000,0[","[-4000,0[","[-10000,0[",<0,*
-401,"[-500,0[","[-1000,0[","[-2000,0[","[-4000,0[","[-10000,0[",<0,*
-400,"[-500,0[","[-1000,0[","[-2000,0[","[-4000,0[","[-10000,0[",<0,*
-399,"[-500,0[","[-1000,0[","[-2000,0[","[-4000,0[","[-10000,0[",<0,*
-398,"[-500,0[","[-1000,0[","[-2000,0[","[-4000,0[","[-10000,0[",<0,*
-397,"[-500,0[","[-1000,0[","[-2000,0[","[-4000,0[","[-10000,0[",<0,*
-396,"[-500,0[","[-1000,0[","[-2000,0[","[-4000,0[","[-10000,0[",<0,*
-395,"[-500,0[","[-1000,0[","[-2000,0[","[-4000,0[","[-10000,0[",<0,*
-394,"[-500,0[","[-1000,0[","[-2000,0[","[-4000,0[","[-10000,0[",<0,*
-393,"[-500,0[","[-1000,0[","[-2000,0[","[-4000,0[","[-10000,0[",<0,*
-392,"[-500,0[","[-1000,0[","[-2000,0[","[-4000,0[","[-10000,0[",<0,*
-391,"[-500,0[","[-1000,0[","[-2000,0[","[-4000,0[","[-10000,0[",<0,*
-390,"[-500,0[","[-1000,0[","[-2000,0[","[-4000,0[","[-10000,0[",<0,*
-389,"[-500,0[","[-1000,0[","[-2000,0[","[-4000,0[","[-10000,0[",<0,*
-388,"[-500,0[","[-1000,0[","[-2000,0[","[-4000,0[","[-10000,0[",<0,*
-386,"[-500,0[","[-1000,0[","[-2000,0[","[-4000,0[","[-10000,0[",<0,*
-385,"[-500,0[","[-1000,0[","[-2000,0[","[-4000,0[","[-10000,0[",<0,*
-384,"[-500,0[","[-1000,0[","[-2000,0[","[-4000,0[","[-10000,0[",<0,*
-383,"[-500,0[","[-1000,0[","[-2000,0[","[-4000,0[","[-10000,0[",<0,*
-382,"[-500,0[","[-1000,0[","[-2000,0[","[-4000,0[","[-10000,0[",<0,*
-381,"[-500,0[","[-1000,0[","[-2000,0[","[-4000,0[","[-10000,0[",<0,*
-380,"[-500,0[","[-1000,0[","[-2000,0[","[-4000,0[","[-10000,0[",<0,*
-379,"[-500,0[","[-1000,0[","[-2000,0[","[-4000,0[","[-10000,0[",<0,*
-378,"[-500,0[","[-1000,0[","[-2000,0[","[-4000,0[","[-10000,0[",<0,*
-376,"[-500,0[","[-1000,0[","[-2000,0[","[-4000,0[","[-10000,0[",<0,*
-375,"[-500,0[","[-1000,0[","[-2000,0[","[-4000,0[","[-10000,0[",<0,*
-374,"[-500,0[","[-1000,0[","[-2000,0[","[-4000,0[","[-10000,0[",<0,*
-372,"[-500,0[","[-1000,0[","[-2000,0[","[-4000,0[","[-10000,0[",<0,*
-371,"[-500,0[","[-1000,0[","[-2000,0[","[-4000,0[","[-10000,0[",<0,*
-370,"[-500,0[","[-1000,0[","[-2000,0[","[-4000,0[","[-10000,0[",<0,*
-369,"[-500,0[","[-1000,0[","[-2000,0[","[-4000,0[","[-10000,0[",<0,*
-368,"[-500,0[","[-1000,0[","[-2000,0[","[-4000,0[","[-10000,0[",<0,*
-367,"[-500,0[","[-1000,0[","[-2000,0[","[-4000,0[","[-10000,0[",<0,*
-366,"[-500,0[","[-1000,0[","[-2000,0[","[-4000,0[","[-10000,0[",<0,*
-365,"[-500,0[","[-1000,0[","[-2000,0[","[-4000,0[","[-10000,0[",<0,*
-364,"[-500,0[","[-1000,0[","[-2000,0[","[-4000,0[","[-10000,0[",<0,*
-363,"[-500,0[","[-1000,0[","[-2000,0[","[-4000,0[","[-10000,0[",<0,*
-362,"[-500,0[","[-1000,0[","[-2000,0[","[-4000,0[","[-10000,0[",<0,*
-361,"[-500,0[","[-1000,0[","[-2000,0[","[-4000,0[","[-10000,0[",<0,*
-360,"[-500,0[","[-1000,0[","[-2000,0[","[-4000,0[","[-10000,0[",<0,*
-359,"[-500,0[","[-1000,0[","[-2000,0[","[-4000,0[","[-10000,0[",<0,*
-358,"[-500,0[","[-1000,0[","[-2000,0[","[-4000,0[","[-10000,0[",<0,*
-357,"[-500,0[","[-1000,0[","[-2000,0[","[-4000,0[","[-10000,0[",<0,*
-356,"[-500,0[","[-1000,0[","[-2000,0[","[-4000,0[","[-10000,0[",<0,*
-355,"[-500,0[","[-1000,0[","[-2000,0[","[-4000,0[","[-10000,0[",<0,*
-354,"[-500,0[","[-1000,0[","[-2000,0[","[-4000,0[","[-10000,0[",<0,*
-353,"[-500,0[","[-1000,0[","[-2000,0[","[-4000,0[","[-10000,0[",<0,*
-352,"[-500,0[","[-1000,0[","[-2000,0[","[-4000,0[","[-10000,0[",<0,*
-350,"[-500,0[","[-1000,0[","[-2000,0[","[-4000,0[","[-10000,0[",<0,*
-349,"[-500,0[","[-1000,0[","[-2000,0[","[-4000,0[","[-10000,0[",<0,*
-348,"[-500,0[","[-1000,0[","[-2000,0[","[-4000,0[","[-10000,0[",<0,*
-347,"[-500,0[","[-1000,0[","[-2000,0[","[-4000,0[","[-10000,0[",<0,*
-346,"[-500,0[","[-1000,0[","[-2000,0[","[-4000,0[","[-10000,0[",<0,*
-345,"[-500,0[","[-1000,0[","[-2000,0[","[-4000,0[","[-10000,0[",<0,*
-344,"[-500,0[","[-1000,0[","[-2000,0[","[-4000,0[","[-10000,0[",<0,*
-343,"[-500,0[","[-1000,0[","[-2000,0[","[-4000,0[","[-10000,0[",<0,*
-342,"[-500,0[","[-1000,0[","[-2000,0[","[-4000,0[","[-10000,0[",<0,*
-341,"[-500,0[","[-1000,0[","[-2000,0[","[-4000,0[","[-10000,0[",<0,*
-340,"[-500,0[","[-1000,0[","[-2000,0[","[-4000,0[","[-10000,0[",<0,*
-339,"[-500,0[","[-1000,0[","[-2000,0[","[-4000,0[","[-10000,0[",<0,*
-338,"[-500,0[","[-1000,0[","[-2000,0[","[-4000,0[","[-10000,0[",<0,*
-337,"[-500,0[","[-1000,0[","[-2000,0[","[-4000,0[","[-10000,0[",<0,*
-336,"[-500,0[","[-1000,0[","[-2000,0[","[-4000,0[","[-10000,0[",<0,*
-335,"[-500,0[","[-1000,0[","[-2000,0[","[-4000,0[","[-10000,0[",<0,*
-334,"[-500,0[","[-1000,0[","[-2000,0[","[-4000,0[","[-10000,0[",<0,*
-333,"[-500,0[","[-1000,0[","[-2000,0[","[-4000,0[","[-10000,0[",<0,*
-332,"[-500,0[","[-1000,0[","[-2000,0[","[-4000,0[","[-10000,0[",<0,*
-331,"[-500,0[","[-1000,0[","[-2000,0[","[-4000,0[","[-10000,0[",<0,*
-330,"[-500,0[","[-1000,0[","[-2000,0[","[-4000,0[","[-10000,0[",<0,*
-329,"[-500,0[","[-1000,0[","[-2000,0[","[-4000,0[","[-10000,0[",<0,*
-328,"[-500,0[","[-1000,0[","[-2000,0[","[-4000,0[","[-10000,0[",<0,*
-327,"[-500,0[","[-1000,0[","[-2000,0[","[-4000,0[","[-10000,0[",<0,*
-326,"[-500,0[","[-1000,0[","[-2000,0[","[-4000,0[","[-10000,0[",<0,*
-325,"[-500,0[","[-1000,0[","[-2000,0[","[-4000,0[","[-10000,0[",<0,*
-324,"[-500,0[","[-1000,0[","[-2000,0[","[-4000,0[","[-10000,0[",<0,*
-323,"[-500,0[","[-1000,0[","[-2000,0[","[-4000,0[","[-10000,0[",<0,*
-322,"[-500,0[","[-1000,0[","[-2000,0[","[-4000,0[","[-10000,0[",<0,*
-321,"[-500,0[","[-1000,0[","[-2000,0[","[-4000,0[","[-10000,0[",<0,*
-320,"[-500,0[","[-1000,0[","[-2000,0[","[-4000,0[","[-10000,0[",<0,*
-319,"[-500,0[","[-1000,0[","[-2000,0[","[-4000,0[","[-10000,0[",<0,*
-318,"[-500,0[","[-1000,0[","[-2000,0[","[-4000,0[","[-10000,0[",<0,*
-317,"[-500,0[","[-1000,0[","[-2000,0[","[-4000,0[","[-10000,0[",<0,*
-315,"[-500,0[","[-1000,0[","[-2000,0[","[-4000,0[","[-10000,0[",<0,*
-314,"[-500,0[","[-1000,0[","[-2000,0[","[-4000,0[","[-10000,0[",<0,*
-313,"[-500,0[","[-1000,0[","[-2000,0[","[-4000,0[","[-10000,0[",<0,*
-312,"[-500,0[","[-1000,0[","[-2000,0[","[-4000,0[","[-10000,0[",<0,*
-311,"[-500,0[","[-1000,0[","[-2000,0[","[-4000,0[","[-10000,0[",<0,*
-310,"[-500,0[","[-1000,0[","[-2000,0[","[-4000,0[","[-10000,0[",<0,*
-309,"[-500,0[","[-1000,0[","[-2000,0[","[-4000,0[","[-10000,0[",<0,*
-308,"[-500,0[","[-1000,0[","[-2000,0[","[-4000,0[","[-10000,0[",<0,*
-307,"[-500,0[","[-1000,0[","[-2000,0[","[-4000,0[","[-10000,0[",<0,*
-306,"[-500,0[","[-1000,0[","[-2000,0[","[-4000,0[","[-10000,0[",<0,*
-305,"[-500,0[","[-1000,0[","[-2000,0[","[-4000,0[","[-10000,0[",<0,*
-304,"[-500,0[","[-1000,0[","[-2000,0[","[-4000,0[","[-10000,0[",<0,*
-303,"[-500,0[","[-1000,0[","[-2000,0[","[-4000,0[","[-10000,0[",<0,*
-302,"[-500,0[","[-1000,0[","[-2000,0[","[-4000,0[","[-10000,0[",<0,*
-301,"[-500,0[","[-1000,0[","[-2000,0[","[-4000,0[","[-10000,0[",<0,*
-300,"[-500,0[","[-1000,0[","[-2000,0[","[-4000,0[","[-10000,0[",<0,*
-299,"[-500,0[","[-1000,0[","[-2000,0[","[-4000,0[","[-10000,0[",<0,*
-298,"[-500,0[","[-1000,0[","[-2000,0[","[-4000,0[","[-10000,0[",<0,*
-297,"[-500,0[","[-1000,0[","[-2000,0[","[-4000,0[","[-10000,0[",<0,*
-296,"[-500,0[","[-1000,0[","[-2000,0[","[-4000,0[","[-10000,0[",<0,*
-295,"[-500,0[","[-1000,0[","[-2000,0[","[-4000,0[","[-10000,0[",<0,*
-294,"[-500,0[","[-1000,0[","[-2000,0[","[-4000,0[","[-10000,0[",<0,*
-293,"[-500,0[","[-1000,0[","[-2000,0[","[-4000,0[","[-10000,0[",<0,*
-292,"[-500,0[","[-1000,0[","[-2000,0[","[-4000,0[","[-10000,0[",<0,*
-291,"[-500,0[","[-1000,0[","[-2000,0[","[-4000,0[","[-10000,0[",<0,*
-290,"[-500,0[","[-1000,0[","[-2000,0[","[-4000,0[","[-10000,0[",<0,*
-289,"[-500,0[","[-1000,0[","[-2000,0[","[-4000,0[","[-10000,0[",<0,*
-288,"[-500,0[","[-1000,0[","[-2000,0[","[-4000,0[","[-10000,0[",<0,*
-287,"[-500,0[","[-1000,0[","[-2000,0[","[-4000,0[","[-10000,0[",<0,*
-286,"[-500,0[","[-1000,0[","[-2000,0[","[-4000,0[","[-10000,0[",<0,*
-285,"[-500,0[","[-1000,0[","[-2000,0[","[-4000,0[","[-10000,0[",<0,*
-284,"[-500,0[","[-1000,0[","[-2000,0[","[-4000,0[","[-10000,0[",<0,*
-283,"[-500,0[","[-1000,0[","[-2000,0[","[-4000,0[","[-10000,0[",<0,*
-282,"[-500,0[","[-1000,0[","[-2000,0[","[-4000,0[","[-10000,0[",<0,*
-281,"[-500,0[","[-1000,0[","[-2000,0[","[-4000,0[","[-10000,0[",<0,*
-280,"[-500,0[","[-1000,0[","[-2000,0[","[-4000,0[","[-10000,0[",<0,*
-279,"[-500,0[","[-1000,0[","[-2000,0[","[-4000,0[","[-10000,0[",<0,*
-278,"[-500,0[","[-1000,0[","[-2000,0[","[-4000,0[","[-10000,0[",<0,*
-277,"[-500,0[","[-1000,0[","[-2000,0[","[-4000,0[","[-10000,0[",<0,*
-276,"[-500,0[","[-1000,0[","[-2000,0[","[-4000,0[","[-10000,0[",<0,*
-275,"[-500,0[","[-1000,0[","[-2000,0[","[-4000,0[","[-10000,0[",<0,*
-274,"[-500,0[","[-1000,0[","[-2000,0[","[-4000,0[","[-10000,0[",<0,*
-273,"[-500,0[","[-1000,0[","[-2000,0[","[-4000,0[","[-10000,0[",<0,*
-272,"[-500,0[","[-1000,0[","[-2000,0[","[-4000,0[","[-10000,0[",<0,*
-271,"[-500,0[","[-1000,0[","[-2000,0[","[-4000,0[","[-10000,0[",<0,*
-269,"[-500,0[","[-1000,0[","[-2000,0[","[-4000,0[","[-10000,0[",<0,*
-268,"[-500,0[","[-1000,0[","[-2000,0[","[-4000,0[","[-10000,0[",<0,*
-267,"[-500,0[","[-1000,0[","[-2000,0[","[-4000,0[","[-10000,0[",<0,*
-266,"[-500,0[","[-1000,0[","[-2000,0[","[-4000,0[","[-10000,0[",<0,*
-265,"[-500,0[","[-1000,0[","[-2000,0[","[-4000,0[","[-10000,0[",<0,*
-264,"[-500,0[","[-1000,0[","[-2000,0[","[-4000,0[","[-10000,0[",<0,*
-263,"[-500,0[","[-1000,0[","[-2000,0[","[-4000,0[","[-10000,0[",<0,*
-262,"[-500,0[","[-1000,0[","[-2000,0[","[-4000,0[","[-10000,0[",<0,*
-261,"[-500,0[","[-1000,0[","[-2000,0[","[-4000,0[","[-10000,0[",<0,*
-260,"[-500,0[","[-1000,0[","[-2000,0[","[-4000,0[","[-10000,0[",<0,*
-259,"[-500,0[","[-1000,0[","[-2000,0[","[-4000,0[","[-10000,0[",<0,*
-258,"[-500,0[","[-1000,0[","[-2000,0[","[-4000,0[","[-10000,0[",<0,*
-257,"[-500,0[","[-1000,0[","[-2000,0[","[-4000,0[","[-10000,0[",<0,*
-256,"[-500,0[","[-1000,0[","[-2000,0[","[-4000,0[","[-10000,0[",<0,*
-255,"[-500,0[","[-1000,0[","[-2000,0[","[-4000,0[","[-10000,0[",<0,*
-254,"[-500,0[","[-1000,0[","[-2000,0[","[-4000,0[","[-10000,0[",<0,*
-253,"[-500,0[","[-1000,0[","[-2000,0[","[-4000,0[","[-10000,0[",<0,*
-252,"[-500,0[","[-1000,0[","[-2000,0[","[-4000,0[","[-10000,0[",<0,*
-251,"[-500,0[","[-1000,0[","[-2000,0[","[-4000,0[","[-10000,0[",<0,*
-250,"[-500,0[","[-1000,0[","[-2000,0[","[-4000,0[","[-10000,0[",<0,*
-249,"[-500,0[","[-1000,0[","[-2000,0[","[-4000,0[","[-10000,0[",<0,*
-248,"[-500,0[","[-1000,0[","[-2000,0[","[-4000,0[","[-10000,0[",<0,*
-247,"[-500,0[","[-1000,0[","[-2000,0[","[-4000,0[","[-10000,0[",<0,*
-246,"[-500,0[","[-1000,0[","[-2000,0[","[-4000,0[","[-10000,0[",<0,*
-245,"[-500,0[","[-1000,0[","[-2000,0[","[-4000,0[","[-10000,0[",<0,*
-244,"[-500,0[","[-1000,0[","[-2000,0[","[-4000,0[","[-10000,0[",<0,*
-243,"[-500,0[","[-1000,0[","[-2000,0[","[-4000,0[","[-10000,0[",<0,*
-242,"[-500,0[","[-1000,0[","[-2000,0[","[-4000,0[","[-10000,0[",<0,*
-241,"[-500,0[","[-1000,0[","[-2000,0[","[-4000,0[","[-10000,0[",<0,*
-240,"[-500,0[","[-1000,0[","[-2000,0[","[-4000,0[","[-10000,0[",<0,*
-239,"[-500,0[","[-1000,0[","[-2000,0[","[-4000,0[","[-10000,0[",<0,*
-238,"[-500,0[","[-1000,0[","[-2000,0[","[-4000,0[","[-10000,0[",<0,*
-237,"[-500,0[","[-1000,0[","[-2000,0[","[-4000,0[","[-10000,0[",<0,*
-236,"[-500,0[","[-1000,0[","[-2000,0[","[-4000,0[","[-10000,0[",<0,*
-235,"[-500,0[","[-1000,0[","[-2000,0[","[-4000,0[","[-10000,0[",<0,*
-234,"[-500,0[","[-1000,0[","[-2000,0[","[-4000,0[","[-10000,0[",<0,*
-233,"[-500,0[","[-1000,0[","[-2000,0[","[-4000,0[","[-10000,0[",<0,*
-232,"[-500,0[","[-1000,0[","[-2000,0[","[-4000,0[","[-10000,0[",<0,*
-231,"[-500,0[","[-1000,0[","[-2000,0[","[-4000,0[","[-10000,0[",<0,*
-230,"[-500,0[","[-1000,0[","[-2000,0[","[-4000,0[","[-10000,0[",<0,*
-229,"[-500,0[","[-1000,0[","[-2000,0[","[-4000,0[","[-10000,0[",<0,*
-228,"[-500,0[","[-1000,0[","[-2000,0[","[-4000,0[","[-10000,0[",<0,*
-227,"[-500,0[","[-1000,0[","[-2000,0[","[-4000,0[","[-10000,0[",<0,*
-226,"[-500,0[","[-1000,0[","[-2000,0[","[-4000,0[","[-10000,0[",<0,*
-225,"[-500,0[","[-1000,0[","[-2000,0[","[-4000,0[","[-10000,0[",<0,*
-224,"[-500,0[","[-1000,0[","[-2000,0[","[-4000,0[","[-10000,0[",<0,*
-223,"[-500,0[","[-1000,0[","[-2000,0[","[-4000,0[","[-10000,0[",<0,*
-222,"[-500,0[","[-1000,0[","[-2000,0[","[-4000,0[","[-10000,0[",<0,*
-221,"[-500,0[","[-1000,0[","[-2000,0[","[-4000,0[","[-10000,0[",<0,*
-220,"[-500,0[","[-1000,0[","[-2000,0[","[-4000,0[","[-10000,0[",<0,*
-219,"[-500,0[","[-1000,0[","[-2000,0[","[-4000,0[","[-10000,0[",<0,*
-218,"[-500,0[","[-1000,0[","[-2000,0[","[-4000,0[","[-10000,0[",<0,*
-217,"[-500,0[","[-1000,0[","[-2000,0[","[-4000,0[","[-10000,0[",<0,*
-216,"[-500,0[","[-1000,0[","[-2000,0[","[-4000,0[","[-10000,0[",<0,*
-215,"[-500,0[","[-1000,0[","[-2000,0[","[-4000,0[","[-10000,0[",<0,*
-214,"[-500,0[","[-1000,0[","[-2000,0[","[-4000,0[","[-10000,0[",<0,*
-213,"[-500,0[","[-1000,0[","[-2000,0[","[-4000,0[","[-10000,0[",<0,*
-212,"[-500,0[","[-1000,0[","[-2000,0[","[-4000,0[","[-10000,0[",<0,*
-211,"[-500,0[","[-1000,0[","[-2000,0[","[-4000,0[","[-10000,0[",<0,*
-210,"[-500,0[","[-1000,0[","[-2000,0[","[-4000,0[","[-10000,0[",<0,*
-209,"[-500,0[","[-1000,0[","[-2000,0[","[-4000,0[","[-10000,0[",<0,*
-208,"[-500,0[","[-1000,0[","[-2000,0[","[-4000,0[","[-10000,0[",<0,*
-207,"[-500,0[","[-1000,0[","[-2000,0[","[-4000,0[","[-10000,0[",<0,*
-206,"[-500,0[","[-1000,0[","[-2000,0[","[-4000,0[","[-10000,0[",<0,*
-205,"[-500,0[","[-1000,0[","[-2000,0[","[-4000,0[","[-10000,0[",<0,*
-204,"[-500,0[","[-1000,0[","[-2000,0[","[-4000,0[","[-10000,0[",<0,*
-203,"[-500,0[","[-1000,0[","[-2000,0[","[-4000,0[","[-10000,0[",<0,*
-202,"[-500,0[","[-1000,0[","[-2000,0[","[-4000,0[","[-10000,0[",<0,*
-201,"[-500,0[","[-1000,0[","[-2000,0[","[-4000,0[","[-10000,0[",<0,*
-200,"[-500,0[","[-1000,0[","[-2000,0[","[-4000,0[","[-10000,0[",<0,*
-199,"[-500,0[","[-1000,0[","[-2000,0[","[-4000,0[","[-10000,0[",<0,*
-198,"[-500,0[","[-1000,0[","[-2000,0[","[-4000,0[","[-10000,0[",<0,*
-197,"[-500,0[","[-1000,0[","[-2000,0[","[-4000,0[","[-10000,0[",<0,*
-196,"[-500,0[","[-1000,0[","[-2000,0[","[-4000,0[","[-10000,0[",<0,*
-195,"[-500,0[","[-1000,0[","[-2000,0[","[-4000,0[","[-10000,0[",<0,*
-194,"[-500,0[","[-1000,0[","[-2000,0[","[-4000,0[","[-10000,0[",<0,*
-193,"[-500,0[","[-1000,0[","[-2000,0[","[-4000,0[","[-10000,0[",<0,*
-192,"[-500,0[","[-1000,0[","[-2000,0[","[-4000,0[","[-10000,0[",<0,*
-191,"[-500,0[","[-1000,0[","[-2000,0[","[-4000,0[","[-10000,0[",<0,*
-190,"[-500,0[","[-1000,0[","[-2000,0[","[-4000,0[","[-10000,0[",<0,*
-189,"[-500,0[","[-1000,0[","[-2000,0[","[-4000,0[","[-10000,0[",<0,*
-188,"[-500,0[","[-1000,0[","[-2000,0[","[-4000,0[","[-10000,0[",<0,*
-187,"[-500,0[","[-1000,0[","[-2000,0[","[-4000,0[","[-10000,0[",<0,*
-186,"[-500,0[","[-1000,0[","[-2000,0[","[-4000,0[","[-10000,0[",<0,*
-185,"[-500,0[","[-1000,0[","[-2000,0[","[-4000,0[","[-10000,0[",<0,*
-184,"[-500,0[","[-1000,0[","[-2000,0[","[-4000,0[","[-10000,0[",<0,*
-183,"[-500,0[","[-1000,0[","[-2000,0[","[-4000,0[","[-10000,0[",<0,*
-182,"[-500,0[","[-1000,0[","[-2000,0[","[-4000,0[","[-10000,0[",<0,*
-181,"[-500,0[","[-1000,0[","[-2000,0[","[-4000,0[","[-10000,0[",<0,*
-180,"[-500,0[","[-1000,0[","[-2000,0[","[-4000,0[","[-10000,0[",<0,*
-179,"[-500,0[","[-1000,0[","[-2000,0[","[-4000,0[","[-10000,0[",<0,*
-178,"[-500,0[","[-1000,0[","[-2000,0[","[-4000,0[","[-10000,0[",<0,*
-177,"[-500,0[","[-1000,0[","[-2000,0[","[-4000,0[","[-10000,0[",<0,*
-176,"[-500,0[","[-1000,0[","[-2000,0[","[-4000,0[","[-10000,0[",<0,*
-175,"[-500,0[","[-1000,0[","[-2000,0[","[-4000,0[","[-10000,0[",<0,*
-174,"[-500,0[","[-1000,0[","[-2000,0[","[-4000,0[","[-10000,0[",<0,*
-173,"[-500,0[","[-1000,0[","[-2000,0[","[-4000,0[","[-10000,0[",<0,*
-172,"[-500,0[","[-1000,0[","[-2000,0[","[-4000,0[","[-10000,0[",<0,*
-171,"[-500,0[","[-1000,0[","[-2000,0[","[-4000,0[","[-10000,0[",<0,*
-170,"[-500,0[","[-1000,0[","[-2000,0[","[-4000,0[","[-10000,0[",<0,*
-169,"[-500,0[","[-1000,0[","[-2000,0[","[-4000,0[","[-10000,0[",<0,*
-168,"[-500,0[","[-1000,0[","[-2000,0[","[-4000,0[","[-10000,0[",<0,*
-167,"[-500,0[","[-1000,0[","[-2000,0[","[-4000,0[","[-10000,0[",<0,*
-166,"[-500,0[","[-1000,0[","[-2000,0[","[-4000,0[","[-10000,0[",<0,*
-165,"[-500,0[","[-1000,0[","[-2000,0[","[-4000,0[","[-10000,0[",<0,*
-164,"[-500,0[","[-1000,0[","[-2000,0[","[-4000,0[","[-10000,0[",<0,*
-163,"[-500,0[","[-1000,0[","[-2000,0[","[-4000,0[","[-10000,0[",<0,*
-162,"[-500,0[","[-1000,0[","[-2000,0[","[-4000,0[","[-10000,0[",<0,*
-161,"[-500,0[","[-1000,0[","[-2000,0[","[-4000,0[","[-10000,0[",<0,*
-160,"[-500,0[","[-1000,0[","[-2000,0[","[-4000,0[","[-10000,0[",<0,*
-159,"[-500,0[","[-1000,0[","[-2000,0[","[-4000,0[","[-10000,0[",<0,*
-158,"[-500,0[","[-1000,0[","[-2000,0[","[-4000,0[","[-10000,0[",<0,*
-157,"[-500,0[","[-1000,0[","[-2000,0[","[-4000,0[","[-10000,0[",<0,*
-156,"[-500,0[","[-1000,0[","[-2000,0[","[-4000,0[","[-10000,0[",<0,*
-155,"[-500,0[","[-1000,0[","[-2000,0[","[-4000,0[","[-10000,0[",<0,*
-154,"[-500,0[","[-1000,0[","[-2000,0[","[-4000,0[","[-10000,0[",<0,*
-153,"[-500,0[","[-1000,0[","[-2000,0[","[-4000,0[","[-10000,0[",<0,*
-152,"[-500,0[","[-1000,0[","[-2000,0[","[-4000,0[","[-10000,0[",<0,*
-151,"[-500,0[","[-1000,0[","[-2000,0[","[-4000,0[","[-10000,0[",<0,*
-150,"[-500,0[","[-1000,0[","[-2000,0[","[-4000,0[","[-10000,0[",<0,*
-149,"[-500,0[","[-1000,0[","[-2000,0[","[-4000,0[","[-10000,0[",<0,*
-148,"[-500,0[","[-1000,0[","[-2000,0[","[-4000,0[","[-10000,0[",<0,*
-147,"[-500,0[","[-1000,0[","[-2000,0[","[-4000,0[","[-10000,0[",<0,*
-146,"[-500,0[","[-1000,0[","[-2000,0[","[-4000,0[","[-10000,0[",<0,*
-145,"[-500,0[","[-1000,0[","[-2000,0[","[-4000,0[","[-10000,0[",<0,*
-144,"[-500,0[","[-1000,0[","[-2000,0[","[-4000,0[","[-10000,0[",<0,*
-143,"[-500,0[","[-1000,0[","[-2000,0[","[-4000,0[","[-10000,0[",<0,*
-142,"[-500,0[","[-1000,0[","[-2000,0[","[-4000,0[","[-10000,0[",<0,*
-141,"[-500,0[","[-1000,0[","[-2000,0[","[-4000,0[","[-10000,0[",<0,*
-140,"[-500,0[","[-1000,0[","[-2000,0[","[-4000,0[","[-10000,0[",<0,*
-139,"[-500,0[","[-1000,0[","[-2000,0[","[-4000,0[","[-10000,0[",<0,*
-138,"[-500,0[","[-1000,0[","[-2000,0[","[-4000,0[","[-10000,0[",<0,*
-137,"[-500,0[","[-1000,0[","[-2000,0[","[-4000,0[","[-10000,0[",<0,*
-136,"[-500,0[","[-1000,0[","[-2000,0[","[-4000,0[","[-10000,0[",<0,*
-135,"[-500,0[","[-1000,0[","[-2000,0[","[-4000,0[","[-10000,0[",<0,*
-134,"[-500,0[","[-1000,0[","[-2000,0[","[-4000,0[","[-10000,0[",<0,*
-133,"[-500,0[","[-1000,0[","[-2000,0[","[-4000,0[","[-10000,0[",<0,*
-132,"[-500,0[","[-1000,0[","[-2000,0[","[-4000,0[","[-10000,0[",<0,*
-131,"[-500,0[","[-1000,0[","[-2000,0[","[-4000,0[","[-10000,0[",<0,*
-130,"[-500,0[","[-1000,0[","[-2000,0[","[-4000,0[","[-10000,0[",<0,*
-129,"[-500,0[","[-1000,0[","[-2000,0[","[-4000,0[","[-10000,0[",<0,*
-128,"[-500,0[","[-1000,0[","[-2000,0[","[-4000,0[","[-10000,0[",<0,*
-127,"[-500,0[","[-1000,0[","[-2000,0[","[-4000,0[","[-10000,0[",<0,*
-126,"[-500,0[","[-1000,0[","[-2000,0[","[-4000,0[","[-10000,0[",<0,*
-125,"[-500,0[","[-1000,0[","[-2000,0[","[-4000,0[","[-10000,0[",<0,*
-124,"[-500,0[","[-1000,0[","[-2000,0[","[-4000,0[","[-10000,0[",<0,*
-123,"[-500,0[","[-1000,0[","[-2000,0[","[-4000,0[","[-10000,0[",<0,*
-122,"[-500,0[","[-1000,0[","[-2000,0[","[-4000,0[","[-10000,0[",<0,*
-121,"[-500,0[","[-1000,0[","[-2000,0[","[-4000,0[","[-10000,0[",<0,*
-120,"[-500,0[","[-1000,0[","[-2000,0[","[-4000,0[","[-10000,0[",<0,*
-119,"[-500,0[","[-1000,0[","[-2000,0[","[-4000,0[","[-10000,0[",<0,*
-118,"[-500,0[","[-1000,0[","[-2000,0[","[-4000,0[","[-10000,0[",<0,*
-117,"[-500,0[","[-1000,0[","[-2000,0[","[-4000,0[","[-10000,0[",<0,*
-116,"[-500,0[","[-1000,0[","[-2000,0[","[-4000,0[","[-10000,0[",<0,*
-115,"[-500,0[","[-1000,0[","[-2000,0[","[-4000,0[","[-10000,0[",<0,*
-114,"[-500,0[","[-1000,0[","[-2000,0[","[-4000,0[","[-10000,0[",<0,*
-113,"[-500,0[","[-1000,0[","[-2000,0[","[-4000,0[","[-10000,0[",<0,*
-112,"[-500,0[","[-1000,0[","[-2000,0[","[-4000,0[","[-10000,0[",<0,*
-111,"[-500,0[","[-1000,0[","[-2000,0[","[-4000,0[","[-10000,0[",<0,*
-110,"[-500,0[","[-1000,0[","[-2000,0[","[-4000,0[","[-10000,0[",<0,*
-109,"[-500,0[","[-1000,0[","[-2000,0[","[-4000,0[","[-10000,0[",<0,*
-108,"[-500,0[","[-1000,0[","[-2000,0[","[-4000,0[","[-10000,0[",<0,*
-107,"[-500,0[","[-1000,0[","[-2000,0[","[-4000,0[","[-10000,0[",<0,*
-106,"[-500,0[","[-1000,0[","[-2000,0[","[-4000,0[","[-10000,0[",<0,*
-105,"[-500,0[","[-1000,0[","[-2000,0[","[-4000,0[","[-10000,0[",<0,*
-104,"[-500,0[","[-1000,0[","[-2000,0[","[-4000,0[","[-10000,0[",<0,*
-103,"[-500,0[","[-1000,0[","[-2000,0[","[-4000,0[","[-10000,0[",<0,*
-102,"[-500,0[","[-1000,0[","[-2000,0[","[-4000,0[","[-10000,0[",<0,*
-101,"[-500,0[","[-1000,0[","[-2000,0[","[-4000,0[","[-10000,0[",<0,*
-100,"[-500,0[","[-1000,0[","[-2000,0[","[-4000,0[","[-10000,0[",<0,*
-99,"[-500,0[","[-1000,0[","[-2000,0[","[-4000,0[","[-10000,0[",<0,*
-98,"[-500,0[","[-1000,0[","[-2000,0[","[-4000,0[","[-10000,0[",<0,*
-97,"[-500,0[","[-1000,0[","[-2000,0[","[-4000,0[","[-10000,0[",<0,*
-96,"[-500,0[","[-1000,0[","[-2000,0[","[-4000,0[","[-10000,0[",<0,*
-95,"[-500,0[","[-1000,0[","[-2000,0[","[-4000,0[","[-10000,0[",<0,*
-94,"[-500,0[","[-1000,0[","[-2000,0[","[-4000,0[","[-10000,0[",<0,*
-93,"[-500,0[","[-1000,0[","[-2000,0[","[-4000,0[","[-10000,0[",<0,*
-92,"[-500,0[","[-1000,0[","[-2000,0[","[-4000,0[","[-10000,0[",<0,*
-91,"[-500,0[","[-1000,0[","[-2000,0[","[-4000,0[","[-10000,0[",<0,*
-90,"[-500,0[","[-1000,0[","[-2000,0[","[-4000,0[","[-10000,0[",<0,*
-89,"[-500,0[","[-1000,0[","[-2000,0[","[-4000,0[","[-10000,0[",<0,*
-88,"[-500,0[","[-1000,0[","[-2000,0[","[-4000,0[","[-10000,0[",<0,*
-87,"[-500,0[","[-1000,0[","[-2000,0[","[-4000,0[","[-10000,0[",<0,*
-86,"[-500,0[","[-1000,0[","[-2000,0[","[-4000,0[","[-10000,0[",<0,*
-85,"[-500,0[","[-1000,0[","[-2000,0[","[-4000,0[","[-10000,0[",<0,*
-84,"[-500,0[","[-1000,0[","[-2000,0[","[-4000,0[","[-10000,0[",<0,*
-83,"[-500,0[","[-1000,0[","[-2000,0[","[-4000,0[","[-10000,0[",<0,*
-82,"[-500,0[","[-1000,0[","[-2000,0[","[-4000,0[","[-10000,0[",<0,*
-81,"[-500,0[","[-1000,0[","[-2000,0[","[-4000,0[","[-10000,0[",<0,*
-80,"[-500,0[","[-1000,0[","[-2000,0[","[-4000,0[","[-10000,0[",<0,*
-79,"[-500,0[","[-1000,0[","[-2000,0[","[-4000,0[","[-10000,0[",<0,*
-78,"[-500,0[","[-1000,0[","[-2000,0[","[-4000,0[","[-10000,0[",<0,*
-77,"[-500,0[","[-1000,0[","[-2000,0[","[-4000,0[","[-10000,0[",<0,*
-76,"[-500,0[","[-1000,0[","[-2000,0[","[-4000,0[","[-10000,0[",<0,*
-75,"[-500,0[","[-1000,0[","[-2000,0[","[-4000,0[","[-10000,0[",<0,*
-74,"[-500,0[","[-1000,0[","[-2000,0[","[-4000,0[","[-10000,0[",<0,*
-73,"[-500,0[","[-1000,0[","[-2000,0[","[-4000,0[","[-10000,0[",<0,*
-72,"[-500,0[","[-1000,0[","[-2000,0[","[-4000,0[","[-10000,0[",<0,*
-71,"[-500,0[","[-1000,0[","[-2000,0[","[-4000,0[","[-10000,0[",<0,*
-70,"[-500,0[","[-1000,0[","[-2000,0[","[-4000,0[","[-10000,0[",<0,*
-69,"[-500,0[","[-1000,0[","[-2000,0[","[-4000,0[","[-10000,0[",<0,*
-68,"[-500,0[","[-1000,0[","[-2000,0[","[-4000,0[","[-10000,0[",<0,*
-67,"[-500,0[","[-1000,0[","[-2000,0[","[-4000,0[","[-10000,0[",<0,*
-66,"[-500,0[","[-1000,0[","[-2000,0[","[-4000,0[","[-10000,0[",<0,*
-65,"[-500,0[","[-1000,0[","[-2000,0[","[-4000,0[","[-10000,0[",<0,*
-64,"[-500,0[","[-1000,0[","[-2000,0[","[-4000,0[","[-10000,0[",<0,*
-63,"[-500,0[","[-1000,0[","[-2000,0[","[-4000,0[","[-10000,0[",<0,*
-62,"[-500,0[","[-1000,0[","[-2000,0[","[-4000,0[","[-10000,0[",<0,*
-61,"[-500,0[","[-1000,0[","[-2000,0[","[-4000,0[","[-10000,0[",<0,*
-60,"[-500,0[","[-1000,0[","[-2000,0[","[-4000,0[","[-10000,0[",<0,*
-59,"[-500,0[","[-1000,0[","[-2000,0[","[-4000,0[","[-10000,0[",<0,*
-58,"[-500,0[","[-1000,0[","[-2000,0[","[-4000,0[","[-10000,0[",<0,*
-57,"[-500,0[","[-1000,0[","[-2000,0[","[-4000,0[","[-10000,0[",<0,*
-56,"[-500,0[","[-1000,0[","[-2000,0[","[-4000,0[","[-10000,0[",<0,*
-55,"[-500,0[","[-1000,0[","[-2000,0[","[-4000,0[","[-10000,0[",<0,*
-54,"[-500,0[","[-1000,0[","[-2000,0[","[-4000,0[","[-10000,0[",<0,*
-53,"[-500,0[","[-1000,0[","[-2000,0[","[-4000,0[","[-10000,0[",<0,*
-52,"[-500,0[","[-1000,0[","[-2000,0[","[-4000,0[","[-10000,0[",<0,*
-51,"[-500,0[","[-1000,0[","[-2000,0[","[-4000,0[","[-10000,0[",<0,*
-50,"[-500,0[","[-1000,0[","[-2000,0[","[-4000,0[","[-10000,0[",<0,*
-49,"[-500,0[","[-1000,0[","[-2000,0[","[-4000,0[","[-10000,0[",<0,*
-48,"[-500,0[","[-1000,0[","[-2000,0[","[-4000,0[","[-10000,0[",<0,*
-47,"[-500,0[","[-1000,0[","[-2000,0[","[-4000,0[","[-10000,0[",<0,*
-46,"[-500,0[","[-1000,0[","[-2000,0[","[-4000,0[","[-10000,0[",<0,*
-45,"[-500,0[","[-1000,0[","[-2000,0[","[-4000,0[","[-10000,0[",<0,*
-44,"[-500,0[","[-1000,0[","[-2000,0[","[-4000,0[","[-10000,0[",<0,*
-43,"[-500,0[","[-1000,0[","[-2000,0[","[-4000,0[","[-10000,0[",<0,*
-42,"[-500,0[","[-1000,0[","[-2000,0[","[-4000,0[","[-10000,0[",<0,*
-41,"[-500,0[","[-1000,0[","[-2000,0[","[-4000,0[","[-10000,0[",<0,*
-40,"[-500,0[","[-1000,0[","[-2000,0[","[-4000,0[","[-10000,0[",<0,*
-39,"[-500,0[","[-1000,0[","[-2000,0[","[-4000,0[","[-10000,0[",<0,*
-38,"[-500,0[","[-1000,0[","[-2000,0[","[-4000,0[","[-10000,0[",<0,*
-37,"[-500,0[","[-1000,0[","[-2000,0[","[-4000,0[","[-10000,0[",<0,*
-36,"[-500,0[","[-1000,0[","[-2000,0[","[-4000,0[","[-10000,0[",<0,*
-35,"[-500,0[","[-1000,0[","[-2000,0[","[-4000,0[","[-10000,0[",<0,*
-34,"[-500,0[","[-1000,0[","[-2000,0[","[-4000,0[","[-10000,0[",<0,*
-33,"[-500,0[","[-1000,0[","[-2000,0[","[-4000,0[","[-10000,0[",<0,*
-32,"[-500,0[","[-1000,0[","[-2000,0[","[-4000,0[","[-10000,0[",<0,*
-31,"[-500,0[","[-1000,0[","[-2000,0[","[-4000,0[","[-10000,0[",<0,*
-30,"[-500,0[","[-1000,0[","[-2000,0[","[-4000,0[","[-10000,0[",<0,*
-29,"[-500,0[","[-1000,0[","[-2000,0[","[-4000,0[","[-10000,0[",<0,*
-28,"[-500,0[","[-1000,0[","[-2000,0[","[-4000,0[","[-10000,0[",<0,*
-27,"[-500,0[","[-1000,0[","[-2000,0[","[-4000,0[","[-10000,0[",<0,*
-26,"[-500,0[","[-1000,0[","[-2000,0[","[-4000,0[","[-10000,0[",<0,*
-25,"[-500,0[","[-1000,0[","[-2000,0[","[-4000,0[","[-10000,0[",<0,*
-24,"[-500,0[","[-1000,0[","[-2000,0[","[-4000,0[","[-10000,0[",<0,*
-23,"[-500,0[","[-1000,0[","[-2000,0[","[-4000,0[","[-10000,0[",<0,*
-22,"[-500,0[","[-1000,0[","[-2000,0[","[-4000,0[","[-10000,0[",<0,*
-21,"[-500,0[","[-1000,0[","[-2000,0[","[-4000,0[","[-10000,0[",<0,*
-20,"[-500,0[","[-1000,0[","[-2000,0[","[-4000,0[","[-10000,0[",<0,*
-19,"[-500,0[","[-1000,0[","[-2000,0[","[-4000,0[","[-10000,0[",<0,*
-18,"[-500,0[","[-1000,0[","[-2000,0[","[-4000,0[","[-10000,0[",<0,*
-17,"[-500,0[","[-1000,0[","[-2000,0[","[-4000,0[","[-10000,0[",<0,*
-16,"[-500,0[","[-1000,0[","[-2000,0[","[-4000,0[","[-10000,0[",<0,*
-15,"[-500,0[","[-1000,0[","[-2000,0[","[-4000,0[","[-10000,0[",<0,*
-14,"[-500,0[","[-1000,0[","[-2000,0[","[-4000,0[","[-10000,0[",<0,*
-13,"[-500,0[","[-1000,0[","[-2000,0[","[-4000,0[","[-10000,0[",<0,*
-12,"[-500,0[","[-1000,0[","[-2000,0[","[-4000,0[","[-10000,0[",<0,*
-11,"[-500,0[","[-1000,0[","[-2000,0[","[-4000,0[","[-10000,0[",<0,*
-10,"[-500,0[","[-1000,0[","[-2000,0[","[-4000,0[","[-10000,0[",<0,*
-9,"[-500,0[","[-1000,0[","[-2000,0[","[-4000,0[","[-10000,0[",<0,*
-8,"[-500,0[","[-1000,0[","[-2000,0[","[-4000,0[","[-10000,0[",<0,*
-7,"[-500,0[","[-1000,0[","[-2000,0[","[-4000,0[","[-10000,0[",<0,*
-6,"[-500,0[","[-1000,0[","[-2000,0[","[-4000,0[","[-10000,0[",<0,*
-5,"[-500,0[","[-1000,0[","[-2000,0[","[-4000,0[","[-10000,0[",<0,*
-4,"[-500,0[","[-1000,0[","[-2000,0[","[-4000,0[","[-10000,0[",<0,*
-3,"[-500,0[","[-1000,0[","[-2000,0[","[-4000,0[","[-10000,0[",<0,*
-2,"[-500,0[","[-1000,0[","[-2000,0[","[-4000,0[","[-10000,0[",<0,*
-1,"[-500,0[","[-1000,0[","[-2000,0[","[-4000,0[","[-10000,0[",<0,*
0,"[0,500[","[0,1000[","[0,2000[","[0,4000[","[0,10000[","[0,10000[",*
1,"[0,500[","[0,1000[","[0,2000[","[0,4000[","[0,10000[","[0,10000[",*
2,"[0,500[","[0,1000[","[0,2000[","[0,4000[","[0,10000[","[0,10000[",*
3,"[0,500[","[0,1000[","[0,2000[","[0,4000[","[0,10000[","[0,10000[",*
4,"[0,500[","[0,1000[","[0,2000[","[0,4000[","[0,10000[","[0,10000[",*
5,"[0,500[","[0,1000[","[0,2000[","[0,4000[","[0,10000[","[0,10000[",*
6,"[0,500[","[0,1000[","[0,2000[","[0,4000[","[0,10000[","[0,10000[",*
7,"[0,500[","[0,1000[","[0,2000[","[0,4000[","[0,10000[","[0,10000[",*
8,"[0,500[","[0,1000[","[0,2000[","[0,4000[","[0,10000[","[0,10000[",*
9,"[0,500[","[0,1000[","[0,2000[","[0,4000[","[0,10000[","[0,10000[",*
10,"[0,500[","[0,1000[","[0,2000[","[0,4000[","[0,10000[","[0,10000[",*
11,"[0,500[","[0,1000[","[0,2000[","[0,4000[","[0,10000[","[0,10000[",*
12,"[0,500[","[0,1000[","[0,2000[","[0,4000[","[0,10000[","[0,10000[",*
13,"[0,500[","[0,1000[","[0,2000[","[0,4000[","[0,10000[","[0,10000[",*
14,"[0,500[","[0,1000[","[0,2000[","[0,4000[","[0,10000[","[0,10000[",*
15,"[0,500[","[0,1000[","[0,2000[","[0,4000[","[0,10000[","[0,10000[",*
16,"[0,500[","[0,1000[","[0,2000[","[0,4000[","[0,10000[","[0,10000[",*
17,"[0,500[","[0,1000[","[0,2000[","[0,4000[","[0,10000[","[0,10000[",*
18,"[0,500[","[0,1000[","[0,2000[","[0,4000[","[0,10000[","[0,10000[",*
19,"[0,500[","[0,1000[","[0,2000[","[0,4000[","[0,10000[","[0,10000[",*
20,"[0,500[","[0,1000[","[0,2000[","[0,4000[","[0,10000[","[0,10000[",*
21,"[0,500[","[0,1000[","[0,2000[","[0,4000[","[0,10000[","[0,10000[",*
22,"[0,500[","[0,1000[","[0,2000[","[0,4000[","[0,10000[","[0,10000[",*
23,"[0,500[","[0,1000[","[0,2000[","[0,4000[","[0,10000[","[0,10000[",*
24,"[0,500[","[0,1000[","[0,2000[","[0,4000[","[0,10000[","[0,10000[",*
25,"[0,500[","[0,1000[","[0,2000[","[0,4000[","[0,10000[","[0,10000[",*
26,"[0,500[","[0,1000[","[0,2000[","[0,4000[","[0,10000[","[0,10000[",*
27,"[0,500[","[0,1000[","[0,2000[","[0,4000[","[0,10000[","[0,10000[",*
28,"[0,500[","[0,1000[","[0,2000[","[0,4000[","[0,10000[","[0,10000[",*
29,"[0,500[","[0,1000[","[0,2000[","[0,4000[","[0,10000[","[0,10000[",*
30,"[0,500[","[0,1000[","[0,2000[","[0,4000[","[0,10000[","[0,10000[",*
31,"[0,500[","[0,1000[","[0,2000[","[0,4000[","[0,10000[","[0,10000[",*
32,"[0,500[","[0,1000[","[0,2000[","[0,4000[","[0,10000[","[0,10000[",*
33,"[0,500[","[0,1000[","[0,2000[","[0,4000[","[0,10000[","[0,10000[",*
34,"[0,500[","[0,1000[","[0,2000[","[0,4000[","[0,10000[","[0,10000[",*
35,"[0,500[","[0,1000[","[0,2000[","[0,4000[","[0,10000[","[0,10000[",*
36,"[0,500[","[0,1000[","[0,2000[","[0,4000[","[0,10000[","[0,10000[",*
37,"[0,500[","[0,1000[","[0,2000[","[0,4000[","[0,10000[","[0,10000[",*
38,"[0,500[","[0,1000[","[0,2000[","[0,4000[","[0,10000[","[0,10000[",*
39,"[0,500[","[0,1000[","[0,2000[","[0,4000[","[0,10000[","[0,10000[",*
40,"[0,500[","[0,1000[","[0,2000[","[0,4000[","[0,10000[","[0,10000[",*
41,"[0,500[","[0,1000[","[0,2000[","[0,4000[","[0,10000[","[0,10000[",*
42,"[0,500[","[0,1000[","[0,2000[","[0,4000[","[0,10000[","[0,10000[",*
43,"[0,500[","[0,1000[","[0,2000[","[0,4000[","[0,10000[","[0,10000[",*
44,"[0,500[","[0,1000[","[0,2000[","[0,4000[","[0,10000[","[0,10000[",*
45,"[0,500[","[0,1000[","[0,2000[","[0,4000[","[0,10000[","[0,10000[",*
46,"[0,500[","[0,1000[","[0,2000[","[0,4000[","[0,10000[","[0,10000[",*
47,"[0,500[","[0,1000[","[0,2000[","[0,4000[","[0,10000[","[0,10000[",*
48,"[0,500[","[0,1000[","[0,2000[","[0,4000[","[0,10000[","[0,10000[",*
49,"[0,500[","[0,1000[","[0,2000[","[0,4000[","[0,10000[","[0,10000[",*
50,"[0,500[","[0,1000[","[0,2000[","[0,4000[","[0,10000[","[0,10000[",*
51,"[0,500[","[0,1000[","[0,2000[","[0,4000[","[0,10000[","[0,10000[",*
52,"[0,500[","[0,1000[","[0,2000[","[0,4000[","[0,10000[","[0,10000[",*
53,"[0,500[","[0,1000[","[0,2000[","[0,4000[","[0,10000[","[0,10000[",*
54,"[0,500[","[0,1000[","[0,2000[","[0,4000[","[0,10000[","[0,10000[",*
55,"[0,500[","[0,1000[","[0,2000[","[0,4000[","[0,10000[","[0,10000[",*
56,"[0,500[","[0,1000[","[0,2000[","[0,4000[","[0,10000[","[0,10000[",*
57,"[0,500[","[0,1000[","[0,2000[","[0,4000[","[0,10000[","[0,10000[",*
58,"[0,500[","[0,1000[","[0,2000[","[0,4000[","[0,10000[","[0,10000[",*
59,"[0,500[","[0,1000[","[0,2000[","[0,4000[","[0,10000[","[0,10000[",*
60,"[0,500[","[0,1000[","[0,2000[","[0,4000[","[0,10000[","[0,10000[",*
61,"[0,500[","[0,1000[","[0,2000[","[0,4000[","[0,10000[","[0,10000[",*
62,"[0,500[","[0,1000[","[0,2000[","[0,4000[","[0,10000[","[0,10000[",*
63,"[0,500[","[0,1000[","[0,2000[","[0,4000[","[0,10000[","[0,10000[",*
64,"[0,500[","[0,1000[","[0,2000[","[0,4000[","[0,10000[","[0,10000[",*
65,"[0,500[","[0,1000[","[0,2000[","[0,4000[","[0,10000[","[0,10000[",*
66,"[0,500[","[0,1000[","[0,2000[","[0,4000[","[0,10000[","[0,10000[",*
67,"[0,500[","[0,1000[","[0,2000[","[0,4000[","[0,10000[","[0,10000[",*
68,"[0,500[","[0,1000[","[0,2000[","[0,4000[","[0,10000[","[0,10000[",*
69,"[0,500[","[0,1000[","[0,2000[","[0,4000[","[0,10000[","[0,10000[",*
70,"[0,500[","[0,1000[","[0,2000[","[0,4000[","[0,10000[","[0,10000[",*
71,"[0,500[","[0,1000[","[0,2000[","[0,4000[","[0,10000[","[0,10000[",*
72,"[0,500[","[0,1000[","[0,2000[","[0,4000[","[0,10000[","[0,10000[",*
73,"[0,500[","[0,1000[","[0,2000[","[0,4000[","[0,10000[","[0,10000[",*
74,"[0,500[","[0,1000[","[0,2000[","[0,4000[","[0,10000[","[0,10000[",*
75,"[0,500[","[0,1000[","[0,2000[","[0,4000[","[0,10000[","[0,10000[",*
76,"[0,500[","[0,1000[","[0,2000[","[0,4000[","[0,10000[","[0,10000[",*
77,"[0,500[","[0,1000[","[0,2000[","[0,4000[","[0,10000[","[0,10000[",*
78,"[0,500[","[0,1000[","[0,2000[","[0,4000[","[0,10000[","[0,10000[",*
79,"[0,500[","[0,1000[","[0,2000[","[0,4000[","[0,10000[","[0,10000[",*
80,"[0,500[","[0,1000[","[0,2000[","[0,4000[","[0,10000[","[0,10000[",*
81,"[0,500[","[0,1000[","[0,2000[","[0,4000[","[0,10000[","[0,10000[",*
82,"[0,500[","[0,1000[","[0,2000[","[0,4000[","[0,10000[","[0,10000[",*
83,"[0,500[","[0,1000[","[0,2000[","[0,4000[","[0,10000[","[0,10000[",*
84,"[0,500[","[0,1000[","[0,2000[","[0,4000[","[0,10000[","[0,10000[",*
85,"[0,500[","[0,1000[","[0,2000[","[0,4000[","[0,10000[","[0,10000[",*
86,"[0,500[","[0,1000[","[0,2000[","[0,4000[","[0,10000[","[0,10000[",*
87,"[0,500[","[0,1000[","[0,2000[","[0,4000[","[0,10000[","[0,10000[",*
88,"[0,500[","[0,1000[","[0,2000[","[0,4000[","[0,10000[","[0,10000[",*
89,"[0,500[","[0,1000[","[0,2000[","[0,4000[","[0,10000[","[0,10000[",*
90,"[0,500[","[0,1000[","[0,2000[","[0,4000[","[0,10000[","[0,10000[",*
91,"[0,500[","[0,1000[","[0,2000[","[0,4000[","[0,10000[","[0,10000[",*
92,"[0,500[","[0,1000[","[0,2000[","[0,4000[","[0,10000[","[0,10000[",*
93,"[0,500[","[0,1000[","[0,2000[","[0,4000[","[0,10000[","[0,10000[",*
94,"[0,500[","[0,1000[","[0,2000[","[0,4000[","[0,10000[","[0,10000[",*
95,"[0,500[","[0,1000[","[0,2000[","[0,4000[","[0,10000[","[0,10000[",*
96,"[0,500[","[0,1000[","[0,2000[","[0,4000[","[0,10000[","[0,10000[",*
97,"[0,500[","[0,1000[","[0,2000[","[0,4000[","[0,10000[","[0,10000[",*
98,"[0,500[","[0,1000[","[0,2000[","[0,4000[","[0,10000[","[0,10000[",*
99,"[0,500[","[0,1000[","[0,2000[","[0,4000[","[0,10000[","[0,10000[",*
100,"[0,500[","[0,1000[","[0,2000[","[0,4000[","[0,10000[","[0,10000[",*
101,"[0,500[","[0,1000[","[0,2000[","[0,4000[","[0,10000[","[0,10000[",*
102,"[0,500[","[0,1000[","[0,2000[","[0,4000[","[0,10000[","[0,10000[",*
103,"[0,500[","[0,1000[","[0,2000[","[0,4000[","[0,10000[","[0,10000[",*
104,"[0,500[","[0,1000[","[0,2000[","[0,4000[","[0,10000[","[0,10000[",*
105,"[0,500[","[0,1000[","[0,2000[","[0,4000[","[0,10000[","[0,10000[",*
106,"[0,500[","[0,1000[","[0,2000[","[0,4000[","[0,10000[","[0,10000[",*
107,"[0,500[","[0,1000[","[0,2000[","[0,4000[","[0,10000[","[0,10000[",*
108,"[0,500[","[0,1000[","[0,2000[","[0,4000[","[0,10000[","[0,10000[",*
109,"[0,500[","[0,1000[","[0,2000[","[0,4000[","[0,10000[","[0,10000[",*
110,"[0,500[","[0,1000[","[0,2000[","[0,4000[","[0,10000[","[0,10000[",*
111,"[0,500[","[0,1000[","[0,2000[","[0,4000[","[0,10000[","[0,10000[",*
112,"[0,500[","[0,1000[","[0,2000[","[0,4000[","[0,10000[","[0,10000[",*
113,"[0,500[","[0,1000[","[0,2000[","[0,4000[","[0,10000[","[0,10000[",*
114,"[0,500[","[0,1000[","[0,2000[","[0,4000[","[0,10000[","[0,10000[",*
115,"[0,500[","[0,1000[","[0,2000[","[0,4000[","[0,10000[","[0,10000[",*
116,"[0,500[","[0,1000[","[0,2000[","[0,4000[","[0,10000[","[0,10000[",*
117,"[0,500[","[0,1000[","[0,2000[","[0,4000[","[0,10000[","[0,10000[",*
118,"[0,500[","[0,1000[","[0,2000[","[0,4000[","[0,10000[","[0,10000[",*
119,"[0,500[","[0,1000[","[0,2000[","[0,4000[","[0,10000[","[0,10000[",*
120,"[0,500[","[0,1000[","[0,2000[","[0,4000[","[0,10000[","[0,10000[",*
121,"[0,500[","[0,1000[","[0,2000[","[0,4000[","[0,10000[","[0,10000[",*
122,"[0,500[","[0,1000[","[0,2000[","[0,4000[","[0,10000[","[0,10000[",*
123,"[0,500[","[0,1000[","[0,2000[","[0,4000[","[0,10000[","[0,10000[",*
124,"[0,500[","[0,1000[","[0,2000[","[0,4000[","[0,10000[","[0,10000[",*
125,"[0,500[","[0,1000[","[0,2000[","[0,4000[","[0,10000[","[0,10000[",*
126,"[0,500[","[0,1000[","[0,2000[","[0,4000[","[0,10000[","[0,10000[",*
127,"[0,500[","[0,1000[","[0,2000[","[0,4000[","[0,10000[","[0,10000[",*
128,"[0,500[","[0,1000[","[0,2000[","[0,4000[","[0,10000[","[0,10000[",*
129,"[0,500[","[0,1000[","[0,2000[","[0,4000[","[0,10000[","[0,10000[",*
130,"[0,500[","[0,1000[","[0,2000[","[0,4000[","[0,10000[","[0,10000[",*
131,"[0,500[","[0,1000[","[0,2000[","[0,4000[","[0,10000[","[0,10000[",*
132,"[0,500[","[0,1000[","[0,2000[","[0,4000[","[0,10000[","[0,10000[",*
133,"[0,500[","[0,1000[","[0,2000[","[0,4000[","[0,10000[","[0,10000[",*
134,"[0,500[","[0,1000[","[0,2000[","[0,4000[","[0,10000[","[0,10000[",*
135,"[0,500[","[0,1000[","[0,2000[","[0,4000[","[0,10000[","[0,10000[",*
136,"[0,500[","[0,1000[","[0,2000[","[0,4000[","[0,10000[","[0,10000[",*
137,"[0,500[","[0,1000[","[0,2000[","[0,4000[","[0,10000[","[0,10000[",*
138,"[0,500[","[0,1000[","[0,2000[","[0,4000[","[0,10000[","[0,10000[",*
139,"[0,500[","[0,1000[","[0,2000[","[0,4000[","[0,10000[","[0,10000[",*
140,"[0,500[","[0,1000[","[0,2000[","[0,4000[","[0,10000[","[0,10000[",*
141,"[0,500[","[0,1000[","[0,2000[","[0,4000[","[0,10000[","[0,10000[",*
142,"[0,500[","[0,1000[","[0,2000[","[0,4000[","[0,10000[","[0,10000[",*
143,"[0,500[","[0,1000[","[0,2000[","[0,4000[","[0,10000[","[0,10000[",*
144,"[0,500[","[0,1000[","[0,2000[","[0,4000[","[0,10000[","[0,10000[",*
145,"[0,500[","[0,1000[","[0,2000[","[0,4000[","[0,10000[","[0,10000[",*
146,"[0,500[","[0,1000[","[0,2000[","[0,4000[","[0,10000[","[0,10000[",*
147,"[0,500[","[0,1000[","[0,2000[","[0,4000[","[0,10000[","[0,10000[",*
148,"[0,500[","[0,1000[","[0,2000[","[0,4000[","[0,10000[","[0,10000[",*
149,"[0,500[","[0,1000[","[0,2000[","[0,4000[","[0,10000[","[0,10000[",*
150,"[0,500[","[0,1000[","[0,2000[","[0,4000[","[0,10000[","[0,10000[",*
151,"[0,500[","[0,1000[","[0,2000[","[0,4000[","[0,10000[","[0,10000[",*
152,"[0,500[","[0,1000[","[0,2000[","[0,4000[","[0,10000[","[0,10000[",*
153,"[0,500[","[0,1000[","[0,2000[","[0,4000[","[0,10000[","[0,10000[",*
154,"[0,500[","[0,1000[","[0,2000[","[0,4000[","[0,10000[","[0,10000[",*
155,"[0,500[","[0,1000[","[0,2000[","[0,4000[","[0,10000[","[0,10000[",*
156,"[0,500[","[0,1000[","[0,2000[","[0,4000[","[0,10000[","[0,10000[",*
157,"[0,500[","[0,1000[","[0,2000[","[0,4000[","[0,10000[","[0,10000[",*
158,"[0,500[","[0,1000[","[0,2000[","[0,4000[","[0,10000[","[0,10000[",*
159,"[0,500[","[0,1000[","[0,2000[","[0,4000[","[0,10000[","[0,10000[",*
160,"[0,500[","[0,1000[","[0,2000[","[0,4000[","[0,10000[","[0,10000[",*
161,"[0,500[","[0,1000[","[0,2000[","[0,4000[","[0,10000[","[0,10000[",*
162,"[0,500[","[0,1000[","[0,2000[","[0,4000[","[0,10000[","[0,10000[",*
163,"[0,500[","[0,1000[","[0,2000[","[0,4000[","[0,10000[","[0,10000[",*
164,"[0,500[","[0,1000[","[0,2000[","[0,4000[","[0,10000[","[0,10000[",*
165,"[0,500[","[0,1000[","[0,2000[","[0,4000[","[0,10000[","[0,10000[",*
166,"[0,500[","[0,1000[","[0,2000[","[0,4000[","[0,10000[","[0,10000[",*
167,"[0,500[","[0,1000[","[0,2000[","[0,4000[","[0,10000[","[0,10000[",*
168,"[0,500[","[0,1000[","[0,2000[","[0,4000[","[0,10000[","[0,10000[",*
169,"[0,500[","[0,1000[","[0,2000[","[0,4000[","[0,10000[","[0,10000[",*
170,"[0,500[","[0,1000[","[0,2000[","[0,4000[","[0,10000[","[0,10000[",*
171,"[0,500[","[0,1000[","[0,2000[","[0,4000[","[0,10000[","[0,10000[",*
172,"[0,500[","[0,1000[","[0,2000[","[0,4000[","[0,10000[","[0,10000[",*
173,"[0,500[","[0,1000[","[0,2000[","[0,4000[","[0,10000[","[0,10000[",*
174,"[0,500[","[0,1000[","[0,2000[","[0,4000[","[0,10000[","[0,10000[",*
175,"[0,500[","[0,1000[","[0,2000[","[0,4000[","[0,10000[","[0,10000[",*
176,"[0,500[","[0,1000[","[0,2000[","[0,4000[","[0,10000[","[0,10000[",*
177,"[0,500[","[0,1000[","[0,2000[","[0,4000[","[0,10000[","[0,10000[",*
178,"[0,500[","[0,1000[","[0,2000[","[0,4000[","[0,10000[","[0,10000[",*
179,"[0,500[","[0,1000[","[0,2000[","[0,4000[","[0,10000[","[0,10000[",*
180,"[0,500[","[0,1000[","[0,2000[","[0,4000[","[0,10000[","[0,10000[",*
181,"[0,500[","[0,1000[","[0,2000[","[0,4000[","[0,10000[","[0,10000[",*
182,"[0,500[","[0,1000[","[0,2000[","[0,4000[","[0,10000[","[0,10000[",*
183,"[0,500[","[0,1000[","[0,2000[","[0,4000[","[0,10000[","[0,10000[",*
184,"[0,500[","[0,1000[","[0,2000[","[0,4000[","[0,10000[","[0,10000[",*
185,"[0,500[","[0,1000[","[0,2000[","[0,4000[","[0,10000[","[0,10000[",*
186,"[0,500[","[0,1000[","[0,2000[","[0,4000[","[0,10000[","[0,10000[",*
187,"[0,500[","[0,1000[","[0,2000[","[0,4000[","[0,10000[","[0,10000[",*
188,"[0,500[","[0,1000[","[0,2000[","[0,4000[","[0,10000[","[0,10000[",*
189,"[0,500[","[0,1000[","[0,2000[","[0,4000[","[0,10000[","[0,10000[",*
190,"[0,500[","[0,1000[","[0,2000[","[0,4000[","[0,10000[","[0,10000[",*
191,"[0,500[","[0,1000[","[0,2000[","[0,4000[","[0,10000[","[0,10000[",*
192,"[0,500[","[0,1000[","[0,2000[","[0,4000[","[0,10000[","[0,10000[",*
193,"[0,500[","[0,1000[","[0,2000[","[0,4000[","[0,10000[","[0,10000[",*
194,"[0,500[","[0,1000[","[0,2000[","[0,4000[","[0,10000[","[0,10000[",*
195,"[0,500[","[0,1000[","[0,2000[","[0,4000[","[0,10000[","[0,10000[",*
196,"[0,500[","[0,1000[","[0,2000[","[0,4000[","[0,10000[","[0,10000[",*
197,"[0,500[","[0,1000[","[0,2000[","[0,4000[","[0,10000[","[0,10000[",*
198,"[0,500[","[0,1000[","[0,2000[","[0,4000[","[0,10000[","[0,10000[",*
199,"[0,500[","[0,1000[","[0,2000[","[0,4000[","[0,10000[","[0,10000[",*
200,"[0,500[","[0,1000[","[0,2000[","[0,4000[","[0,10000[","[0,10000[",*
201,"[0,500[","[0,1000[","[0,2000[","[0,4000[","[0,10000[","[0,10000[",*
202,"[0,500[","[0,1000[","[0,2000[","[0,4000[","[0,10000[","[0,10000[",*
203,"[0,500[","[0,1000[","[0,2000[","[0,4000[","[0,10000[","[0,10000[",*
204,"[0,500[","[0,1000[","[0,2000[","[0,4000[","[0,10000[","[0,10000[",*
205,"[0,500[","[0,1000[","[0,2000[","[0,4000[","[0,10000[","[0,10000[",*
206,"[0,500[","[0,1000[","[0,2000[","[0,4000[","[0,10000[","[0,10000[",*
207,"[0,500[","[0,1000[","[0,2000[","[0,4000[","[0,10000[","[0,10000[",*
208,"[0,500[","[0,1000[","[0,2000[","[0,4000[","[0,10000[","[0,10000[",*
209,"[0,500[","[0,1000[","[0,2000[","[0,4000[","[0,10000[","[0,10000[",*
210,"[0,500[","[0,1000[","[0,2000[","[0,4000[","[0,10000[","[0,10000[",*
211,"[0,500[","[0,1000[","[0,2000[","[0,4000[","[0,10000[","[0,10000[",*
212,"[0,500[","[0,1000[","[0,2000[","[0,4000[","[0,10000[","[0,10000[",*
213,"[0,500[","[0,1000[","[0,2000[","[0,4000[","[0,10000[","[0,10000[",*
214,"[0,500[","[0,1000[","[0,2000[","[0,4000[","[0,10000[","[0,10000[",*
215,"[0,500[","[0,1000[","[0,2000[","[0,4000[","[0,10000[","[0,10000[",*
216,"[0,500[","[0,1000[","[0,2000[","[0,4000[","[0,10000[","[0,10000[",*
217,"[0,500[","[0,1000[","[0,2000[","[0,4000[","[0,10000[","[0,10000[",*
218,"[0,500[","[0,1000[","[0,2000[","[0,4000[","[0,10000[","[0,10000[",*
219,"[0,500[","[0,1000[","[0,2000[","[0,4000[","[0,10000[","[0,10000[",*
220,"[0,500[","[0,1000[","[0,2000[","[0,4000[","[0,10000[","[0,10000[",*
221,"[0,500[","[0,1000[","[0,2000[","[0,4000[","[0,10000[","[0,10000[",*
222,"[0,500[","[0,1000[","[0,2000[","[0,4000[","[0,10000[","[0,10000[",*
223,"[0,500[","[0,1000[","[0,2000[","[0,4000[","[0,10000[","[0,10000[",*
224,"[0,500[","[0,1000[","[0,2000[","[0,4000[","[0,10000[","[0,10000[",*
225,"[0,500[","[0,1000[","[0,2000[","[0,4000[","[0,10000[","[0,10000[",*
226,"[0,500[","[0,1000[","[0,2000[","[0,4000[","[0,10000[","[0,10000[",*
227,"[0,500[","[0,1000[","[0,2000[","[0,4000[","[0,10000[","[0,10000[",*
228,"[0,500[","[0,1000[","[0,2000[","[0,4000[","[0,10000[","[0,10000[",*
229,"[0,500[","[0,1000[","[0,2000[","[0,4000[","[0,10000[","[0,10000[",*
230,"[0,500[","[0,1000[","[0,2000[","[0,4000[","[0,10000[","[0,10000[",*
231,"[0,500[","[0,1000[","[0,2000[","[0,4000[","[0,10000[","[0,10000[",*
232,"[0,500[","[0,1000[","[0,2000[","[0,4000[","[0,10000[","[0,10000[",*
233,"[0,500[","[0,1000[","[0,2000[","[0,4000[","[0,10000[","[0,10000[",*
234,"[0,500[","[0,1000[","[0,2000[","[0,4000[","[0,10000[","[0,10000[",*
235,"[0,500[","[0,1000[","[0,2000[","[0,4000[","[0,10000[","[0,10000[",*
236,"[0,500[","[0,1000[","[0,2000[","[0,4000[","[0,10000[","[0,10000[",*
237,"[0,500[","[0,1000[","[0,2000[","[0,4000[","[0,10000[","[0,10000[",*
238,"[0,500[","[0,1000[","[0,2000[","[0,4000[","[0,10000[","[0,10000[",*
239,"[0,500[","[0,1000[","[0,2000[","[0,4000[","[0,10000[","[0,10000[",*
240,"[0,500[","[0,1000[","[0,2000[","[0,4000[","[0,10000[","[0,10000[",*
241,"[0,500[","[0,1000[","[0,2000[","[0,4000[","[0,10000[","[0,10000[",*
242,"[0,500[","[0,1000[","[0,2000[","[0,4000[","[0,10000[","[0,10000[",*
243,"[0,500[","[0,1000[","[0,2000[","[0,4000[","[0,10000[","[0,10000[",*
244,"[0,500[","[0,1000[","[0,2000[","[0,4000[","[0,10000[","[0,10000[",*
245,"[0,500[","[0,1000[","[0,2000[","[0,4000[","[0,10000[","[0,10000[",*
246,"[0,500[","[0,1000[","[0,2000[","[0,4000[","[0,10000[","[0,10000[",*
247,"[0,500[","[0,1000[","[0,2000[","[0,4000[","[0,10000[","[0,10000[",*
248,"[0,500[","[0,1000[","[0,2000[","[0,4000[","[0,10000[","[0,10000[",*
249,"[0,500[","[0,1000[","[0,2000[","[0,4000[","[0,10000[","[0,10000[",*
250,"[0,500[","[0,1000[","[0,2000[","[0,4000[","[0,10000[","[0,10000[",*
251,"[0,500[","[0,1000[","[0,2000[","[0,4000[","[0,10000[","[0,10000[",*
252,"[0,500[","[0,1000[","[0,2000[","[0,4000[","[0,10000[","[0,10000[",*
253,"[0,500[","[0,1000[","[0,2000[","[0,4000[","[0,10000[","[0,10000[",*
254,"[0,500[","[0,1000[","[0,2000[","[0,4000[","[0,10000[","[0,10000[",*
255,"[0,500[","[0,1000[","[0,2000[","[0,4000[","[0,10000[","[0,10000[",*
256,"[0,500[","[0,1000[","[0,2000[","[0,4000[","[0,10000[","[0,10000[",*
257,"[0,500[","[0,1000[","[0,2000[","[0,4000[","[0,10000[","[0,10000[",*
258,"[0,500[","[0,1000[","[0,2000[","[0,4000[","[0,10000[","[0,10000[",*
259,"[0,500[","[0,1000[","[0,2000[","[0,4000[","[0,10000[","[0,10000[",*
260,"[0,500[","[0,1000[","[0,2000[","[0,4000[","[0,10000[","[0,10000[",*
261,"[0,500[","[0,1000[","[0,2000[","[0,4000[","[0,10000[","[0,10000[",*
262,"[0,500[","[0,1000[","[0,2000[","[0,4000[","[0,10000[","[0,10000[",*
263,"[0,500[","[0,1000[","[0,2000[","[0,4000[","[0,10000[","[0,10000[",*
264,"[0,500[","[0,1000[","[0,2000[","[0,4000[","[0,10000[","[0,10000[",*
265,"[0,500[","[0,1000[","[0,2000[","[0,4000[","[0,10000[","[0,10000[",*
266,"[0,500[","[0,1000[","[0,2000[","[0,4000[","[0,10000[","[0,10000[",*
267,"[0,500[","[0,1000[","[0,2000[","[0,4000[","[0,10000[","[0,10000[",*
268,"[0,500[","[0,1000[","[0,2000[","[0,4000[","[0,10000[","[0,10000[",*
269,"[0,500[","[0,1000[","[0,2000[","[0,4000[","[0,10000[","[0,10000[",*
270,"[0,500[","[0,1000[","[0,2000[","[0,4000[","[0,10000[","[0,10000[",*
271,"[0,500[","[0,1000[","[0,2000[","[0,4000[","[0,10000[","[0,10000[",*
272,"[0,500[","[0,1000[","[0,2000[","[0,4000[","[0,10000[","[0,10000[",*
273,"[0,500[","[0,1000[","[0,2000[","[0,4000[","[0,10000[","[0,10000[",*
274,"[0,500[","[0,1000[","[0,2000[","[0,4000[","[0,10000[","[0,10000[",*
275,"[0,500[","[0,1000[","[0,2000[","[0,4000[","[0,10000[","[0,10000[",*
276,"[0,500[","[0,1000[","[0,2000[","[0,4000[","[0,10000[","[0,10000[",*
277,"[0,500[","[0,1000[","[0,2000[","[0,4000[","[0,10000[","[0,10000[",*
278,"[0,500[","[0,1000[","[0,2000[","[0,4000[","[0,10000[","[0,10000[",*
279,"[0,500[","[0,1000[","[0,2000[","[0,4000[","[0,10000[","[0,10000[",*
280,"[0,500[","[0,1000[","[0,2000[","[0,4000[","[0,10000[","[0,10000[",*
281,"[0,500[","[0,1000[","[0,2000[","[0,4000[","[0,10000[","[0,10000[",*
282,"[0,500[","[0,1000[","[0,2000[","[0,4000[","[0,10000[","[0,10000[",*
283,"[0,500[","[0,1000[","[0,2000[","[0,4000[","[0,10000[","[0,10000[",*
284,"[0,500[","[0,1000[","[0,2000[","[0,4000[","[0,10000[","[0,10000[",*
285,"[0,500[","[0,1000[","[0,2000[","[0,4000[","[0,10000[","[0,10000[",*
286,"[0,500[","[0,1000[","[0,2000[","[0,4000[","[0,10000[","[0,10000[",*
287,"[0,500[","[0,1000[","[0,2000[","[0,4000[","[0,10000[","[0,10000[",*
288,"[0,500[","[0,1000[","[0,2000[","[0,4000[","[0,10000[","[0,10000[",*
289,"[0,500[","[0,1000[","[0,2000[","[0,4000[","[0,10000[","[0,10000[",*
290,"[0,500[","[0,1000[","[0,2000[","[0,4000[","[0,10000[","[0,10000[",*
291,"[0,500[","[0,1000[","[0,2000[","[0,4000[","[0,10000[","[0,10000[",*
292,"[0,500[","[0,1000[","[0,2000[","[0,4000[","[0,10000[","[0,10000[",*
293,"[0,500[","[0,1000[","[0,2000[","[0,4000[","[0,10000[","[0,10000[",*
294,"[0,500[","[0,1000[","[0,2000[","[0,4000[","[0,10000[","[0,10000[",*
295,"[0,500[","[0,1000[","[0,2000[","[0,4000[","[0,10000[","[0,10000[",*
296,"[0,500[","[0,1000[","[0,2000[","[0,4000[","[0,10000[","[0,10000[",*
297,"[0,500[","[0,1000[","[0,2000[","[0,4000[","[0,10000[","[0,10000[",*
298,"[0,500[","[0,1000[","[0,2000[","[0,4000[","[0,10000[","[0,10000[",*
299,"[0,500[","[0,1000[","[0,2000[","[0,4000[","[0,10000[","[0,10000[",*
300,"[0,500[","[0,1000[","[0,2000[","[0,4000[","[0,10000[","[0,10000[",*
301,"[0,500[","[0,1000[","[0,2000[","[0,4000[","[0,10000[","[0,10000[",*
302,"[0,500[","[0,1000[","[0,2000[","[0,4000[","[0,10000[","[0,10000[",*
303,"[0,500[","[0,1000[","[0,2000[","[0,4000[","[0,10000[","[0,10000[",*
304,"[0,500[","[0,1000[","[0,2000[","[0,4000[","[0,10000[","[0,10000[",*
305,"[0,500[","[0,1000[","[0,2000[","[0,4000[","[0,10000[","[0,10000[",*
306,"[0,500[","[0,1000[","[0,2000[","[0,4000[","[0,10000[","[0,10000[",*
307,"[0,500[","[0,1000[","[0,2000[","[0,4000[","[0,10000[","[0,10000[",*
308,"[0,500[","[0,1000[","[0,2000[","[0,4000[","[0,10000[","[0,10000[",*
309,"[0,500[","[0,1000[","[0,2000[","[0,4000[","[0,10000[","[0,10000[",*
310,"[0,500[","[0,1000[","[0,2000[","[0,4000[","[0,10000[","[0,10000[",*
311,"[0,500[","[0,1000[","[0,2000[","[0,4000[","[0,10000[","[0,10000[",*
312,"[0,500[","[0,1000[","[0,2000[","[0,4000[","[0,10000[","[0,10000[",*
313,"[0,500[","[0,1000[","[0,2000[","[0,4000[","[0,10000[","[0,10000[",*
314,"[0,500[","[0,1000[","[0,2000[","[0,4000[","[0,10000[","[0,10000[",*
315,"[0,500[","[0,1000[","[0,2000[","[0,4000[","[0,10000[","[0,10000[",*
316,"[0,500[","[0,1000[","[0,2000[","[0,4000[","[0,10000[","[0,10000[",*
317,"[0,500[","[0,1000[","[0,2000[","[0,4000[","[0,10000[","[0,10000[",*
318,"[0,500[","[0,1000[","[0,2000[","[0,4000[","[0,10000[","[0,10000[",*
319,"[0,500[","[0,1000[","[0,2000[","[0,4000[","[0,10000[","[0,10000[",*
320,"[0,500[","[0,1000[","[0,2000[","[0,4000[","[0,10000[","[0,10000[",*
321,"[0,500[","[0,1000[","[0,2000[","[0,4000[","[0,10000[","[0,10000[",*
322,"[0,500[","[0,1000[","[0,2000[","[0,4000[","[0,10000[","[0,10000[",*
323,"[0,500[","[0,1000[","[0,2000[","[0,4000[","[0,10000[","[0,10000[",*
324,"[0,500[","[0,1000[","[0,2000[","[0,4000[","[0,10000[","[0,10000[",*
325,"[0,500[","[0,1000[","[0,2000[","[0,4000[","[0,10000[","[0,10000[",*
326,"[0,500[","[0,1000[","[0,2000[","[0,4000[","[0,10000[","[0,10000[",*
327,"[0,500[","[0,1000[","[0,2000[","[0,4000[","[0,10000[","[0,10000[",*
328,"[0,500[","[0,1000[","[0,2000[","[0,4000[","[0,10000[","[0,10000[",*
329,"[0,500[","[0,1000[","[0,2000[","[0,4000[","[0,10000[","[0,10000[",*
330,"[0,500[","[0,1000[","[0,2000[","[0,4000[","[0,10000[","[0,10000[",*
331,"[0,500[","[0,1000[","[0,2000[","[0,4000[","[0,10000[","[0,10000[",*
332,"[0,500[","[0,1000[","[0,2000[","[0,4000[","[0,10000[","[0,10000[",*
333,"[0,500[","[0,1000[","[0,2000[","[0,4000[","[0,10000[","[0,10000[",*
334,"[0,500[","[0,1000[","[0,2000[","[0,4000[","[0,10000[","[0,10000[",*
335,"[0,500[","[0,1000[","[0,2000[","[0,4000[","[0,10000[","[0,10000[",*
336,"[0,500[","[0,1000[","[0,2000[","[0,4000[","[0,10000[","[0,10000[",*
337,"[0,500[","[0,1000[","[0,2000[","[0,4000[","[0,10000[","[0,10000[",*
338,"[0,500[","[0,1000[","[0,2000[","[0,4000[","[0,10000[","[0,10000[",*
339,"[0,500[","[0,1000[","[0,2000[","[0,4000[","[0,10000[","[0,10000[",*
340,"[0,500[","[0,1000[","[0,2000[","[0,4000[","[0,10000[","[0,10000[",*
341,"[0,500[","[0,1000[","[0,2000[","[0,4000[","[0,10000[","[0,10000[",*
342,"[0,500[","[0,1000[","[0,2000[","[0,4000[","[0,10000[","[0,10000[",*
343,"[0,500[","[0,1000[","[0,2000[","[0,4000[","[0,10000[","[0,10000[",*
344,"[0,500[","[0,1000[","[0,2000[","[0,4000[","[0,10000[","[0,10000[",*
345,"[0,500[","[0,1000[","[0,2000[","[0,4000[","[0,10000[","[0,10000[",*
346,"[0,500[","[0,1000[","[0,2000[","[0,4000[","[0,10000[","[0,10000[",*
347,"[0,500[","[0,1000[","[0,2000[","[0,4000[","[0,10000[","[0,10000[",*
348,"[0,500[","[0,1000[","[0,2000[","[0,4000[","[0,10000[","[0,10000[",*
349,"[0,500[","[0,1000[","[0,2000[","[0,4000[","[0,10000[","[0,10000[",*
350,"[0,500[","[0,1000[","[0,2000[","[0,4000[","[0,10000[","[0,10000[",*
351,"[0,500[","[0,1000[","[0,2000[","[0,4000[","[0,10000[","[0,10000[",*
352,"[0,500[","[0,1000[","[0,2000[","[0,4000[","[0,10000[","[0,10000[",*
353,"[0,500[","[0,1000[","[0,2000[","[0,4000[","[0,10000[","[0,10000[",*
354,"[0,500[","[0,1000[","[0,2000[","[0,4000[","[0,10000[","[0,10000[",*
355,"[0,500[","[0,1000[","[0,2000[","[0,4000[","[0,10000[","[0,10000[",*
356,"[0,500[","[0,1000[","[0,2000[","[0,4000[","[0,10000[","[0,10000[",*
357,"[0,500[","[0,1000[","[0,2000[","[0,4000[","[0,10000[","[0,10000[",*
358,"[0,500[","[0,1000[","[0,2000[","[0,4000[","[0,10000[","[0,10000[",*
359,"[0,500[","[0,1000[","[0,2000[","[0,4000[","[0,10000[","[0,10000[",*
360,"[0,500[","[0,1000[","[0,2000[","[0,4000[","[0,10000[","[0,10000[",*
361,"[0,500[","[0,1000[","[0,2000[","[0,4000[","[0,10000[","[0,10000[",*
362,"[0,500[","[0,1000[","[0,2000[","[0,4000[","[0,10000[","[0,10000[",*
363,"[0,500[","[0,1000[","[0,2000[","[0,4000[","[0,10000[","[0,10000[",*
364,"[0,500[","[0,1000[","[0,2000[","[0,4000[","[0,10000[","[0,10000[",*
365,"[0,500[","[0,1000[","[0,2000[","[0,4000[","[0,10000[","[0,10000[",*
366,"[0,500[","[0,1000[","[0,2000[","[0,4000[","[0,10000[","[0,10000[",*
367,"[0,500[","[0,1000[","[0,2000[","[0,4000[","[0,10000[","[0,10000[",*
368,"[0,500[","[0,1000[","[0,2000[","[0,4000[","[0,10000[","[0,10000[",*
369,"[0,500[","[0,1000[","[0,2000[","[0,4000[","[0,10000[","[0,10000[",*
370,"[0,500[","[0,1000[","[0,2000[","[0,4000[","[0,10000[","[0,10000[",*
371,"[0,500[","[0,1000[","[0,2000[","[0,4000[","[0,10000[","[0,10000[",*
372,"[0,500[","[0,1000[","[0,2000[","[0,4000[","[0,10000[","[0,10000[",*
373,"[0,500[","[0,1000[","[0,2000[","[0,4000[","[0,10000[","[0,10000[",*
374,"[0,500[","[0,1000[","[0,2000[","[0,4000[","[0,10000[","[0,10000[",*
375,"[0,500[","[0,1000[","[0,2000[","[0,4000[","[0,10000[","[0,10000[",*
376,"[0,500[","[0,1000[","[0,2000[","[0,4000[","[0,10000[","[0,10000[",*
377,"[0,500[","[0,1000[","[0,2000[","[0,4000[","[0,10000[","[0,10000[",*
378,"[0,500[","[0,1000[","[0,2000[","[0,4000[","[0,10000[","[0,10000[",*
379,"[0,500[","[0,1000[","[0,2000[","[0,4000[","[0,10000[","[0,10000[",*
380,"[0,500[","[0,1000[","[0,2000[","[0,4000[","[0,10000[","[0,10000[",*
381,"[0,500[","[0,1000[","[0,2000[","[0,4000[","[0,10000[","[0,10000[",*
382,"[0,500[","[0,1000[","[0,2000[","[0,4000[","[0,10000[","[0,10000[",*
383,"[0,500[","[0,1000[","[0,2000[","[0,4000[","[0,10000[","[0,10000[",*
384,"[0,500[","[0,1000[","[0,2000[","[0,4000[","[0,10000[","[0,10000[",*
385,"[0,500[","[0,1000[","[0,2000[","[0,4000[","[0,10000[","[0,10000[",*
386,"[0,500[","[0,1000[","[0,2000[","[0,4000[","[0,10000[","[0,10000[",*
387,"[0,500[","[0,1000[","[0,2000[","[0,4000[","[0,10000[","[0,10000[",*
388,"[0,500[","[0,1000[","[0,2000[","[0,4000[","[0,10000[","[0,10000[",*
389,"[0,500[","[0,1000[","[0,2000[","[0,4000[","[0,10000[","[0,10000[",*
390,"[0,500[","[0,1000[","[0,2000[","[0,4000[","[0,10000[","[0,10000[",*
391,"[0,500[","[0,1000[","[0,2000[","[0,4000[","[0,10000[","[0,10000[",*
392,"[0,500[","[0,1000[","[0,2000[","[0,4000[","[0,10000[","[0,10000[",*
393,"[0,500[","[0,1000[","[0,2000[","[0,4000[","[0,10000[","[0,10000[",*
394,"[0,500[","[0,1000[","[0,2000[","[0,4000[","[0,10000[","[0,10000[",*
395,"[0,500[","[0,1000[","[0,2000[","[0,4000[","[0,10000[","[0,10000[",*
396,"[0,500[","[0,1000[","[0,2000[","[0,4000[","[0,10000[","[0,10000[",*
397,"[0,500[","[0,1000[","[0,2000[","[0,4000[","[0,10000[","[0,10000[",*
398,"[0,500[","[0,1000[","[0,2000[","[0,4000[","[0,10000[","[0,10000[",*
399,"[0,500[","[0,1000[","[0,2000[","[0,4000[","[0,10000[","[0,10000[",*
400,"[0,500[","[0,1000[","[0,2000[","[0,4000[","[0,10000[","[0,10000[",*
401,"[0,500[","[0,1000[","[0,2000[","[0,4000[","[0,10000[","[0,10000[",*
402,"[0,500[","[0,1000[","[0,2000[","[0,4000[","[0,10000[","[0,10000[",*
403,"[0,500[","[0,1000[","[0,2000[","[0,4000[","[0,10000[","[0,10000[",*
404,"[0,500[","[0,1000[","[0,2000[","[0,4000[","[0,10000[","[0,10000[",*
405,"[0,500[","[0,1000[","[0,2000[","[0,4000[","[0,10000[","[0,10000[",*
406,"[0,500[","[0,1000[","[0,2000[","[0,4000[","[0,10000[","[0,10000[",*
407,"[0,500[","[0,1000[","[0,2000[","[0,4000[","[0,10000[","[0,10000[",*
408,"[0,500[","[0,1000[","[0,2000[","[0,4000[","[0,10000[","[0,10000[",*
409,"[0,500[","[0,1000[","[0,2000[","[0,4000[","[0,10000[","[0,10000[",*
410,"[0,500[","[0,1000[","[0,2000[","[0,4000[","[0,10000[","[0,10000[",*
411,"[0,500[","[0,1000[","[0,2000[","[0,4000[","[0,10000[","[0,10000[",*
412,"[0,500[","[0,1000[","[0,2000[","[0,4000[","[0,10000[","[0,10000[",*
413,"[0,500[","[0,1000[","[0,2000[","[0,4000[","[0,10000[","[0,10000[",*
414,"[0,500[","[0,1000[","[0,2000[","[0,4000[","[0,10000[","[0,10000[",*
415,"[0,500[","[0,1000[","[0,2000[","[0,4000[","[0,10000[","[0,10000[",*
416,"[0,500[","[0,1000[","[0,2000[","[0,4000[","[0,10000[","[0,10000[",*
417,"[0,500[","[0,1000[","[0,2000[","[0,4000[","[0,10000[","[0,10000[",*
418,"[0,500[","[0,1000[","[0,2000[","[0,4000[","[0,10000[","[0,10000[",*
419,"[0,500[","[0,1000[","[0,2000[","[0,4000[","[0,10000[","[0,10000[",*
420,"[0,500[","[0,1000[","[0,2000[","[0,4000[","[0,10000[","[0,10000[",*
421,"[0,500[","[0,1000[","[0,2000[","[0,4000[","[0,10000[","[0,10000[",*
422,"[0,500[","[0,1000[","[0,2000[","[0,4000[","[0,10000[","[0,10000[",*
423,"[0,500[","[0,1000[","[0,2000[","[0,4000[","[0,10000[","[0,10000[",*
424,"[0,500[","[0,1000[","[0,2000[","[0,4000[","[0,10000[","[0,10000[",*
425,"[0,500[","[0,1000[","[0,2000[","[0,4000[","[0,10000[","[0,10000[",*
426,"[0,500[","[0,1000[","[0,2000[","[0,4000[","[0,10000[","[0,10000[",*
427,"[0,500[","[0,1000[","[0,2000[","[0,4000[","[0,10000[","[0,10000[",*
428,"[0,500[","[0,1000[","[0,2000[","[0,4000[","[0,10000[","[0,10000[",*
429,"[0,500[","[0,1000[","[0,2000[","[0,4000[","[0,10000[","[0,10000[",*
430,"[0,500[","[0,1000[","[0,2000[","[0,4000[","[0,10000[","[0,10000[",*
431,"[0,500[","[0,1000[","[0,2000[","[0,4000[","[0,10000[","[0,10000[",*
432,"[0,500[","[0,1000[","[0,2000[","[0,4000[","[0,10000[","[0,10000[",*
433,"[0,500[","[0,1000[","[0,2000[","[0,4000[","[0,10000[","[0,10000[",*
434,"[0,500[","[0,1000[","[0,2000[","[0,4000[","[0,10000[","[0,10000[",*
435,"[0,500[","[0,1000[","[0,2000[","[0,4000[","[0,10000[","[0,10000[",*
436,"[0,500[","[0,1000[","[0,2000[","[0,4000[","[0,10000[","[0,10000[",*
437,"[0,500[","[0,1000[","[0,2000[","[0,4000[","[0,10000[","[0,10000[",*
438,"[0,500[","[0,1000[","[0,2000[","[0,4000[","[0,10000[","[0,10000[",*
439,"[0,500[","[0,1000[","[0,2000[","[0,4000[","[0,10000[","[0,10000[",*
440,"[0,500[","[0,1000[","[0,2000[","[0,4000[","[0,10000[","[0,10000[",*
441,"[0,500[","[0,1000[","[0,2000[","[0,4000[","[0,10000[","[0,10000[",*
442,"[0,500[","[0,1000[","[0,2000[","[0,4000[","[0,10000[","[0,10000[",*
443,"[0,500[","[0,1000[","[0,2000[","[0,4000[","[0,10000[","[0,10000[",*
444,"[0,500[","[0,1000[","[0,2000[","[0,4000[","[0,10000[","[0,10000[",*
445,"[0,500[","[0,1000[","[0,2000[","[0,4000[","[0,10000[","[0,10000[",*
446,"[0,500[","[0,1000[","[0,2000[","[0,4000[","[0,10000[","[0,10000[",*
447,"[0,500[","[0,1000[","[0,2000[","[0,4000[","[0,10000[","[0,10000[",*
448,"[0,500[","[0,1000[","[0,2000[","[0,4000[","[0,10000[","[0,10000[",*
449,"[0,500[","[0,1000[","[0,2000[","[0,4000[","[0,10000[","[0,10000[",*
450,"[0,500[","[0,1000[","[0,2000[","[0,4000[","[0,10000[","[0,10000[",*
451,"[0,500[","[0,1000[","[0,2000[","[0,4000[","[0,10000[","[0,10000[",*
452,"[0,500[","[0,1000[","[0,2000[","[0,4000[","[0,10000[","[0,10000[",*
453,"[0,500[","[0,1000[","[0,2000[","[0,4000[","[0,10000[","[0,10000[",*
454,"[0,500[","[0,1000[","[0,2000[","[0,4000[","[0,10000[","[0,10000[",*
455,"[0,500[","[0,1000[","[0,2000[","[0,4000[","[0,10000[","[0,10000[",*
456,"[0,500[","[0,1000[","[0,2000[","[0,4000[","[0,10000[","[0,10000[",*
457,"[0,500[","[0,1000[","[0,2000[","[0,4000[","[0,10000[","[0,10000[",*
458,"[0,500[","[0,1000[","[0,2000[","[0,4000[","[0,10000[","[0,10000[",*
459,"[0,500[","[0,1000[","[0,2000[","[0,4000[","[0,10000[","[0,10000[",*
460,"[0,500[","[0,1000[","[0,2000[","[0,4000[","[0,10000[","[0,10000[",*
461,"[0,500[","[0,1000[","[0,2000[","[0,4000[","[0,10000[","[0,10000[",*
462,"[0,500[","[0,1000[","[0,2000[","[0,4000[","[0,10000[","[0,10000[",*
463,"[0,500[","[0,1000[","[0,2000[","[0,4000[","[0,10000[","[0,10000[",*
464,"[0,500[","[0,1000[","[0,2000[","[0,4000[","[0,10000[","[0,10000[",*
465,"[0,500[","[0,1000[","[0,2000[","[0,4000[","[0,10000[","[0,10000[",*
466,"[0,500[","[0,1000[","[0,2000[","[0,4000[","[0,10000[","[0,10000[",*
467,"[0,500[","[0,1000[","[0,2000[","[0,4000[","[0,10000[","[0,10000[",*
468,"[0,500[","[0,1000[","[0,2000[","[0,4000[","[0,10000[","[0,10000[",*
469,"[0,500[","[0,1000[","[0,2000[","[0,4000[","[0,10000[","[0,10000[",*
470,"[0,500[","[0,1000[","[0,2000[","[0,4000[","[0,10000[","[0,10000[",*
471,"[0,500[","[0,1000[","[0,2000[","[0,4000[","[0,10000[","[0,10000[",*
472,"[0,500[","[0,1000[","[0,2000[","[0,4000[","[0,10000[","[0,10000[",*
473,"[0,500[","[0,1000[","[0,2000[","[0,4000[","[0,10000[","[0,10000[",*
474,"[0,500[","[0,1000[","[0,2000[","[0,4000[","[0,10000[","[0,10000[",*
475,"[0,500[","[0,1000[","[0,2000[","[0,4000[","[0,10000[","[0,10000[",*
476,"[0,500[","[0,1000[","[0,2000[","[0,4000[","[0,10000[","[0,10000[",*
477,"[0,500[","[0,1000[","[0,2000[","[0,4000[","[0,10000[","[0,10000[",*
478,"[0,500[","[0,1000[","[0,2000[","[0,4000[","[0,10000[","[0,10000[",*
479,"[0,500[","[0,1000[","[0,2000[","[0,4000[","[0,10000[","[0,10000[",*
480,"[0,500[","[0,1000[","[0,2000[","[0,4000[","[0,10000[","[0,10000[",*
481,"[0,500[","[0,1000[","[0,2000[","[0,4000[","[0,10000[","[0,10000[",*
482,"[0,500[","[0,1000[","[0,2000[","[0,4000[","[0,10000[","[0,10000[",*
483,"[0,500[","[0,1000[","[0,2000[","[0,4000[","[0,10000[","[0,10000[",*
484,"[0,500[","[0,1000[","[0,2000[","[0,4000[","[0,10000[","[0,10000[",*
485,"[0,500[","[0,1000[","[0,2000[","[0,4000[","[0,10000[","[0,10000[",*
486,"[0,500[","[0,1000[","[0,2000[","[0,4000[","[0,10000[","[0,10000[",*
487,"[0,500[","[0,1000[","[0,2000[","[0,4000[","[0,10000[","[0,10000[",*
488,"[0,500[","[0,1000[","[0,2000[","[0,4000[","[0,10000[","[0,10000[",*
489,"[0,500[","[0,1000[","[0,2000[","[0,4000[","[0,10000[","[0,10000[",*
490,"[0,500[","[0,1000[","[0,2000[","[0,4000[","[0,10000[","[0,10000[",*
491,"[0,500[","[0,1000[","[0,2000[","[0,4000[","[0,10000[","[0,10000[",*
492,"[0,500[","[0,1000[","[0,2000[","[0,4000[","[0,10000[","[0,10000[",*
493,"[0,500[","[0,1000[","[0,2000[","[0,4000[","[0,10000[","[0,10000[",*
494,"[0,500[","[0,1000[","[0,2000[","[0,4000[","[0,10000[","[0,10000[",*
495,"[0,500[","[0,1000[","[0,2000[","[0,4000[","[0,10000[","[0,10000[",*
496,"[0,500[","[0,1000[","[0,2000[","[0,4000[","[0,10000[","[0,10000[",*
497,"[0,500[","[0,1000[","[0,2000[","[0,4000[","[0,10000[","[0,10000[",*
498,"[0,500[","[0,1000[","[0,2000[","[0,4000[","[0,10000[","[0,10000[",*
499,"[0,500[","[0,1000[","[0,2000[","[0,4000[","[0,10000[","[0,10000[",*
500,"[500,1000[","[0,1000[","[0,2000[","[0,4000[","[0,10000[","[0,10000[",*
501,"[500,1000[","[0,1000[","[0,2000[","[0,4000[","[0,10000[","[0,10000[",*
502,"[500,1000[","[0,1000[","[0,2000[","[0,4000[","[0,10000[","[0,10000[",*
503,"[500,1000[","[0,1000[","[0,2000[","[0,4000[","[0,10000[","[0,10000[",*
504,"[500,1000[","[0,1000[","[0,2000[","[0,4000[","[0,10000[","[0,10000[",*
505,"[500,1000[","[0,1000[","[0,2000[","[0,4000[","[0,10000[","[0,10000[",*
506,"[500,1000[","[0,1000[","[0,2000[","[0,4000[","[0,10000[","[0,10000[",*
507,"[500,1000[","[0,1000[","[0,2000[","[0,4000[","[0,10000[","[0,10000[",*
508,"[500,1000[","[0,1000[","[0,2000[","[0,4000[","[0,10000[","[0,10000[",*
509,"[500,1000[","[0,1000[","[0,2000[","[0,4000[","[0,10000[","[0,10000[",*
510,"[500,1000[","[0,1000[","[0,2000[","[0,4000[","[0,10000[","[0,10000[",*
511,"[500,1000[","[0,1000[","[0,2000[","[0,4000[","[0,10000[","[0,10000[",*
512,"[500,1000[","[0,1000[","[0,2000[","[0,4000[","[0,10000[","[0,10000[",*
513,"[500,1000[","[0,1000[","[0,2000[","[0,4000[","[0,10000[","[0,10000[",*
514,"[500,1000[","[0,1000[","[0,2000[","[0,4000[","[0,10000[","[0,10000[",*
515,"[500,1000[","[0,1000[","[0,2000[","[0,4000[","[0,10000[","[0,10000[",*
516,"[500,1000[","[0,1000[","[0,2000[","[0,4000[","[0,10000[","[0,10000[",*
517,"[500,1000[","[0,1000[","[0,2000[","[0,4000[","[0,10000[","[0,10000[",*
518,"[500,1000[","[0,1000[","[0,2000[","[0,4000[","[0,10000[","[0,10000[",*
519,"[500,1000[","[0,1000[","[0,2000[","[0,4000[","[0,10000[","[0,10000[",*
520,"[500,1000[","[0,1000[","[0,2000[","[0,4000[","[0,10000[","[0,10000[",*
521,"[500,1000[","[0,1000[","[0,2000[","[0,4000[","[0,10000[","[0,10000[",*
522,"[500,1000[","[0,1000[","[0,2000[","[0,4000[","[0,10000[","[0,10000[",*
523,"[500,1000[","[0,1000[","[0,2000[","[0,4000[","[0,10000[","[0,10000[",*
524,"[500,1000[","[0,1000[","[0,2000[","[0,4000[","[0,10000[","[0,10000[",*
525,"[500,1000[","[0,1000[","[0,2000[","[0,4000[","[0,10000[","[0,10000[",*
526,"[500,1000[","[0,1000[","[0,2000[","[0,4000[","[0,10000[","[0,10000[",*
527,"[500,1000[","[0,1000[","[0,2000[","[0,4000[","[0,10000[","[0,10000[",*
528,"[500,1000[","[0,1000[","[0,2000[","[0,4000[","[0,10000[","[0,10000[",*
529,"[500,1000[","[0,1000[","[0,2000[","[0,4000[","[0,10000[","[0,10000[",*
530,"[500,1000[","[0,1000[","[0,2000[","[0,4000[","[0,10000[","[0,10000[",*
531,"[500,1000[","[0,1000[","[0,2000[","[0,4000[","[0,10000[","[0,10000[",*
532,"[500,1000[","[0,1000[","[0,2000[","[0,4000[","[0,10000[","[0,10000[",*
533,"[500,1000[","[0,1000[","[0,2000[","[0,4000[","[0,10000[","[0,10000[",*
534,"[500,1000[","[0,1000[","[0,2000[","[0,4000[","[0,10000[","[0,10000[",*
535,"[500,1000[","[0,1000[","[0,2000[","[0,4000[","[0,10000[","[0,10000[",*
536,"[500,1000[","[0,1000[","[0,2000[","[0,4000[","[0,10000[","[0,10000[",*
537,"[500,1000[","[0,1000[","[0,2000[","[0,4000[","[0,10000[","[0,10000[",*
538,"[500,1000[","[0,1000[","[0,2000[","[0,4000[","[0,10000[","[0,10000[",*
539,"[500,1000[","[0,1000[","[0,2000[","[0,4000[","[0,10000[","[0,10000[",*
540,"[500,1000[","[0,1000[","[0,2000[","[0,4000[","[0,10000[","[0,10000[",*
541,"[500,1000[","[0,1000[","[0,2000[","[0,4000[","[0,10000[","[0,10000[",*
542,"[500,1000[","[0,1000[","[0,2000[","[0,4000[","[0,10000[","[0,10000[",*
543,"[500,1000[","[0,1000[","[0,2000[","[0,4000[","[0,10000[","[0,10000[",*
544,"[500,1000[","[0,1000[","[0,2000[","[0,4000[","[0,10000[","[0,10000[",*
545,"[500,1000[","[0,1000[","[0,2000[","[0,4000[","[0,10000[","[0,10000[",*
546,"[500,1000[","[0,1000[","[0,2000[","[0,4000[","[0,10000[","[0,10000[",*
547,"[500,1000[","[0,1000[","[0,2000[","[0,4000[","[0,10000[","[0,10000[",*
548,"[500,1000[","[0,1000[","[0,2000[","[0,4000[","[0,10000[","[0,10000[",*
549,"[500,1000[","[0,1000[","[0,2000[","[0,4000[","[0,10000[","[0,10000[",*
550,"[500,1000[","[0,1000[","[0,2000[","[0,4000[","[0,10000[","[0,10000[",*
551,"[500,1000[","[0,1000[","[0,2000[","[0,4000[","[0,10000[","[0,10000[",*
552,"[500,1000[","[0,1000[","[0,2000[","[0,4000[","[0,10000[","[0,10000[",*
553,"[500,1000[","[0,1000[","[0,2000[","[0,4000[","[0,10000[","[0,10000[",*
554,"[500,1000[","[0,1000[","[0,2000[","[0,4000[","[0,10000[","[0,10000[",*
555,"[500,1000[","[0,1000[","[0,2000[","[0,4000[","[0,10000[","[0,10000[",*
556,"[500,1000[","[0,1000[","[0,2000[","[0,4000[","[0,10000[","[0,10000[",*
557,"[500,1000[","[0,1000[","[0,2000[","[0,4000[","[0,10000[","[0,10000[",*
558,"[500,1000[","[0,1000[","[0,2000[","[0,4000[","[0,10000[","[0,10000[",*
559,"[500,1000[","[0,1000[","[0,2000[","[0,4000[","[0,10000[","[0,10000[",*
560,"[500,1000[","[0,1000[","[0,2000[","[0,4000[","[0,10000[","[0,10000[",*
561,"[500,1000[","[0,1000[","[0,2000[","[0,4000[","[0,10000[","[0,10000[",*
562,"[500,1000[","[0,1000[","[0,2000[","[0,4000[","[0,10000[","[0,10000[",*
563,"[500,1000[","[0,1000[","[0,2000[","[0,4000[","[0,10000[","[0,10000[",*
564,"[500,1000[","[0,1000[","[0,2000[","[0,4000[","[0,10000[","[0,10000[",*
565,"[500,1000[","[0,1000[","[0,2000[","[0,4000[","[0,10000[","[0,10000[",*
566,"[500,1000[","[0,1000[","[0,2000[","[0,4000[","[0,10000[","[0,10000[",*
567,"[500,1000[","[0,1000[","[0,2000[","[0,4000[","[0,10000[","[0,10000[",*
568,"[500,1000[","[0,1000[","[0,2000[","[0,4000[","[0,10000[","[0,10000[",*
569,"[500,1000[","[0,1000[","[0,2000[","[0,4000[","[0,10000[","[0,10000[",*
570,"[500,1000[","[0,1000[","[0,2000[","[0,4000[","[0,10000[","[0,10000[",*
571,"[500,1000[","[0,1000[","[0,2000[","[0,4000[","[0,10000[","[0,10000[",*
572,"[500,1000[","[0,1000[","[0,2000[","[0,4000[","[0,10000[","[0,10000[",*
573,"[500,1000[","[0,1000[","[0,2000[","[0,4000[","[0,10000[","[0,10000[",*
574,"[500,1000[","[0,1000[","[0,2000[","[0,4000[","[0,10000[","[0,10000[",*
575,"[500,1000[","[0,1000[","[0,2000[","[0,4000[","[0,10000[","[0,10000[",*
576,"[500,1000[","[0,1000[","[0,2000[","[0,4000[","[0,10000[","[0,10000[",*
577,"[500,1000[","[0,1000[","[0,2000[","[0,4000[","[0,10000[","[0,10000[",*
578,"[500,1000[","[0,1000[","[0,2000[","[0,4000[","[0,10000[","[0,10000[",*
579,"[500,1000[","[0,1000[","[0,2000[","[0,4000[","[0,10000[","[0,10000[",*
580,"[500,1000[","[0,1000[","[0,2000[","[0,4000[","[0,10000[","[0,10000[",*
581,"[500,1000[","[0,1000[","[0,2000[","[0,4000[","[0,10000[","[0,10000[",*
582,"[500,1000[","[0,1000[","[0,2000[","[0,4000[","[0,10000[","[0,10000[",*
583,"[500,1000[","[0,1000[","[0,2000[","[0,4000[","[0,10000[","[0,10000[",*
584,"[500,1000[","[0,1000[","[0,2000[","[0,4000[","[0,10000[","[0,10000[",*
585,"[500,1000[","[0,1000[","[0,2000[","[0,4000[","[0,10000[","[0,10000[",*
586,"[500,1000[","[0,1000[","[0,2000[","[0,4000[","[0,10000[","[0,10000[",*
587,"[500,1000[","[0,1000[","[0,2000[","[0,4000[","[0,10000[","[0,10000[",*
588,"[500,1000[","[0,1000[","[0,2000[","[0,4000[","[0,10000[","[0,10000[",*
589,"[500,1000[","[0,1000[","[0,2000[","[0,4000[","[0,10000[","[0,10000[",*
590,"[500,1000[","[0,1000[","[0,2000[","[0,4000[","[0,10000[","[0,10000[",*
591,"[500,1000[","[0,1000[","[0,2000[","[0,4000[","[0,10000[","[0,10000[",*
592,"[500,1000[","[0,1000[","[0,2000[","[0,4000[","[0,10000[","[0,10000[",*
593,"[500,1000[","[0,1000[","[0,2000[","[0,4000[","[0,10000[","[0,10000[",*
594,"[500,1000[","[0,1000[","[0,2000[","[0,4000[","[0,10000[","[0,10000[",*
595,"[500,1000[","[0,1000[","[0,2000[","[0,4000[","[0,10000[","[0,10000[",*
596,"[500,1000[","[0,1000[","[0,2000[","[0,4000[","[0,10000[","[0,10000[",*
597,"[500,1000[","[0,1000[","[0,2000[","[0,4000[","[0,10000[","[0,10000[",*
598,"[500,1000[","[0,1000[","[0,2000[","[0,4000[","[0,10000[","[0,10000[",*
599,"[500,1000[","[0,1000[","[0,2000[","[0,4000[","[0,10000[","[0,10000[",*
600,"[500,1000[","[0,1000[","[0,2000[","[0,4000[","[0,10000[","[0,10000[",*
601,"[500,1000[","[0,1000[","[0,2000[","[0,4000[","[0,10000[","[0,10000[",*
602,"[500,1000[","[0,1000[","[0,2000[","[0,4000[","[0,10000[","[0,10000[",*
603,"[500,1000[","[0,1000[","[0,2000[","[0,4000[","[0,10000[","[0,10000[",*
604,"[500,1000[","[0,1000[","[0,2000[","[0,4000[","[0,10000[","[0,10000[",*
605,"[500,1000[","[0,1000[","[0,2000[","[0,4000[","[0,10000[","[0,10000[",*
606,"[500,1000[","[0,1000[","[0,2000[","[0,4000[","[0,10000[","[0,10000[",*
607,"[500,1000[","[0,1000[","[0,2000[","[0,4000[","[0,10000[","[0,10000[",*
608,"[500,1000[","[0,1000[","[0,2000[","[0,4000[","[0,10000[","[0,10000[",*
609,"[500,1000[","[0,1000[","[0,2000[","[0,4000[","[0,10000[","[0,10000[",*
610,"[500,1000[","[0,1000[","[0,2000[","[0,4000[","[0,10000[","[0,10000[",*
611,"[500,1000[","[0,1000[","[0,2000[","[0,4000[","[0,10000[","[0,10000[",*
612,"[500,1000[","[0,1000[","[0,2000[","[0,4000[","[0,10000[","[0,10000[",*
613,"[500,1000[","[0,1000[","[0,2000[","[0,4000[","[0,10000[","[0,10000[",*
614,"[500,1000[","[0,1000[","[0,2000[","[0,4000[","[0,10000[","[0,10000[",*
615,"[500,1000[","[0,1000[","[0,2000[","[0,4000[","[0,10000[","[0,10000[",*
616,"[500,1000[","[0,1000[","[0,2000[","[0,4000[","[0,10000[","[0,10000[",*
617,"[500,1000[","[0,1000[","[0,2000[","[0,4000[","[0,10000[","[0,10000[",*
618,"[500,1000[","[0,1000[","[0,2000[","[0,4000[","[0,10000[","[0,10000[",*
619,"[500,1000[","[0,1000[","[0,2000[","[0,4000[","[0,10000[","[0,10000[",*
620,"[500,1000[","[0,1000[","[0,2000[","[0,4000[","[0,10000[","[0,10000[",*
621,"[500,1000[","[0,1000[","[0,2000[","[0,4000[","[0,10000[","[0,10000[",*
622,"[500,1000[","[0,1000[","[0,2000[","[0,4000[","[0,10000[","[0,10000[",*
623,"[500,1000[","[0,1000[","[0,2000[","[0,4000[","[0,10000[","[0,10000[",*
624,"[500,1000[","[0,1000[","[0,2000[","[0,4000[","[0,10000[","[0,10000[",*
625,"[500,1000[","[0,1000[","[0,2000[","[0,4000[","[0,10000[","[0,10000[",*
626,"[500,1000[","[0,1000[","[0,2000[","[0,4000[","[0,10000[","[0,10000[",*
627,"[500,1000[","[0,1000[","[0,2000[","[0,4000[","[0,10000[","[0,10000[",*
628,"[500,1000[","[0,1000[","[0,2000[","[0,4000[","[0,10000[","[0,10000[",*
629,"[500,1000[","[0,1000[","[0,2000[","[0,4000[","[0,10000[","[0,10000[",*
630,"[500,1000[","[0,1000[","[0,2000[","[0,4000[","[0,10000[","[0,10000[",*
631,"[500,1000[","[0,1000[","[0,2000[","[0,4000[","[0,10000[","[0,10000[",*
632,"[500,1000[","[0,1000[","[0,2000[","[0,4000[","[0,10000[","[0,10000[",*
633,"[500,1000[","[0,1000[","[0,2000[","[0,4000[","[0,10000[","[0,10000[",*
634,"[500,1000[","[0,1000[","[0,2000[","[0,4000[","[0,10000[","[0,10000[",*
635,"[500,1000[","[0,1000[","[0,2000[","[0,4000[","[0,10000[","[0,10000[",*
636,"[500,1000[","[0,1000[","[0,2000[","[0,4000[","[0,10000[","[0,10000[",*
637,"[500,1000[","[0,1000[","[0,2000[","[0,4000[","[0,10000[","[0,10000[",*
638,"[500,1000[","[0,1000[","[0,2000[","[0,4000[","[0,10000[","[0,10000[",*
639,"[500,1000[","[0,1000[","[0,2000[","[0,4000[","[0,10000[","[0,10000[",*
640,"[500,1000[","[0,1000[","[0,2000[","[0,4000[","[0,10000[","[0,10000[",*
641,"[500,1000[","[0,1000[","[0,2000[","[0,4000[","[0,10000[","[0,10000[",*
642,"[500,1000[","[0,1000[","[0,2000[","[0,4000[","[0,10000[","[0,10000[",*
643,"[500,1000[","[0,1000[","[0,2000[","[0,4000[","[0,10000[","[0,10000[",*
644,"[500,1000[","[0,1000[","[0,2000[","[0,4000[","[0,10000[","[0,10000[",*
645,"[500,1000[","[0,1000[","[0,2000[","[0,4000[","[0,10000[","[0,10000[",*
646,"[500,1000[","[0,1000[","[0,2000[","[0,4000[","[0,10000[","[0,10000[",*
647,"[500,1000[","[0,1000[","[0,2000[","[0,4000[","[0,10000[","[0,10000[",*
648,"[500,1000[","[0,1000[","[0,2000[","[0,4000[","[0,10000[","[0,10000[",*
649,"[500,1000[","[0,1000[","[0,2000[","[0,4000[","[0,10000[","[0,10000[",*
650,"[500,1000[","[0,1000[","[0,2000[","[0,4000[","[0,10000[","[0,10000[",*
651,"[500,1000[","[0,1000[","[0,2000[","[0,4000[","[0,10000[","[0,10000[",*
652,"[500,1000[","[0,1000[","[0,2000[","[0,4000[","[0,10000[","[0,10000[",*
653,"[500,1000[","[0,1000[","[0,2000[","[0,4000[","[0,10000[","[0,10000[",*
654,"[500,1000[","[0,1000[","[0,2000[","[0,4000[","[0,10000[","[0,10000[",*
655,"[500,1000[","[0,1000[","[0,2000[","[0,4000[","[0,10000[","[0,10000[",*
656,"[500,1000[","[0,1000[","[0,2000[","[0,4000[","[0,10000[","[0,10000[",*
657,"[500,1000[","[0,1000[","[0,2000[","[0,4000[","[0,10000[","[0,10000[",*
658,"[500,1000[","[0,1000[","[0,2000[","[0,4000[","[0,10000[","[0,10000[",*
659,"[500,1000[","[0,1000[","[0,2000[","[0,4000[","[0,10000[","[0,10000[",*
660,"[500,1000[","[0,1000[","[0,2000[","[0,4000[","[0,10000[","[0,10000[",*
661,"[500,1000[","[0,1000[","[0,2000[","[0,4000[","[0,10000[","[0,10000[",*
662,"[500,1000[","[0,1000[","[0,2000[","[0,4000[","[0,10000[","[0,10000[",*
663,"[500,1000[","[0,1000[","[0,2000[","[0,4000[","[0,10000[","[0,10000[",*
664,"[500,1000[","[0,1000[","[0,2000[","[0,4000[","[0,10000[","[0,10000[",*
665,"[500,1000[","[0,1000[","[0,2000[","[0,4000[","[0,10000[","[0,10000[",*
666,"[500,1000[","[0,1000[","[0,2000[","[0,4000[","[0,10000[","[0,10000[",*
667,"[500,1000[","[0,1000[","[0,2000[","[0,4000[","[0,10000[","[0,10000[",*
668,"[500,1000[","[0,1000[","[0,2000[","[0,4000[","[0,10000[","[0,10000[",*
669,"[500,1000[","[0,1000[","[0,2000[","[0,4000[","[0,10000[","[0,10000[",*
670,"[500,1000[","[0,1000[","[0,2000[","[0,4000[","[0,10000[","[0,10000[",*
671,"[500,1000[","[0,1000[","[0,2000[","[0,4000[","[0,10000[","[0,10000[",*
672,"[500,1000[","[0,1000[","[0,2000[","[0,4000[","[0,10000[","[0,10000[",*
673,"[500,1000[","[0,1000[","[0,2000[","[0,4000[","[0,10000[","[0,10000[",*
674,"[500,1000[","[0,1000[","[0,2000[","[0,4000[","[0,10000[","[0,10000[",*
675,"[500,1000[","[0,1000[","[0,2000[","[0,4000[","[0,10000[","[0,10000[",*
676,"[500,1000[","[0,1000[","[0,2000[","[0,4000[","[0,10000[","[0,10000[",*
677,"[500,1000[","[0,1000[","[0,2000[","[0,4000[","[0,10000[","[0,10000[",*
678,"[500,1000[","[0,1000[","[0,2000[","[0,4000[","[0,10000[","[0,10000[",*
679,"[500,1000[","[0,1000[","[0,2000[","[0,4000[","[0,10000[","[0,10000[",*
680,"[500,1000[","[0,1000[","[0,2000[","[0,4000[","[0,10000[","[0,10000[",*
681,"[500,1000[","[0,1000[","[0,2000[","[0,4000[","[0,10000[","[0,10000[",*
682,"[500,1000[","[0,1000[","[0,2000[","[0,4000[","[0,10000[","[0,10000[",*
683,"[500,1000[","[0,1000[","[0,2000[","[0,4000[","[0,10000[","[0,10000[",*
684,"[500,1000[","[0,1000[","[0,2000[","[0,4000[","[0,10000[","[0,10000[",*
685,"[500,1000[","[0,1000[","[0,2000[","[0,4000[","[0,10000[","[0,10000[",*
686,"[500,1000[","[0,1000[","[0,2000[","[0,4000[","[0,10000[","[0,10000[",*
687,"[500,1000[","[0,1000[","[0,2000[","[0,4000[","[0,10000[","[0,10000[",*
688,"[500,1000[","[0,1000[","[0,2000[","[0,4000[","[0,10000[","[0,10000[",*
689,"[500,1000[","[0,1000[","[0,2000[","[0,4000[","[0,10000[","[0,10000[",*
690,"[500,1000[","[0,1000[","[0,2000[","[0,4000[","[0,10000[","[0,10000[",*
691,"[500,1000[","[0,1000[","[0,2000[","[0,4000[","[0,10000[","[0,10000[",*
692,"[500,1000[","[0,1000[","[0,2000[","[0,4000[","[0,10000[","[0,10000[",*
693,"[500,1000[","[0,1000[","[0,2000[","[0,4000[","[0,10000[","[0,10000[",*
694,"[500,1000[","[0,1000[","[0,2000[","[0,4000[","[0,10000[","[0,10000[",*
695,"[500,1000[","[0,1000[","[0,2000[","[0,4000[","[0,10000[","[0,10000[",*
696,"[500,1000[","[0,1000[","[0,2000[","[0,4000[","[0,10000[","[0,10000[",*
697,"[500,1000[","[0,1000[","[0,2000[","[0,4000[","[0,10000[","[0,10000[",*
698,"[500,1000[","[0,1000[","[0,2000[","[0,4000[","[0,10000[","[0,10000[",*
699,"[500,1000[","[0,1000[","[0,2000[","[0,4000[","[0,10000[","[0,10000[",*
700,"[500,1000[","[0,1000[","[0,2000[","[0,4000[","[0,10000[","[0,10000[",*
701,"[500,1000[","[0,1000[","[0,2000[","[0,4000[","[0,10000[","[0,10000[",*
702,"[500,1000[","[0,1000[","[0,2000[","[0,4000[","[0,10000[","[0,10000[",*
703,"[500,1000[","[0,1000[","[0,2000[","[0,4000[","[0,10000[","[0,10000[",*
704,"[500,1000[","[0,1000[","[0,2000[","[0,4000[","[0,10000[","[0,10000[",*
705,"[500,1000[","[0,1000[","[0,2000[","[0,4000[","[0,10000[","[0,10000[",*
706,"[500,1000[","[0,1000[","[0,2000[","[0,4000[","[0,10000[","[0,10000[",*
707,"[500,1000[","[0,1000[","[0,2000[","[0,4000[","[0,10000[","[0,10000[",*
708,"[500,1000[","[0,1000[","[0,2000[","[0,4000[","[0,10000[","[0,10000[",*
709,"[500,1000[","[0,1000[","[0,2000[","[0,4000[","[0,10000[","[0,10000[",*
710,"[500,1000[","[0,1000[","[0,2000[","[0,4000[","[0,10000[","[0,10000[",*
711,"[500,1000[","[0,1000[","[0,2000[","[0,4000[","[0,10000[","[0,10000[",*
712,"[500,1000[","[0,1000[","[0,2000[","[0,4000[","[0,10000[","[0,10000[",*
713,"[500,1000[","[0,1000[","[0,2000[","[0,4000[","[0,10000[","[0,10000[",*
714,"[500,1000[","[0,1000[","[0,2000[","[0,4000[","[0,10000[","[0,10000[",*
715,"[500,1000[","[0,1000[","[0,2000[","[0,4000[","[0,10000[","[0,10000[",*
716,"[500,1000[","[0,1000[","[0,2000[","[0,4000[","[0,10000[","[0,10000[",*
717,"[500,1000[","[0,1000[","[0,2000[","[0,4000[","[0,10000[","[0,10000[",*
718,"[500,1000[","[0,1000[","[0,2000[","[0,4000[","[0,10000[","[0,10000[",*
719,"[500,1000[","[0,1000[","[0,2000[","[0,4000[","[0,10000[","[0,10000[",*
720,"[500,1000[","[0,1000[","[0,2000[","[0,4000[","[0,10000[","[0,10000[",*
721,"[500,1000[","[0,1000[","[0,2000[","[0,4000[","[0,10000[","[0,10000[",*
722,"[500,1000[","[0,1000[","[0,2000[","[0,4000[","[0,10000[","[0,10000[",*
723,"[500,1000[","[0,1000[","[0,2000[","[0,4000[","[0,10000[","[0,10000[",*
724,"[500,1000[","[0,1000[","[0,2000[","[0,4000[","[0,10000[","[0,10000[",*
725,"[500,1000[","[0,1000[","[0,2000[","[0,4000[","[0,10000[","[0,10000[",*
726,"[500,1000[","[0,1000[","[0,2000[","[0,4000[","[0,10000[","[0,10000[",*
727,"[500,1000[","[0,1000[","[0,2000[","[0,4000[","[0,10000[","[0,10000[",*
728,"[500,1000[","[0,1000[","[0,2000[","[0,4000[","[0,10000[","[0,10000[",*
729,"[500,1000[","[0,1000[","[0,2000[","[0,4000[","[0,10000[","[0,10000[",*
730,"[500,1000[","[0,1000[","[0,2000[","[0,4000[","[0,10000[","[0,10000[",*
731,"[500,1000[","[0,1000[","[0,2000[","[0,4000[","[0,10000[","[0,10000[",*
732,"[500,1000[","[0,1000[","[0,2000[","[0,4000[","[0,10000[","[0,10000[",*
733,"[500,1000[","[0,1000[","[0,2000[","[0,4000[","[0,10000[","[0,10000[",*
734,"[500,1000[","[0,1000[","[0,2000[","[0,4000[","[0,10000[","[0,10000[",*
735,"[500,1000[","[0,1000[","[0,2000[","[0,4000[","[0,10000[","[0,10000[",*
736,"[500,1000[","[0,1000[","[0,2000[","[0,4000[","[0,10000[","[0,10000[",*
737,"[500,1000[","[0,1000[","[0,2000[","[0,4000[","[0,10000[","[0,10000[",*
738,"[500,1000[","[0,1000[","[0,2000[","[0,4000[","[0,10000[","[0,10000[",*
739,"[500,1000[","[0,1000[","[0,2000[","[0,4000[","[0,10000[","[0,10000[",*
740,"[500,1000[","[0,1000[","[0,2000[","[0,4000[","[0,10000[","[0,10000[",*
741,"[500,1000[","[0,1000[","[0,2000[","[0,4000[","[0,10000[","[0,10000[",*
742,"[500,1000[","[0,1000[","[0,2000[","[0,4000[","[0,10000[","[0,10000[",*
743,"[500,1000[","[0,1000[","[0,2000[","[0,4000[","[0,10000[","[0,10000[",*
744,"[500,1000[","[0,1000[","[0,2000[","[0,4000[","[0,10000[","[0,10000[",*
745,"[500,1000[","[0,1000[","[0,2000[","[0,4000[","[0,10000[","[0,10000[",*
746,"[500,1000[","[0,1000[","[0,2000[","[0,4000[","[0,10000[","[0,10000[",*
747,"[500,1000[","[0,1000[","[0,2000[","[0,4000[","[0,10000[","[0,10000[",*
748,"[500,1000[","[0,1000[","[0,2000[","[0,4000[","[0,10000[","[0,10000[",*
749,"[500,1000[","[0,1000[","[0,2000[","[0,4000[","[0,10000[","[0,10000[",*
750,"[500,1000[","[0,1000[","[0,2000[","[0,4000[","[0,10000[","[0,10000[",*
751,"[500,1000[","[0,1000[","[0,2000[","[0,4000[","[0,10000[","[0,10000[",*
752,"[500,1000[","[0,1000[","[0,2000[","[0,4000[","[0,10000[","[0,10000[",*
753,"[500,1000[","[0,1000[","[0,2000[","[0,4000[","[0,10000[","[0,10000[",*
754,"[500,1000[","[0,1000[","[0,2000[","[0,4000[","[0,10000[","[0,10000[",*
755,"[500,1000[","[0,1000[","[0,2000[","[0,4000[","[0,10000[","[0,10000[",*
756,"[500,1000[","[0,1000[","[0,2000[","[0,4000[","[0,10000[","[0,10000[",*
757,"[500,1000[","[0,1000[","[0,2000[","[0,4000[","[0,10000[","[0,10000[",*
758,"[500,1000[","[0,1000[","[0,2000[","[0,4000[","[0,10000[","[0,10000[",*
759,"[500,1000[","[0,1000[","[0,2000[","[0,4000[","[0,10000[","[0,10000[",*
760,"[500,1000[","[0,1000[","[0,2000[","[0,4000[","[0,10000[","[0,10000[",*
761,"[500,1000[","[0,1000[","[0,2000[","[0,4000[","[0,10000[","[0,10000[",*
762,"[500,1000[","[0,1000[","[0,2000[","[0,4000[","[0,10000[","[0,10000[",*
763,"[500,1000[","[0,1000[","[0,2000[","[0,4000[","[0,10000[","[0,10000[",*
764,"[500,1000[","[0,1000[","[0,2000[","[0,4000[","[0,10000[","[0,10000[",*
765,"[500,1000[","[0,1000[","[0,2000[","[0,4000[","[0,10000[","[0,10000[",*
766,"[500,1000[","[0,1000[","[0,2000[","[0,4000[","[0,10000[","[0,10000[",*
767,"[500,1000[","[0,1000[","[0,2000[","[0,4000[","[0,10000[","[0,10000[",*
768,"[500,1000[","[0,1000[","[0,2000[","[0,4000[","[0,10000[","[0,10000[",*
769,"[500,1000[","[0,1000[","[0,2000[","[0,4000[","[0,10000[","[0,10000[",*
770,"[500,1000[","[0,1000[","[0,2000[","[0,4000[","[0,10000[","[0,10000[",*
771,"[500,1000[","[0,1000[","[0,2000[","[0,4000[","[0,10000[","[0,10000[",*
772,"[500,1000[","[0,1000[","[0,2000[","[0,4000[","[0,10000[","[0,10000[",*
773,"[500,1000[","[0,1000[","[0,2000[","[0,4000[","[0,10000[","[0,10000[",*
774,"[500,1000[","[0,1000[","[0,2000[","[0,4000[","[0,10000[","[0,10000[",*
775,"[500,1000[","[0,1000[","[0,2000[","[0,4000[","[0,10000[","[0,10000[",*
776,"[500,1000[","[0,1000[","[0,2000[","[0,4000[","[0,10000[","[0,10000[",*
777,"[500,1000[","[0,1000[","[0,2000[","[0,4000[","[0,10000[","[0,10000[",*
778,"[500,1000[","[0,1000[","[0,2000[","[0,4000[","[0,10000[","[0,10000[",*
779,"[500,1000[","[0,1000[","[0,2000[","[0,4000[","[0,10000[","[0,10000[",*
780,"[500,1000[","[0,1000[","[0,2000[","[0,4000[","[0,10000[","[0,10000[",*
781,"[500,1000[","[0,1000[","[0,2000[","[0,4000[","[0,10000[","[0,10000[",*
782,"[500,1000[","[0,1000[","[0,2000[","[0,4000[","[0,10000[","[0,10000[",*
783,"[500,1000[","[0,1000[","[0,2000[","[0,4000[","[0,10000[","[0,10000[",*
784,"[500,1000[","[0,1000[","[0,2000[","[0,4000[","[0,10000[","[0,10000[",*
785,"[500,1000[","[0,1000[","[0,2000[","[0,4000[","[0,10000[","[0,10000[",*
786,"[500,1000[","[0,1000[","[0,2000[","[0,4000[","[0,10000[","[0,10000[",*
787,"[500,1000[","[0,1000[","[0,2000[","[0,4000[","[0,10000[","[0,10000[",*
788,"[500,1000[","[0,1000[","[0,2000[","[0,4000[","[0,10000[","[0,10000[",*
789,"[500,1000[","[0,1000[","[0,2000[","[0,4000[","[0,10000[","[0,10000[",*
790,"[500,1000[","[0,1000[","[0,2000[","[0,4000[","[0,10000[","[0,10000[",*
791,"[500,1000[","[0,1000[","[0,2000[","[0,4000[","[0,10000[","[0,10000[",*
792,"[500,1000[","[0,1000[","[0,2000[","[0,4000[","[0,10000[","[0,10000[",*
793,"[500,1000[","[0,1000[","[0,2000[","[0,4000[","[0,10000[","[0,10000[",*
794,"[500,1000[","[0,1000[","[0,2000[","[0,4000[","[0,10000[","[0,10000[",*
795,"[500,1000[","[0,1000[","[0,2000[","[0,4000[","[0,10000[","[0,10000[",*
796,"[500,1000[","[0,1000[","[0,2000[","[0,4000[","[0,10000[","[0,10000[",*
797,"[500,1000[","[0,1000[","[0,2000[","[0,4000[","[0,10000[","[0,10000[",*
798,"[500,1000[","[0,1000[","[0,2000[","[0,4000[","[0,10000[","[0,10000[",*
799,"[500,1000[","[0,1000[","[0,2000[","[0,4000[","[0,10000[","[0,10000[",*
800,"[500,1000[","[0,1000[","[0,2000[","[0,4000[","[0,10000[","[0,10000[",*
801,"[500,1000[","[0,1000[","[0,2000[","[0,4000[","[0,10000[","[0,10000[",*
802,"[500,1000[","[0,1000[","[0,2000[","[0,4000[","[0,10000[","[0,10000[",*
803,"[500,1000[","[0,1000[","[0,2000[","[0,4000[","[0,10000[","[0,10000[",*
804,"[500,1000[","[0,1000[","[0,2000[","[0,4000[","[0,10000[","[0,10000[",*
805,"[500,1000[","[0,1000[","[0,2000[","[0,4000[","[0,10000[","[0,10000[",*
806,"[500,1000[","[0,1000[","[0,2000[","[0,4000[","[0,10000[","[0,10000[",*
807,"[500,1000[","[0,1000[","[0,2000[","[0,4000[","[0,10000[","[0,10000[",*
808,"[500,1000[","[0,1000[","[0,2000[","[0,4000[","[0,10000[","[0,10000[",*
809,"[500,1000[","[0,1000[","[0,2000[","[0,4000[","[0,10000[","[0,10000[",*
810,"[500,1000[","[0,1000[","[0,2000[","[0,4000[","[0,10000[","[0,10000[",*
811,"[500,1000[","[0,1000[","[0,2000[","[0,4000[","[0,10000[","[0,10000[",*
812,"[500,1000[","[0,1000[","[0,2000[","[0,4000[","[0,10000[","[0,10000[",*
813,"[500,1000[","[0,1000[","[0,2000[","[0,4000[","[0,10000[","[0,10000[",*
814,"[500,1000[","[0,1000[","[0,2000[","[0,4000[","[0,10000[","[0,10000[",*
815,"[500,1000[","[0,1000[","[0,2000[","[0,4000[","[0,10000[","[0,10000[",*
816,"[500,1000[","[0,1000[","[0,2000[","[0,4000[","[0,10000[","[0,10000[",*
817,"[500,1000[","[0,1000[","[0,2000[","[0,4000[","[0,10000[","[0,10000[",*
818,"[500,1000[","[0,1000[","[0,2000[","[0,4000[","[0,10000[","[0,10000[",*
819,"[500,1000[","[0,1000[","[0,2000[","[0,4000[","[0,10000[","[0,10000[",*
820,"[500,1000[","[0,1000[","[0,2000[","[0,4000[","[0,10000[","[0,10000[",*
821,"[500,1000[","[0,1000[","[0,2000[","[0,4000[","[0,10000[","[0,10000[",*
822,"[500,1000[","[0,1000[","[0,2000[","[0,4000[","[0,10000[","[0,10000[",*
823,"[500,1000[","[0,1000[","[0,2000[","[0,4000[","[0,10000[","[0,10000[",*
824,"[500,1000[","[0,1000[","[0,2000[","[0,4000[","[0,10000[","[0,10000[",*
825,"[500,1000[","[0,1000[","[0,2000[","[0,4000[","[0,10000[","[0,10000[",*
826,"[500,1000[","[0,1000[","[0,2000[","[0,4000[","[0,10000[","[0,10000[",*
827,"[500,1000[","[0,1000[","[0,2000[","[0,4000[","[0,10000[","[0,10000[",*
828,"[500,1000[","[0,1000[","[0,2000[","[0,4000[","[0,10000[","[0,10000[",*
829,"[500,1000[","[0,1000[","[0,2000[","[0,4000[","[0,10000[","[0,10000[",*
830,"[500,1000[","[0,1000[","[0,2000[","[0,4000[","[0,10000[","[0,10000[",*
831,"[500,1000[","[0,1000[","[0,2000[","[0,4000[","[0,10000[","[0,10000[",*
832,"[500,1000[","[0,1000[","[0,2000[","[0,4000[","[0,10000[","[0,10000[",*
833,"[500,1000[","[0,1000[","[0,2000[","[0,4000[","[0,10000[","[0,10000[",*
834,"[500,1000[","[0,1000[","[0,2000[","[0,4000[","[0,10000[","[0,10000[",*
835,"[500,1000[","[0,1000[","[0,2000[","[0,4000[","[0,10000[","[0,10000[",*
836,"[500,1000[","[0,1000[","[0,2000[","[0,4000[","[0,10000[","[0,10000[",*
837,"[500,1000[","[0,1000[","[0,2000[","[0,4000[","[0,10000[","[0,10000[",*
838,"[500,1000[","[0,1000[","[0,2000[","[0,4000[","[0,10000[","[0,10000[",*
839,"[500,1000[","[0,1000[","[0,2000[","[0,4000[","[0,10000[","[0,10000[",*
840,"[500,1000[","[0,1000[","[0,2000[","[0,4000[","[0,10000[","[0,10000[",*
841,"[500,1000[","[0,1000[","[0,2000[","[0,4000[","[0,10000[","[0,10000[",*
842,"[500,1000[","[0,1000[","[0,2000[","[0,4000[","[0,10000[","[0,10000[",*
843,"[500,1000[","[0,1000[","[0,2000[","[0,4000[","[0,10000[","[0,10000[",*
844,"[500,1000[","[0,1000[","[0,2000[","[0,4000[","[0,10000[","[0,10000[",*
845,"[500,1000[","[0,1000[","[0,2000[","[0,4000[","[0,10000[","[0,10000[",*
846,"[500,1000[","[0,1000[","[0,2000[","[0,4000[","[0,10000[","[0,10000[",*
847,"[500,1000[","[0,1000[","[0,2000[","[0,4000[","[0,10000[","[0,10000[",*
848,"[500,1000[","[0,1000[","[0,2000[","[0,4000[","[0,10000[","[0,10000[",*
849,"[500,1000[","[0,1000[","[0,2000[","[0,4000[","[0,10000[","[0,10000[",*
850,"[500,1000[","[0,1000[","[0,2000[","[0,4000[","[0,10000[","[0,10000[",*
851,"[500,1000[","[0,1000[","[0,2000[","[0,4000[","[0,10000[","[0,10000[",*
852,"[500,1000[","[0,1000[","[0,2000[","[0,4000[","[0,10000[","[0,10000[",*
853,"[500,1000[","[0,1000[","[0,2000[","[0,4000[","[0,10000[","[0,10000[",*
854,"[500,1000[","[0,1000[","[0,2000[","[0,4000[","[0,10000[","[0,10000[",*
855,"[500,1000[","[0,1000[","[0,2000[","[0,4000[","[0,10000[","[0,10000[",*
856,"[500,1000[","[0,1000[","[0,2000[","[0,4000[","[0,10000[","[0,10000[",*
857,"[500,1000[","[0,1000[","[0,2000[","[0,4000[","[0,10000[","[0,10000[",*
858,"[500,1000[","[0,1000[","[0,2000[","[0,4000[","[0,10000[","[0,10000[",*
859,"[500,1000[","[0,1000[","[0,2000[","[0,4000[","[0,10000[","[0,10000[",*
860,"[500,1000[","[0,1000[","[0,2000[","[0,4000[","[0,10000[","[0,10000[",*
861,"[500,1000[","[0,1000[","[0,2000[","[0,4000[","[0,10000[","[0,10000[",*
862,"[500,1000[","[0,1000[","[0,2000[","[0,4000[","[0,10000[","[0,10000[",*
863,"[500,1000[","[0,1000[","[0,2000[","[0,4000[","[0,10000[","[0,10000[",*
864,"[500,1000[","[0,1000[","[0,2000[","[0,4000[","[0,10000[","[0,10000[",*
865,"[500,1000[","[0,1000[","[0,2000[","[0,4000[","[0,10000[","[0,10000[",*
866,"[500,1000[","[0,1000[","[0,2000[","[0,4000[","[0,10000[","[0,10000[",*
867,"[500,1000[","[0,1000[","[0,2000[","[0,4000[","[0,10000[","[0,10000[",*
868,"[500,1000[","[0,1000[","[0,2000[","[0,4000[","[0,10000[","[0,10000[",*
869,"[500,1000[","[0,1000[","[0,2000[","[0,4000[","[0,10000[","[0,10000[",*
870,"[500,1000[","[0,1000[","[0,2000[","[0,4000[","[0,10000[","[0,10000[",*
871,"[500,1000[","[0,1000[","[0,2000[","[0,4000[","[0,10000[","[0,10000[",*
872,"[500,1000[","[0,1000[","[0,2000[","[0,4000[","[0,10000[","[0,10000[",*
873,"[500,1000[","[0,1000[","[0,2000[","[0,4000[","[0,10000[","[0,10000[",*
874,"[500,1000[","[0,1000[","[0,2000[","[0,4000[","[0,10000[","[0,10000[",*
875,"[500,1000[","[0,1000[","[0,2000[","[0,4000[","[0,10000[","[0,10000[",*
876,"[500,1000[","[0,1000[","[0,2000[","[0,4000[","[0,10000[","[0,10000[",*
877,"[500,1000[","[0,1000[","[0,2000[","[0,4000[","[0,10000[","[0,10000[",*
878,"[500,1000[","[0,1000[","[0,2000[","[0,4000[","[0,10000[","[0,10000[",*
879,"[500,1000[","[0,1000[","[0,2000[","[0,4000[","[0,10000[","[0,10000[",*
880,"[500,1000[","[0,1000[","[0,2000[","[0,4000[","[0,10000[","[0,10000[",*
881,"[500,1000[","[0,1000[","[0,2000[","[0,4000[","[0,10000[","[0,10000[",*
882,"[500,1000[","[0,1000[","[0,2000[","[0,4000[","[0,10000[","[0,10000[",*
883,"[500,1000[","[0,1000[","[0,2000[","[0,4000[","[0,10000[","[0,10000[",*
884,"[500,1000[","[0,1000[","[0,2000[","[0,4000[","[0,10000[","[0,10000[",*
885,"[500,1000[","[0,1000[","[0,2000[","[0,4000[","[0,10000[","[0,10000[",*
886,"[500,1000[","[0,1000[","[0,2000[","[0,4000[","[0,10000[","[0,10000[",*
887,"[500,1000[","[0,1000[","[0,2000[","[0,4000[","[0,10000[","[0,10000[",*
888,"[500,1000[","[0,1000[","[0,2000[","[0,4000[","[0,10000[","[0,10000[",*
889,"[500,1000[","[0,1000[","[0,2000[","[0,4000[","[0,10000[","[0,10000[",*
890,"[500,1000[","[0,1000[","[0,2000[","[0,4000[","[0,10000[","[0,10000[",*
891,"[500,1000[","[0,1000[","[0,2000[","[0,4000[","[0,10000[","[0,10000[",*
892,"[500,1000[","[0,1000[","[0,2000[","[0,4000[","[0,10000[","[0,10000[",*
893,"[500,1000[","[0,1000[","[0,2000[","[0,4000[","[0,10000[","[0,10000[",*
894,"[500,1000[","[0,1000[","[0,2000[","[0,4000[","[0,10000[","[0,10000[",*
895,"[500,1000[","[0,1000[","[0,2000[","[0,4000[","[0,10000[","[0,10000[",*
896,"[500,1000[","[0,1000[","[0,2000[","[0,4000[","[0,10000[","[0,10000[",*
897,"[500,1000[","[0,1000[","[0,2000[","[0,4000[","[0,10000[","[0,10000[",*
898,"[500,1000[","[0,1000[","[0,2000[","[0,4000[","[0,10000[","[0,10000[",*
899,"[500,1000[","[0,1000[","[0,2000[","[0,4000[","[0,10000[","[0,10000[",*
900,"[500,1000[","[0,1000[","[0,2000[","[0,4000[","[0,10000[","[0,10000[",*
901,"[500,1000[","[0,1000[","[0,2000[","[0,4000[","[0,10000[","[0,10000[",*
902,"[500,1000[","[0,1000[","[0,2000[","[0,4000[","[0,10000[","[0,10000[",*
903,"[500,1000[","[0,1000[","[0,2000[","[0,4000[","[0,10000[","[0,10000[",*
904,"[500,1000[","[0,1000[","[0,2000[","[0,4000[","[0,10000[","[0,10000[",*
905,"[500,1000[","[0,1000[","[0,2000[","[0,4000[","[0,10000[","[0,10000[",*
906,"[500,1000[","[0,1000[","[0,2000[","[0,4000[","[0,10000[","[0,10000[",*
907,"[500,1000[","[0,1000[","[0,2000[","[0,4000[","[0,10000[","[0,10000[",*
908,"[500,1000[","[0,1000[","[0,2000[","[0,4000[","[0,10000[","[0,10000[",*
909,"[500,1000[","[0,1000[","[0,2000[","[0,4000[","[0,10000[","[0,10000[",*
910,"[500,1000[","[0,1000[","[0,2000[","[0,4000[","[0,10000[","[0,10000[",*
911,"[500,1000[","[0,1000[","[0,2000[","[0,4000[","[0,10000[","[0,10000[",*
912,"[500,1000[","[0,1000[","[0,2000[","[0,4000[","[0,10000[","[0,10000[",*
913,"[500,1000[","[0,1000[","[0,2000[","[0,4000[","[0,10000[","[0,10000[",*
914,"[500,1000[","[0,1000[","[0,2000[","[0,4000[","[0,10000[","[0,10000[",*
915,"[500,1000[","[0,1000[","[0,2000[","[0,4000[","[0,10000[","[0,10000[",*
916,"[500,1000[","[0,1000[","[0,2000[","[0,4000[","[0,10000[","[0,10000[",*
917,"[500,1000[","[0,1000[","[0,2000[","[0,4000[","[0,10000[","[0,10000[",*
918,"[500,1000[","[0,1000[","[0,2000[","[0,4000[","[0,10000[","[0,10000[",*
919,"[500,1000[","[0,1000[","[0,2000[","[0,4000[","[0,10000[","[0,10000[",*
920,"[500,1000[","[0,1000[","[0,2000[","[0,4000[","[0,10000[","[0,10000[",*
921,"[500,1000[","[0,1000[","[0,2000[","[0,4000[","[0,10000[","[0,10000[",*
922,"[500,1000[","[0,1000[","[0,2000[","[0,4000[","[0,10000[","[0,10000[",*
923,"[500,1000[","[0,1000[","[0,2000[","[0,4000[","[0,10000[","[0,10000[",*
924,"[500,1000[","[0,1000[","[0,2000[","[0,4000[","[0,10000[","[0,10000[",*
925,"[500,1000[","[0,1000[","[0,2000[","[0,4000[","[0,10000[","[0,10000[",*
926,"[500,1000[","[0,1000[","[0,2000[","[0,4000[","[0,10000[","[0,10000[",*
927,"[500,1000[","[0,1000[","[0,2000[","[0,4000[","[0,10000[","[0,10000[",*
928,"[500,1000[","[0,1000[","[0,2000[","[0,4000[","[0,10000[","[0,10000[",*
929,"[500,1000[","[0,1000[","[0,2000[","[0,4000[","[0,10000[","[0,10000[",*
930,"[500,1000[","[0,1000[","[0,2000[","[0,4000[","[0,10000[","[0,10000[",*
931,"[500,1000[","[0,1000[","[0,2000[","[0,4000[","[0,10000[","[0,10000[",*
932,"[500,1000[","[0,1000[","[0,2000[","[0,4000[","[0,10000[","[0,10000[",*
933,"[500,1000[","[0,1000[","[0,2000[","[0,4000[","[0,10000[","[0,10000[",*
934,"[500,1000[","[0,1000[","[0,2000[","[0,4000[","[0,10000[","[0,10000[",*
935,"[500,1000[","[0,1000[","[0,2000[","[0,4000[","[0,10000[","[0,10000[",*
936,"[500,1000[","[0,1000[","[0,2000[","[0,4000[","[0,10000[","[0,10000[",*
937,"[500,1000[","[0,1000[","[0,2000[","[0,4000[","[0,10000[","[0,10000[",*
938,"[500,1000[","[0,1000[","[0,2000[","[0,4000[","[0,10000[","[0,10000[",*
939,"[500,1000[","[0,1000[","[0,2000[","[0,4000[","[0,10000[","[0,10000[",*
940,"[500,1000[","[0,1000[","[0,2000[","[0,4000[","[0,10000[","[0,10000[",*
941,"[500,1000[","[0,1000[","[0,2000[","[0,4000[","[0,10000[","[0,10000[",*
942,"[500,1000[","[0,1000[","[0,2000[","[0,4000[","[0,10000[","[0,10000[",*
943,"[500,1000[","[0,1000[","[0,2000[","[0,4000[","[0,10000[","[0,10000[",*
944,"[500,1000[","[0,1000[","[0,2000[","[0,4000[","[0,10000[","[0,10000[",*
945,"[500,1000[","[0,1000[","[0,2000[","[0,4000[","[0,10000[","[0,10000[",*
946,"[500,1000[","[0,1000[","[0,2000[","[0,4000[","[0,10000[","[0,10000[",*
947,"[500,1000[","[0,1000[","[0,2000[","[0,4000[","[0,10000[","[0,10000[",*
948,"[500,1000[","[0,1000[","[0,2000[","[0,4000[","[0,10000[","[0,10000[",*
949,"[500,1000[","[0,1000[","[0,2000[","[0,4000[","[0,10000[","[0,10000[",*
950,"[500,1000[","[0,1000[","[0,2000[","[0,4000[","[0,10000[","[0,10000[",*
951,"[500,1000[","[0,1000[","[0,2000[","[0,4000[","[0,10000[","[0,10000[",*
952,"[500,1000[","[0,1000[","[0,2000[","[0,4000[","[0,10000[","[0,10000[",*
953,"[500,1000[","[0,1000[","[0,2000[","[0,4000[","[0,10000[","[0,10000[",*
954,"[500,1000[","[0,1000[","[0,2000[","[0,4000[","[0,10000[","[0,10000[",*
955,"[500,1000[","[0,1000[","[0,2000[","[0,4000[","[0,10000[","[0,10000[",*
956,"[500,1000[","[0,1000[","[0,2000[","[0,4000[","[0,10000[","[0,10000[",*
957,"[500,1000[","[0,1000[","[0,2000[","[0,4000[","[0,10000[","[0,10000[",*
958,"[500,1000[","[0,1000[","[0,2000[","[0,4000[","[0,10000[","[0,10000[",*
959,"[500,1000[","[0,1000[","[0,2000[","[0,4000[","[0,10000[","[0,10000[",*
960,"[500,1000[","[0,1000[","[0,2000[","[0,4000[","[0,10000[","[0,10000[",*
961,"[500,1000[","[0,1000[","[0,2000[","[0,4000[","[0,10000[","[0,10000[",*
962,"[500,1000[","[0,1000[","[0,2000[","[0,4000[","[0,10000[","[0,10000[",*
963,"[500,1000[","[0,1000[","[0,2000[","[0,4000[","[0,10000[","[0,10000[",*
964,"[500,1000[","[0,1000[","[0,2000[","[0,4000[","[0,10000[","[0,10000[",*
965,"[500,1000[","[0,1000[","[0,2000[","[0,4000[","[0,10000[","[0,10000[",*
966,"[500,1000[","[0,1000[","[0,2000[","[0,4000[","[0,10000[","[0,10000[",*
967,"[500,1000[","[0,1000[","[0,2000[","[0,4000[","[0,10000[","[0,10000[",*
968,"[500,1000[","[0,1000[","[0,2000[","[0,4000[","[0,10000[","[0,10000[",*
969,"[500,1000[","[0,1000[","[0,2000[","[0,4000[","[0,10000[","[0,10000[",*
970,"[500,1000[","[0,1000[","[0,2000[","[0,4000[","[0,10000[","[0,10000[",*
971,"[500,1000[","[0,1000[","[0,2000[","[0,4000[","[0,10000[","[0,10000[",*
972,"[500,1000[","[0,1000[","[0,2000[","[0,4000[","[0,10000[","[0,10000[",*
973,"[500,1000[","[0,1000[","[0,2000[","[0,4000[","[0,10000[","[0,10000[",*
974,"[500,1000[","[0,1000[","[0,2000[","[0,4000[","[0,10000[","[0,10000[",*
975,"[500,1000[","[0,1000[","[0,2000[","[0,4000[","[0,10000[","[0,10000[",*
976,"[500,1000[","[0,1000[","[0,2000[","[0,4000[","[0,10000[","[0,10000[",*
977,"[500,1000[","[0,1000[","[0,2000[","[0,4000[","[0,10000[","[0,10000[",*
978,"[500,1000[","[0,1000[","[0,2000[","[0,4000[","[0,10000[","[0,10000[",*
979,"[500,1000[","[0,1000[","[0,2000[","[0,4000[","[0,10000[","[0,10000[",*
980,"[500,1000[","[0,1000[","[0,2000[","[0,4000[","[0,10000[","[0,10000[",*
981,"[500,1000[","[0,1000[","[0,2000[","[0,4000[","[0,10000[","[0,10000[",*
982,"[500,1000[","[0,1000[","[0,2000[","[0,4000[","[0,10000[","[0,10000[",*
983,"[500,1000[","[0,1000[","[0,2000[","[0,4000[","[0,10000[","[0,10000[",*
984,"[500,1000[","[0,1000[","[0,2000[","[0,4000[","[0,10000[","[0,10000[",*
985,"[500,1000[","[0,1000[","[0,2000[","[0,4000[","[0,10000[","[0,10000[",*
986,"[500,1000[","[0,1000[","[0,2000[","[0,4000[","[0,10000[","[0,10000[",*
987,"[500,1000[","[0,1000[","[0,2000[","[0,4000[","[0,10000[","[0,10000[",*
988,"[500,1000[","[0,1000[","[0,2000[","[0,4000[","[0,10000[","[0,10000[",*
989,"[500,1000[","[0,1000[","[0,2000[","[0,4000[","[0,10000[","[0,10000[",*
990,"[500,1000[","[0,1000[","[0,2000[","[0,4000[","[0,10000[","[0,10000[",*
991,"[500,1000[","[0,1000[","[0,2000[","[0,4000[","[0,10000[","[0,10000[",*
992,"[500,1000[","[0,1000[","[0,2000[","[0,4000[","[0,10000[","[0,10000[",*
993,"[500,1000[","[0,1000[","[0,2000[","[0,4000[","[0,10000[","[0,10000[",*
994,"[500,1000[","[0,1000[","[0,2000[","[0,4000[","[0,10000[","[0,10000[",*
995,"[500,1000[","[0,1000[","[0,2000[","[0,4000[","[0,10000[","[0,10000[",*
996,"[500,1000[","[0,1000[","[0,2000[","[0,4000[","[0,10000[","[0,10000[",*
997,"[500,1000[","[0,1000[","[0,2000[","[0,4000[","[0,10000[","[0,10000[",*
998,"[500,1000[","[0,1000[","[0,2000[","[0,4000[","[0,10000[","[0,10000[",*
999,"[500,1000[","[0,1000[","[0,2000[","[0,4000[","[0,10000[","[0,10000[",*
1000,"[1000,1500[","[1000,2000[","[0,2000[","[0,4000[","[0,10000[","[0,10000[",*
1001,"[1000,1500[","[1000,2000[","[0,2000[","[0,4000[","[0,10000[","[0,10000[",*
1002,"[1000,1500[","[1000,2000[","[0,2000[","[0,4000[","[0,10000[","[0,10000[",*
1003,"[1000,1500[","[1000,2000[","[0,2000[","[0,4000[","[0,10000[","[0,10000[",*
1004,"[1000,1500[","[1000,2000[","[0,2000[","[0,4000[","[0,10000[","[0,10000[",*
1005,"[1000,1500[","[1000,2000[","[0,2000[","[0,4000[","[0,10000[","[0,10000[",*
1006,"[1000,1500[","[1000,2000[","[0,2000[","[0,4000[","[0,10000[","[0,10000[",*
1007,"[1000,1500[","[1000,2000[","[0,2000[","[0,4000[","[0,10000[","[0,10000[",*
1008,"[1000,1500[","[1000,2000[","[0,2000[","[0,4000[","[0,10000[","[0,10000[",*
1009,"[1000,1500[","[1000,2000[","[0,2000[","[0,4000[","[0,10000[","[0,10000[",*
1010,"[1000,1500[","[1000,2000[","[0,2000[","[0,4000[","[0,10000[","[0,10000[",*
1011,"[1000,1500[","[1000,2000[","[0,2000[","[0,4000[","[0,10000[","[0,10000[",*
1012,"[1000,1500[","[1000,2000[","[0,2000[","[0,4000[","[0,10000[","[0,10000[",*
1013,"[1000,1500[","[1000,2000[","[0,2000[","[0,4000[","[0,10000[","[0,10000[",*
1014,"[1000,1500[","[1000,2000[","[0,2000[","[0,4000[","[0,10000[","[0,10000[",*
1015,"[1000,1500[","[1000,2000[","[0,2000[","[0,4000[","[0,10000[","[0,10000[",*
1016,"[1000,1500[","[1000,2000[","[0,2000[","[0,4000[","[0,10000[","[0,10000[",*
1017,"[1000,1500[","[1000,2000[","[0,2000[","[0,4000[","[0,10000[","[0,10000[",*
1018,"[1000,1500[","[1000,2000[","[0,2000[","[0,4000[","[0,10000[","[0,10000[",*
1019,"[1000,1500[","[1000,2000[","[0,2000[","[0,4000[","[0,10000[","[0,10000[",*
1020,"[1000,1500[","[1000,2000[","[0,2000[","[0,4000[","[0,10000[","[0,10000[",*
1021,"[1000,1500[","[1000,2000[","[0,2000[","[0,4000[","[0,10000[","[0,10000[",*
1022,"[1000,1500[","[1000,2000[","[0,2000[","[0,4000[","[0,10000[","[0,10000[",*
1023,"[1000,1500[","[1000,2000[","[0,2000[","[0,4000[","[0,10000[","[0,10000[",*
1024,"[1000,1500[","[1000,2000[","[0,2000[","[0,4000[","[0,10000[","[0,10000[",*
1025,"[1000,1500[","[1000,2000[","[0,2000[","[0,4000[","[0,10000[","[0,10000[",*
1026,"[1000,1500[","[1000,2000[","[0,2000[","[0,4000[","[0,10000[","[0,10000[",*
1027,"[1000,1500[","[1000,2000[","[0,2000[","[0,4000[","[0,10000[","[0,10000[",*
1028,"[1000,1500[","[1000,2000[","[0,2000[","[0,4000[","[0,10000[","[0,10000[",*
1029,"[1000,1500[","[1000,2000[","[0,2000[","[0,4000[","[0,10000[","[0,10000[",*
1030,"[1000,1500[","[1000,2000[","[0,2000[","[0,4000[","[0,10000[","[0,10000[",*
1031,"[1000,1500[","[1000,2000[","[0,2000[","[0,4000[","[0,10000[","[0,10000[",*
1032,"[1000,1500[","[1000,2000[","[0,2000[","[0,4000[","[0,10000[","[0,10000[",*
1033,"[1000,1500[","[1000,2000[","[0,2000[","[0,4000[","[0,10000[","[0,10000[",*
1034,"[1000,1500[","[1000,2000[","[0,2000[","[0,4000[","[0,10000[","[0,10000[",*
1035,"[1000,1500[","[1000,2000[","[0,2000[","[0,4000[","[0,10000[","[0,10000[",*
1036,"[1000,1500[","[1000,2000[","[0,2000[","[0,4000[","[0,10000[","[0,10000[",*
1037,"[1000,1500[","[1000,2000[","[0,2000[","[0,4000[","[0,10000[","[0,10000[",*
1038,"[1000,1500[","[1000,2000[","[0,2000[","[0,4000[","[0,10000[","[0,10000[",*
1039,"[1000,1500[","[1000,2000[","[0,2000[","[0,4000[","[0,10000[","[0,10000[",*
1040,"[1000,1500[","[1000,2000[","[0,2000[","[0,4000[","[0,10000[","[0,10000[",*
1041,"[1000,1500[","[1000,2000[","[0,2000[","[0,4000[","[0,10000[","[0,10000[",*
1042,"[1000,1500[","[1000,2000[","[0,2000[","[0,4000[","[0,10000[","[0,10000[",*
1043,"[1000,1500[","[1000,2000[","[0,2000[","[0,4000[","[0,10000[","[0,10000[",*
1044,"[1000,1500[","[1000,2000[","[0,2000[","[0,4000[","[0,10000[","[0,10000[",*
1045,"[1000,1500[","[1000,2000[","[0,2000[","[0,4000[","[0,10000[","[0,10000[",*
1046,"[1000,1500[","[1000,2000[","[0,2000[","[0,4000[","[0,10000[","[0,10000[",*
1047,"[1000,1500[","[1000,2000[","[0,2000[","[0,4000[","[0,10000[","[0,10000[",*
1048,"[1000,1500[","[1000,2000[","[0,2000[","[0,4000[","[0,10000[","[0,10000[",*
1049,"[1000,1500[","[1000,2000[","[0,2000[","[0,4000[","[0,10000[","[0,10000[",*
1050,"[1000,1500[","[1000,2000[","[0,2000[","[0,4000[","[0,10000[","[0,10000[",*
1051,"[1000,1500[","[1000,2000[","[0,2000[","[0,4000[","[0,10000[","[0,10000[",*
1052,"[1000,1500[","[1000,2000[","[0,2000[","[0,4000[","[0,10000[","[0,10000[",*
1053,"[1000,1500[","[1000,2000[","[0,2000[","[0,4000[","[0,10000[","[0,10000[",*
1054,"[1000,1500[","[1000,2000[","[0,2000[","[0,4000[","[0,10000[","[0,10000[",*
1055,"[1000,1500[","[1000,2000[","[0,2000[","[0,4000[","[0,10000[","[0,10000[",*
1056,"[1000,1500[","[1000,2000[","[0,2000[","[0,4000[","[0,10000[","[0,10000[",*
1057,"[1000,1500[","[1000,2000[","[0,2000[","[0,4000[","[0,10000[","[0,10000[",*
1058,"[1000,1500[","[1000,2000[","[0,2000[","[0,4000[","[0,10000[","[0,10000[",*
1059,"[1000,1500[","[1000,2000[","[0,2000[","[0,4000[","[0,10000[","[0,10000[",*
1060,"[1000,1500[","[1000,2000[","[0,2000[","[0,4000[","[0,10000[","[0,10000[",*
1061,"[1000,1500[","[1000,2000[","[0,2000[","[0,4000[","[0,10000[","[0,10000[",*
1062,"[1000,1500[","[1000,2000[","[0,2000[","[0,4000[","[0,10000[","[0,10000[",*
1063,"[1000,1500[","[1000,2000[","[0,2000[","[0,4000[","[0,10000[","[0,10000[",*
1064,"[1000,1500[","[1000,2000[","[0,2000[","[0,4000[","[0,10000[","[0,10000[",*
1065,"[1000,1500[","[1000,2000[","[0,2000[","[0,4000[","[0,10000[","[0,10000[",*
1066,"[1000,1500[","[1000,2000[","[0,2000[","[0,4000[","[0,10000[","[0,10000[",*
1067,"[1000,1500[","[1000,2000[","[0,2000[","[0,4000[","[0,10000[","[0,10000[",*
1068,"[1000,1500[","[1000,2000[","[0,2000[","[0,4000[","[0,10000[","[0,10000[",*
1069,"[1000,1500[","[1000,2000[","[0,2000[","[0,4000[","[0,10000[","[0,10000[",*
1070,"[1000,1500[","[1000,2000[","[0,2000[","[0,4000[","[0,10000[","[0,10000[",*
1071,"[1000,1500[","[1000,2000[","[0,2000[","[0,4000[","[0,10000[","[0,10000[",*
1072,"[1000,1500[","[1000,2000[","[0,2000[","[0,4000[","[0,10000[","[0,10000[",*
1073,"[1000,1500[","[1000,2000[","[0,2000[","[0,4000[","[0,10000[","[0,10000[",*
1074,"[1000,1500[","[1000,2000[","[0,2000[","[0,4000[","[0,10000[","[0,10000[",*
1075,"[1000,1500[","[1000,2000[","[0,2000[","[0,4000[","[0,10000[","[0,10000[",*
1076,"[1000,1500[","[1000,2000[","[0,2000[","[0,4000[","[0,10000[","[0,10000[",*
1077,"[1000,1500[","[1000,2000[","[0,2000[","[0,4000[","[0,10000[","[0,10000[",*
1078,"[1000,1500[","[1000,2000[","[0,2000[","[0,4000[","[0,10000[","[0,10000[",*
1079,"[1000,1500[","[1000,2000[","[0,2000[","[0,4000[","[0,10000[","[0,10000[",*
1080,"[1000,1500[","[1000,2000[","[0,2000[","[0,4000[","[0,10000[","[0,10000[",*
1081,"[1000,1500[","[1000,2000[","[0,2000[","[0,4000[","[0,10000[","[0,10000[",*
1082,"[1000,1500[","[1000,2000[","[0,2000[","[0,4000[","[0,10000[","[0,10000[",*
1083,"[1000,1500[","[1000,2000[","[0,2000[","[0,4000[","[0,10000[","[0,10000[",*
1084,"[1000,1500[","[1000,2000[","[0,2000[","[0,4000[","[0,10000[","[0,10000[",*
1085,"[1000,1500[","[1000,2000[","[0,2000[","[0,4000[","[0,10000[","[0,10000[",*
1086,"[1000,1500[","[1000,2000[","[0,2000[","[0,4000[","[0,10000[","[0,10000[",*
1087,"[1000,1500[","[1000,2000[","[0,2000[","[0,4000[","[0,10000[","[0,10000[",*
1088,"[1000,1500[","[1000,2000[","[0,2000[","[0,4000[","[0,10000[","[0,10000[",*
1089,"[1000,1500[","[1000,2000[","[0,2000[","[0,4000[","[0,10000[","[0,10000[",*
1090,"[1000,1500[","[1000,2000[","[0,2000[","[0,4000[","[0,10000[","[0,10000[",*
1091,"[1000,1500[","[1000,2000[","[0,2000[","[0,4000[","[0,10000[","[0,10000[",*
1092,"[1000,1500[","[1000,2000[","[0,2000[","[0,4000[","[0,10000[","[0,10000[",*
1093,"[1000,1500[","[1000,2000[","[0,2000[","[0,4000[","[0,10000[","[0,10000[",*
1094,"[1000,1500[","[1000,2000[","[0,2000[","[0,4000[","[0,10000[","[0,10000[",*
1095,"[1000,1500[","[1000,2000[","[0,2000[","[0,4000[","[0,10000[","[0,10000[",*
1096,"[1000,1500[","[1000,2000[","[0,2000[","[0,4000[","[0,10000[","[0,10000[",*
1097,"[1000,1500[","[1000,2000[","[0,2000[","[0,4000[","[0,10000[","[0,10000[",*
1098,"[1000,1500[","[1000,2000[","[0,2000[","[0,4000[","[0,10000[","[0,10000[",*
1099,"[1000,1500[","[1000,2000[","[0,2000[","[0,4000[","[0,10000[","[0,10000[",*
1100,"[1000,1500[","[1000,2000[","[0,2000[","[0,4000[","[0,10000[","[0,10000[",*
1101,"[1000,1500[","[1000,2000[","[0,2000[","[0,4000[","[0,10000[","[0,10000[",*
1102,"[1000,1500[","[1000,2000[","[0,2000[","[0,4000[","[0,10000[","[0,10000[",*
1103,"[1000,1500[","[1000,2000[","[0,2000[","[0,4000[","[0,10000[","[0,10000[",*
1104,"[1000,1500[","[1000,2000[","[0,2000[","[0,4000[","[0,10000[","[0,10000[",*
1105,"[1000,1500[","[1000,2000[","[0,2000[","[0,4000[","[0,10000[","[0,10000[",*
1106,"[1000,1500[","[1000,2000[","[0,2000[","[0,4000[","[0,10000[","[0,10000[",*
1107,"[1000,1500[","[1000,2000[","[0,2000[","[0,4000[","[0,10000[","[0,10000[",*
1108,"[1000,1500[","[1000,2000[","[0,2000[","[0,4000[","[0,10000[","[0,10000[",*
1109,"[1000,1500[","[1000,2000[","[0,2000[","[0,4000[","[0,10000[","[0,10000[",*
1110,"[1000,1500[","[1000,2000[","[0,2000[","[0,4000[","[0,10000[","[0,10000[",*
1111,"[1000,1500[","[1000,2000[","[0,2000[","[0,4000[","[0,10000[","[0,10000[",*
1112,"[1000,1500[","[1000,2000[","[0,2000[","[0,4000[","[0,10000[","[0,10000[",*
1113,"[1000,1500[","[1000,2000[","[0,2000[","[0,4000[","[0,10000[","[0,10000[",*
1114,"[1000,1500[","[1000,2000[","[0,2000[","[0,4000[","[0,10000[","[0,10000[",*
1115,"[1000,1500[","[1000,2000[","[0,2000[","[0,4000[","[0,10000[","[0,10000[",*
1116,"[1000,1500[","[1000,2000[","[0,2000[","[0,4000[","[0,10000[","[0,10000[",*
1117,"[1000,1500[","[1000,2000[","[0,2000[","[0,4000[","[0,10000[","[0,10000[",*
1118,"[1000,1500[","[1000,2000[","[0,2000[","[0,4000[","[0,10000[","[0,10000[",*
1119,"[1000,1500[","[1000,2000[","[0,2000[","[0,4000[","[0,10000[","[0,10000[",*
1120,"[1000,1500[","[1000,2000[","[0,2000[","[0,4000[","[0,10000[","[0,10000[",*
1121,"[1000,1500[","[1000,2000[","[0,2000[","[0,4000[","[0,10000[","[0,10000[",*
1122,"[1000,1500[","[1000,2000[","[0,2000[","[0,4000[","[0,10000[","[0,10000[",*
1123,"[1000,1500[","[1000,2000[","[0,2000[","[0,4000[","[0,10000[","[0,10000[",*
1124,"[1000,1500[","[1000,2000[","[0,2000[","[0,4000[","[0,10000[","[0,10000[",*
1125,"[1000,1500[","[1000,2000[","[0,2000[","[0,4000[","[0,10000[","[0,10000[",*
1126,"[1000,1500[","[1000,2000[","[0,2000[","[0,4000[","[0,10000[","[0,10000[",*
1127,"[1000,1500[","[1000,2000[","[0,2000[","[0,4000[","[0,10000[","[0,10000[",*
1128,"[1000,1500[","[1000,2000[","[0,2000[","[0,4000[","[0,10000[","[0,10000[",*
1129,"[1000,1500[","[1000,2000[","[0,2000[","[0,4000[","[0,10000[","[0,10000[",*
1130,"[1000,1500[","[1000,2000[","[0,2000[","[0,4000[","[0,10000[","[0,10000[",*
1131,"[1000,1500[","[1000,2000[","[0,2000[","[0,4000[","[0,10000[","[0,10000[",*
1132,"[1000,1500[","[1000,2000[","[0,2000[","[0,4000[","[0,10000[","[0,10000[",*
1133,"[1000,1500[","[1000,2000[","[0,2000[","[0,4000[","[0,10000[","[0,10000[",*
1134,"[1000,1500[","[1000,2000[","[0,2000[","[0,4000[","[0,10000[","[0,10000[",*
1135,"[1000,1500[","[1000,2000[","[0,2000[","[0,4000[","[0,10000[","[0,10000[",*
1136,"[1000,1500[","[1000,2000[","[0,2000[","[0,4000[","[0,10000[","[0,10000[",*
1137,"[1000,1500[","[1000,2000[","[0,2000[","[0,4000[","[0,10000[","[0,10000[",*
1138,"[1000,1500[","[1000,2000[","[0,2000[","[0,4000[","[0,10000[","[0,10000[",*
1139,"[1000,1500[","[1000,2000[","[0,2000[","[0,4000[","[0,10000[","[0,10000[",*
1140,"[1000,1500[","[1000,2000[","[0,2000[","[0,4000[","[0,10000[","[0,10000[",*
1141,"[1000,1500[","[1000,2000[","[0,2000[","[0,4000[","[0,10000[","[0,10000[",*
1142,"[1000,1500[","[1000,2000[","[0,2000[","[0,4000[","[0,10000[","[0,10000[",*
1143,"[1000,1500[","[1000,2000[","[0,2000[","[0,4000[","[0,10000[","[0,10000[",*
1144,"[1000,1500[","[1000,2000[","[0,2000[","[0,4000[","[0,10000[","[0,10000[",*
1145,"[1000,1500[","[1000,2000[","[0,2000[","[0,4000[","[0,10000[","[0,10000[",*
1146,"[1000,1500[","[1000,2000[","[0,2000[","[0,4000[","[0,10000[","[0,10000[",*
1147,"[1000,1500[","[1000,2000[","[0,2000[","[0,4000[","[0,10000[","[0,10000[",*
1148,"[1000,1500[","[1000,2000[","[0,2000[","[0,4000[","[0,10000[","[0,10000[",*
1149,"[1000,1500[","[1000,2000[","[0,2000[","[0,4000[","[0,10000[","[0,10000[",*
1150,"[1000,1500[","[1000,2000[","[0,2000[","[0,4000[","[0,10000[","[0,10000[",*
1151,"[1000,1500[","[1000,2000[","[0,2000[","[0,4000[","[0,10000[","[0,10000[",*
1152,"[1000,1500[","[1000,2000[","[0,2000[","[0,4000[","[0,10000[","[0,10000[",*
1153,"[1000,1500[","[1000,2000[","[0,2000[","[0,4000[","[0,10000[","[0,10000[",*
1154,"[1000,1500[","[1000,2000[","[0,2000[","[0,4000[","[0,10000[","[0,10000[",*
1155,"[1000,1500[","[1000,2000[","[0,2000[","[0,4000[","[0,10000[","[0,10000[",*
1156,"[1000,1500[","[1000,2000[","[0,2000[","[0,4000[","[0,10000[","[0,10000[",*
1157,"[1000,1500[","[1000,2000[","[0,2000[","[0,4000[","[0,10000[","[0,10000[",*
1158,"[1000,1500[","[1000,2000[","[0,2000[","[0,4000[","[0,10000[","[0,10000[",*
1159,"[1000,1500[","[1000,2000[","[0,2000[","[0,4000[","[0,10000[","[0,10000[",*
1160,"[1000,1500[","[1000,2000[","[0,2000[","[0,4000[","[0,10000[","[0,10000[",*
1161,"[1000,1500[","[1000,2000[","[0,2000[","[0,4000[","[0,10000[","[0,10000[",*
1162,"[1000,1500[","[1000,2000[","[0,2000[","[0,4000[","[0,10000[","[0,10000[",*
1163,"[1000,1500[","[1000,2000[","[0,2000[","[0,4000[","[0,10000[","[0,10000[",*
1164,"[1000,1500[","[1000,2000[","[0,2000[","[0,4000[","[0,10000[","[0,10000[",*
1165,"[1000,1500[","[1000,2000[","[0,2000[","[0,4000[","[0,10000[","[0,10000[",*
1166,"[1000,1500[","[1000,2000[","[0,2000[","[0,4000[","[0,10000[","[0,10000[",*
1167,"[1000,1500[","[1000,2000[","[0,2000[","[0,4000[","[0,10000[","[0,10000[",*
1168,"[1000,1500[","[1000,2000[","[0,2000[","[0,4000[","[0,10000[","[0,10000[",*
1169,"[1000,1500[","[1000,2000[","[0,2000[","[0,4000[","[0,10000[","[0,10000[",*
1170,"[1000,1500[","[1000,2000[","[0,2000[","[0,4000[","[0,10000[","[0,10000[",*
1171,"[1000,1500[","[1000,2000[","[0,2000[","[0,4000[","[0,10000[","[0,10000[",*
1172,"[1000,1500[","[1000,2000[","[0,2000[","[0,4000[","[0,10000[","[0,10000[",*
1173,"[1000,1500[","[1000,2000[","[0,2000[","[0,4000[","[0,10000[","[0,10000[",*
1174,"[1000,1500[","[1000,2000[","[0,2000[","[0,4000[","[0,10000[","[0,10000[",*
1175,"[1000,1500[","[1000,2000[","[0,2000[","[0,4000[","[0,10000[","[0,10000[",*
1176,"[1000,1500[","[1000,2000[","[0,2000[","[0,4000[","[0,10000[","[0,10000[",*
1177,"[1000,1500[","[1000,2000[","[0,2000[","[0,4000[","[0,10000[","[0,10000[",*
1178,"[1000,1500[","[1000,2000[","[0,2000[","[0,4000[","[0,10000[","[0,10000[",*
1179,"[1000,1500[","[1000,2000[","[0,2000[","[0,4000[","[0,10000[","[0,10000[",*
1180,"[1000,1500[","[1000,2000[","[0,2000[","[0,4000[","[0,10000[","[0,10000[",*
1181,"[1000,1500[","[1000,2000[","[0,2000[","[0,4000[","[0,10000[","[0,10000[",*
1182,"[1000,1500[","[1000,2000[","[0,2000[","[0,4000[","[0,10000[","[0,10000[",*
1183,"[1000,1500[","[1000,2000[","[0,2000[","[0,4000[","[0,10000[","[0,10000[",*
1184,"[1000,1500[","[1000,2000[","[0,2000[","[0,4000[","[0,10000[","[0,10000[",*
1185,"[1000,1500[","[1000,2000[","[0,2000[","[0,4000[","[0,10000[","[0,10000[",*
1186,"[1000,1500[","[1000,2000[","[0,2000[","[0,4000[","[0,10000[","[0,10000[",*
1187,"[1000,1500[","[1000,2000[","[0,2000[","[0,4000[","[0,10000[","[0,10000[",*
1188,"[1000,1500[","[1000,2000[","[0,2000[","[0,4000[","[0,10000[","[0,10000[",*
1189,"[1000,1500[","[1000,2000[","[0,2000[","[0,4000[","[0,10000[","[0,10000[",*
1190,"[1000,1500[","[1000,2000[","[0,2000[","[0,4000[","[0,10000[","[0,10000[",*
1191,"[1000,1500[","[1000,2000[","[0,2000[","[0,4000[","[0,10000[","[0,10000[",*
1192,"[1000,1500[","[1000,2000[","[0,2000[","[0,4000[","[0,10000[","[0,10000[",*
1193,"[1000,1500[","[1000,2000[","[0,2000[","[0,4000[","[0,10000[","[0,10000[",*
1194,"[1000,1500[","[1000,2000[","[0,2000[","[0,4000[","[0,10000[","[0,10000[",*
1195,"[1000,1500[","[1000,2000[","[0,2000[","[0,4000[","[0,10000[","[0,10000[",*
1196,"[1000,1500[","[1000,2000[","[0,2000[","[0,4000[","[0,10000[","[0,10000[",*
1197,"[1000,1500[","[1000,2000[","[0,2000[","[0,4000[","[0,10000[","[0,10000[",*
1198,"[1000,1500[","[1000,2000[","[0,2000[","[0,4000[","[0,10000[","[0,10000[",*
1199,"[1000,1500[","[1000,2000[","[0,2000[","[0,4000[","[0,10000[","[0,10000[",*
1200,"[1000,1500[","[1000,2000[","[0,2000[","[0,4000[","[0,10000[","[0,10000[",*
1201,"[1000,1500[","[1000,2000[","[0,2000[","[0,4000[","[0,10000[","[0,10000[",*
1202,"[1000,1500[","[1000,2000[","[0,2000[","[0,4000[","[0,10000[","[0,10000[",*
1203,"[1000,1500[","[1000,2000[","[0,2000[","[0,4000[","[0,10000[","[0,10000[",*
1204,"[1000,1500[","[1000,2000[","[0,2000[","[0,4000[","[0,10000[","[0,10000[",*
1205,"[1000,1500[","[1000,2000[","[0,2000[","[0,4000[","[0,10000[","[0,10000[",*
1206,"[1000,1500[","[1000,2000[","[0,2000[","[0,4000[","[0,10000[","[0,10000[",*
1207,"[1000,1500[","[1000,2000[","[0,2000[","[0,4000[","[0,10000[","[0,10000[",*
1208,"[1000,1500[","[1000,2000[","[0,2000[","[0,4000[","[0,10000[","[0,10000[",*
1209,"[1000,1500[","[1000,2000[","[0,2000[","[0,4000[","[0,10000[","[0,10000[",*
1210,"[1000,1500[","[1000,2000[","[0,2000[","[0,4000[","[0,10000[","[0,10000[",*
1211,"[1000,1500[","[1000,2000[","[0,2000[","[0,4000[","[0,10000[","[0,10000[",*
1212,"[1000,1500[","[1000,2000[","[0,2000[","[0,4000[","[0,10000[","[0,10000[",*
1213,"[1000,1500[","[1000,2000[","[0,2000[","[0,4000[","[0,10000[","[0,10000[",*
1214,"[1000,1500[","[1000,2000[","[0,2000[","[0,4000[","[0,10000[","[0,10000[",*
1215,"[1000,1500[","[1000,2000[","[0,2000[","[0,4000[","[0,10000[","[0,10000[",*
1216,"[1000,1500[","[1000,2000[","[0,2000[","[0,4000[","[0,10000[","[0,10000[",*
1217,"[1000,1500[","[1000,2000[","[0,2000[","[0,4000[","[0,10000[","[0,10000[",*
1218,"[1000,1500[","[1000,2000[","[0,2000[","[0,4000[","[0,10000[","[0,10000[",*
1219,"[1000,1500[","[1000,2000[","[0,2000[","[0,4000[","[0,10000[","[0,10000[",*
1220,"[1000,1500[","[1000,2000[","[0,2000[","[0,4000[","[0,10000[","[0,10000[",*
1221,"[1000,1500[","[1000,2000[","[0,2000[","[0,4000[","[0,10000[","[0,10000[",*
1222,"[1000,1500[","[1000,2000[","[0,2000[","[0,4000[","[0,10000[","[0,10000[",*
1223,"[1000,1500[","[1000,2000[","[0,2000[","[0,4000[","[0,10000[","[0,10000[",*
1224,"[1000,1500[","[1000,2000[","[0,2000[","[0,4000[","[0,10000[","[0,10000[",*
1225,"[1000,1500[","[1000,2000[","[0,2000[","[0,4000[","[0,10000[","[0,10000[",*
1226,"[1000,1500[","[1000,2000[","[0,2000[","[0,4000[","[0,10000[","[0,10000[",*
1227,"[1000,1500[","[1000,2000[","[0,2000[","[0,4000[","[0,10000[","[0,10000[",*
1228,"[1000,1500[","[1000,2000[","[0,2000[","[0,4000[","[0,10000[","[0,10000[",*
1229,"[1000,1500[","[1000,2000[","[0,2000[","[0,4000[","[0,10000[","[0,10000[",*
1230,"[1000,1500[","[1000,2000[","[0,2000[","[0,4000[","[0,10000[","[0,10000[",*
1231,"[1000,1500[","[1000,2000[","[0,2000[","[0,4000[","[0,10000[","[0,10000[",*
1232,"[1000,1500[","[1000,2000[","[0,2000[","[0,4000[","[0,10000[","[0,10000[",*
1233,"[1000,1500[","[1000,2000[","[0,2000[","[0,4000[","[0,10000[","[0,10000[",*
1234,"[1000,1500[","[1000,2000[","[0,2000[","[0,4000[","[0,10000[","[0,10000[",*
1235,"[1000,1500[","[1000,2000[","[0,2000[","[0,4000[","[0,10000[","[0,10000[",*
1236,"[1000,1500[","[1000,2000[","[0,2000[","[0,4000[","[0,10000[","[0,10000[",*
1237,"[1000,1500[","[1000,2000[","[0,2000[","[0,4000[","[0,10000[","[0,10000[",*
1238,"[1000,1500[","[1000,2000[","[0,2000[","[0,4000[","[0,10000[","[0,10000[",*
1239,"[1000,1500[","[1000,2000[","[0,2000[","[0,4000[","[0,10000[","[0,10000[",*
1240,"[1000,1500[","[1000,2000[","[0,2000[","[0,4000[","[0,10000[","[0,10000[",*
1241,"[1000,1500[","[1000,2000[","[0,2000[","[0,4000[","[0,10000[","[0,10000[",*
1242,"[1000,1500[","[1000,2000[","[0,2000[","[0,4000[","[0,10000[","[0,10000[",*
1243,"[1000,1500[","[1000,2000[","[0,2000[","[0,4000[","[0,10000[","[0,10000[",*
1244,"[1000,1500[","[1000,2000[","[0,2000[","[0,4000[","[0,10000[","[0,10000[",*
1245,"[1000,1500[","[1000,2000[","[0,2000[","[0,4000[","[0,10000[","[0,10000[",*
1246,"[1000,1500[","[1000,2000[","[0,2000[","[0,4000[","[0,10000[","[0,10000[",*
1247,"[1000,1500[","[1000,2000[","[0,2000[","[0,4000[","[0,10000[","[0,10000[",*
1248,"[1000,1500[","[1000,2000[","[0,2000[","[0,4000[","[0,10000[","[0,10000[",*
1249,"[1000,1500[","[1000,2000[","[0,2000[","[0,4000[","[0,10000[","[0,10000[",*
1250,"[1000,1500[","[1000,2000[","[0,2000[","[0,4000[","[0,10000[","[0,10000[",*
1251,"[1000,1500[","[1000,2000[","[0,2000[","[0,4000[","[0,10000[","[0,10000[",*
1252,"[1000,1500[","[1000,2000[","[0,2000[","[0,4000[","[0,10000[","[0,10000[",*
1253,"[1000,1500[","[1000,2000[","[0,2000[","[0,4000[","[0,10000[","[0,10000[",*
1254,"[1000,1500[","[1000,2000[","[0,2000[","[0,4000[","[0,10000[","[0,10000[",*
1255,"[1000,1500[","[1000,2000[","[0,2000[","[0,4000[","[0,10000[","[0,10000[",*
1256,"[1000,1500[","[1000,2000[","[0,2000[","[0,4000[","[0,10000[","[0,10000[",*
1257,"[1000,1500[","[1000,2000[","[0,2000[","[0,4000[","[0,10000[","[0,10000[",*
1258,"[1000,1500[","[1000,2000[","[0,2000[","[0,4000[","[0,10000[","[0,10000[",*
1259,"[1000,1500[","[1000,2000[","[0,2000[","[0,4000[","[0,10000[","[0,10000[",*
1260,"[1000,1500[","[1000,2000[","[0,2000[","[0,4000[","[0,10000[","[0,10000[",*
1261,"[1000,1500[","[1000,2000[","[0,2000[","[0,4000[","[0,10000[","[0,10000[",*
1262,"[1000,1500[","[1000,2000[","[0,2000[","[0,4000[","[0,10000[","[0,10000[",*
1263,"[1000,1500[","[1000,2000[","[0,2000[","[0,4000[","[0,10000[","[0,10000[",*
1264,"[1000,1500[","[1000,2000[","[0,2000[","[0,4000[","[0,10000[","[0,10000[",*
1265,"[1000,1500[","[1000,2000[","[0,2000[","[0,4000[","[0,10000[","[0,10000[",*
1266,"[1000,1500[","[1000,2000[","[0,2000[","[0,4000[","[0,10000[","[0,10000[",*
1267,"[1000,1500[","[1000,2000[","[0,2000[","[0,4000[","[0,10000[","[0,10000[",*
1268,"[1000,1500[","[1000,2000[","[0,2000[","[0,4000[","[0,10000[","[0,10000[",*
1269,"[1000,1500[","[1000,2000[","[0,2000[","[0,4000[","[0,10000[","[0,10000[",*
1270,"[1000,1500[","[1000,2000[","[0,2000[","[0,4000[","[0,10000[","[0,10000[",*
1271,"[1000,1500[","[1000,2000[","[0,2000[","[0,4000[","[0,10000[","[0,10000[",*
1272,"[1000,1500[","[1000,2000[","[0,2000[","[0,4000[","[0,10000[","[0,10000[",*
1273,"[1000,1500[","[1000,2000[","[0,2000[","[0,4000[","[0,10000[","[0,10000[",*
1274,"[1000,1500[","[1000,2000[","[0,2000[","[0,4000[","[0,10000[","[0,10000[",*
1275,"[1000,1500[","[1000,2000[","[0,2000[","[0,4000[","[0,10000[","[0,10000[",*
1276,"[1000,1500[","[1000,2000[","[0,2000[","[0,4000[","[0,10000[","[0,10000[",*
1277,"[1000,1500[","[1000,2000[","[0,2000[","[0,4000[","[0,10000[","[0,10000[",*
1278,"[1000,1500[","[1000,2000[","[0,2000[","[0,4000[","[0,10000[","[0,10000[",*
1279,"[1000,1500[","[1000,2000[","[0,2000[","[0,4000[","[0,10000[","[0,10000[",*
1280,"[1000,1500[","[1000,2000[","[0,2000[","[0,4000[","[0,10000[","[0,10000[",*
1281,"[1000,1500[","[1000,2000[","[0,2000[","[0,4000[","[0,10000[","[0,10000[",*
1282,"[1000,1500[","[1000,2000[","[0,2000[","[0,4000[","[0,10000[","[0,10000[",*
1283,"[1000,1500[","[1000,2000[","[0,2000[","[0,4000[","[0,10000[","[0,10000[",*
1284,"[1000,1500[","[1000,2000[","[0,2000[","[0,4000[","[0,10000[","[0,10000[",*
1285,"[1000,1500[","[1000,2000[","[0,2000[","[0,4000[","[0,10000[","[0,10000[",*
1286,"[1000,1500[","[1000,2000[","[0,2000[","[0,4000[","[0,10000[","[0,10000[",*
1287,"[1000,1500[","[1000,2000[","[0,2000[","[0,4000[","[0,10000[","[0,10000[",*
1288,"[1000,1500[","[1000,2000[","[0,2000[","[0,4000[","[0,10000[","[0,10000[",*
1289,"[1000,1500[","[1000,2000[","[0,2000[","[0,4000[","[0,10000[","[0,10000[",*
1290,"[1000,1500[","[1000,2000[","[0,2000[","[0,4000[","[0,10000[","[0,10000[",*
1291,"[1000,1500[","[1000,2000[","[0,2000[","[0,4000[","[0,10000[","[0,10000[",*
1292,"[1000,1500[","[1000,2000[","[0,2000[","[0,4000[","[0,10000[","[0,10000[",*
1293,"[1000,1500[","[1000,2000[","[0,2000[","[0,4000[","[0,10000[","[0,10000[",*
1294,"[1000,1500[","[1000,2000[","[0,2000[","[0,4000[","[0,10000[","[0,10000[",*
1295,"[1000,1500[","[1000,2000[","[0,2000[","[0,4000[","[0,10000[","[0,10000[",*
1296,"[1000,1500[","[1000,2000[","[0,2000[","[0,4000[","[0,10000[","[0,10000[",*
1297,"[1000,1500[","[1000,2000[","[0,2000[","[0,4000[","[0,10000[","[0,10000[",*
1298,"[1000,1500[","[1000,2000[","[0,2000[","[0,4000[","[0,10000[","[0,10000[",*
1299,"[1000,1500[","[1000,2000[","[0,2000[","[0,4000[","[0,10000[","[0,10000[",*
1300,"[1000,1500[","[1000,2000[","[0,2000[","[0,4000[","[0,10000[","[0,10000[",*
1301,"[1000,1500[","[1000,2000[","[0,2000[","[0,4000[","[0,10000[","[0,10000[",*
1302,"[1000,1500[","[1000,2000[","[0,2000[","[0,4000[","[0,10000[","[0,10000[",*
1303,"[1000,1500[","[1000,2000[","[0,2000[","[0,4000[","[0,10000[","[0,10000[",*
1304,"[1000,1500[","[1000,2000[","[0,2000[","[0,4000[","[0,10000[","[0,10000[",*
1305,"[1000,1500[","[1000,2000[","[0,2000[","[0,4000[","[0,10000[","[0,10000[",*
1306,"[1000,1500[","[1000,2000[","[0,2000[","[0,4000[","[0,10000[","[0,10000[",*
1307,"[1000,1500[","[1000,2000[","[0,2000[","[0,4000[","[0,10000[","[0,10000[",*
1308,"[1000,1500[","[1000,2000[","[0,2000[","[0,4000[","[0,10000[","[0,10000[",*
1309,"[1000,1500[","[1000,2000[","[0,2000[","[0,4000[","[0,10000[","[0,10000[",*
1310,"[1000,1500[","[1000,2000[","[0,2000[","[0,4000[","[0,10000[","[0,10000[",*
1311,"[1000,1500[","[1000,2000[","[0,2000[","[0,4000[","[0,10000[","[0,10000[",*
1312,"[1000,1500[","[1000,2000[","[0,2000[","[0,4000[","[0,10000[","[0,10000[",*
1313,"[1000,1500[","[1000,2000[","[0,2000[","[0,4000[","[0,10000[","[0,10000[",*
1314,"[1000,1500[","[1000,2000[","[0,2000[","[0,4000[","[0,10000[","[0,10000[",*
1315,"[1000,1500[","[1000,2000[","[0,2000[","[0,4000[","[0,10000[","[0,10000[",*
1316,"[1000,1500[","[1000,2000[","[0,2000[","[0,4000[","[0,10000[","[0,10000[",*
1317,"[1000,1500[","[1000,2000[","[0,2000[","[0,4000[","[0,10000[","[0,10000[",*
1318,"[1000,1500[","[1000,2000[","[0,2000[","[0,4000[","[0,10000[","[0,10000[",*
1319,"[1000,1500[","[1000,2000[","[0,2000[","[0,4000[","[0,10000[","[0,10000[",*
1320,"[1000,1500[","[1000,2000[","[0,2000[","[0,4000[","[0,10000[","[0,10000[",*
1321,"[1000,1500[","[1000,2000[","[0,2000[","[0,4000[","[0,10000[","[0,10000[",*
1322,"[1000,1500[","[1000,2000[","[0,2000[","[0,4000[","[0,10000[","[0,10000[",*
1323,"[1000,1500[","[1000,2000[","[0,2000[","[0,4000[","[0,10000[","[0,10000[",*
1324,"[1000,1500[","[1000,2000[","[0,2000[","[0,4000[","[0,10000[","[0,10000[",*
1325,"[1000,1500[","[1000,2000[","[0,2000[","[0,4000[","[0,10000[","[0,10000[",*
1326,"[1000,1500[","[1000,2000[","[0,2000[","[0,4000[","[0,10000[","[0,10000[",*
1327,"[1000,1500[","[1000,2000[","[0,2000[","[0,4000[","[0,10000[","[0,10000[",*
1328,"[1000,1500[","[1000,2000[","[0,2000[","[0,4000[","[0,10000[","[0,10000[",*
1329,"[1000,1500[","[1000,2000[","[0,2000[","[0,4000[","[0,10000[","[0,10000[",*
1330,"[1000,1500[","[1000,2000[","[0,2000[","[0,4000[","[0,10000[","[0,10000[",*
1331,"[1000,1500[","[1000,2000[","[0,2000[","[0,4000[","[0,10000[","[0,10000[",*
1332,"[1000,1500[","[1000,2000[","[0,2000[","[0,4000[","[0,10000[","[0,10000[",*
1333,"[1000,1500[","[1000,2000[","[0,2000[","[0,4000[","[0,10000[","[0,10000[",*
1334,"[1000,1500[","[1000,2000[","[0,2000[","[0,4000[","[0,10000[","[0,10000[",*
1335,"[1000,1500[","[1000,2000[","[0,2000[","[0,4000[","[0,10000[","[0,10000[",*
1336,"[1000,1500[","[1000,2000[","[0,2000[","[0,4000[","[0,10000[","[0,10000[",*
1337,"[1000,1500[","[1000,2000[","[0,2000[","[0,4000[","[0,10000[","[0,10000[",*
1338,"[1000,1500[","[1000,2000[","[0,2000[","[0,4000[","[0,10000[","[0,10000[",*
1339,"[1000,1500[","[1000,2000[","[0,2000[","[0,4000[","[0,10000[","[0,10000[",*
1340,"[1000,1500[","[1000,2000[","[0,2000[","[0,4000[","[0,10000[","[0,10000[",*
1341,"[1000,1500[","[1000,2000[","[0,2000[","[0,4000[","[0,10000[","[0,10000[",*
1342,"[1000,1500[","[1000,2000[","[0,2000[","[0,4000[","[0,10000[","[0,10000[",*
1343,"[1000,1500[","[1000,2000[","[0,2000[","[0,4000[","[0,10000[","[0,10000[",*
1344,"[1000,1500[","[1000,2000[","[0,2000[","[0,4000[","[0,10000[","[0,10000[",*
1345,"[1000,1500[","[1000,2000[","[0,2000[","[0,4000[","[0,10000[","[0,10000[",*
1346,"[1000,1500[","[1000,2000[","[0,2000[","[0,4000[","[0,10000[","[0,10000[",*
1347,"[1000,1500[","[1000,2000[","[0,2000[","[0,4000[","[0,10000[","[0,10000[",*
1348,"[1000,1500[","[1000,2000[","[0,2000[","[0,4000[","[0,10000[","[0,10000[",*
1349,"[1000,1500[","[1000,2000[","[0,2000[","[0,4000[","[0,10000[","[0,10000[",*
1350,"[1000,1500[","[1000,2000[","[0,2000[","[0,4000[","[0,10000[","[0,10000[",*
1351,"[1000,1500[","[1000,2000[","[0,2000[","[0,4000[","[0,10000[","[0,10000[",*
1352,"[1000,1500[","[1000,2000[","[0,2000[","[0,4000[","[0,10000[","[0,10000[",*
1353,"[1000,1500[","[1000,2000[","[0,2000[","[0,4000[","[0,10000[","[0,10000[",*
1354,"[1000,1500[","[1000,2000[","[0,2000[","[0,4000[","[0,10000[","[0,10000[",*
1355,"[1000,1500[","[1000,2000[","[0,2000[","[0,4000[","[0,10000[","[0,10000[",*
1356,"[1000,1500[","[1000,2000[","[0,2000[","[0,4000[","[0,10000[","[0,10000[",*
1357,"[1000,1500[","[1000,2000[","[0,2000[","[0,4000[","[0,10000[","[0,10000[",*
1358,"[1000,1500[","[1000,2000[","[0,2000[","[0,4000[","[0,10000[","[0,10000[",*
1359,"[1000,1500[","[1000,2000[","[0,2000[","[0,4000[","[0,10000[","[0,10000[",*
1360,"[1000,1500[","[1000,2000[","[0,2000[","[0,4000[","[0,10000[","[0,10000[",*
1361,"[1000,1500[","[1000,2000[","[0,2000[","[0,4000[","[0,10000[","[0,10000[",*
1362,"[1000,1500[","[1000,2000[","[0,2000[","[0,4000[","[0,10000[","[0,10000[",*
1363,"[1000,1500[","[1000,2000[","[0,2000[","[0,4000[","[0,10000[","[0,10000[",*
1364,"[1000,1500[","[1000,2000[","[0,2000[","[0,4000[","[0,10000[","[0,10000[",*
1365,"[1000,1500[","[1000,2000[","[0,2000[","[0,4000[","[0,10000[","[0,10000[",*
1366,"[1000,1500[","[1000,2000[","[0,2000[","[0,4000[","[0,10000[","[0,10000[",*
1367,"[1000,1500[","[1000,2000[","[0,2000[","[0,4000[","[0,10000[","[0,10000[",*
1368,"[1000,1500[","[1000,2000[","[0,2000[","[0,4000[","[0,10000[","[0,10000[",*
1369,"[1000,1500[","[1000,2000[","[0,2000[","[0,4000[","[0,10000[","[0,10000[",*
1370,"[1000,1500[","[1000,2000[","[0,2000[","[0,4000[","[0,10000[","[0,10000[",*
1371,"[1000,1500[","[1000,2000[","[0,2000[","[0,4000[","[0,10000[","[0,10000[",*
1372,"[1000,1500[","[1000,2000[","[0,2000[","[0,4000[","[0,10000[","[0,10000[",*
1373,"[1000,1500[","[1000,2000[","[0,2000[","[0,4000[","[0,10000[","[0,10000[",*
1374,"[1000,1500[","[1000,2000[","[0,2000[","[0,4000[","[0,10000[","[0,10000[",*
1375,"[1000,1500[","[1000,2000[","[0,2000[","[0,4000[","[0,10000[","[0,10000[",*
1376,"[1000,1500[","[1000,2000[","[0,2000[","[0,4000[","[0,10000[","[0,10000[",*
1377,"[1000,1500[","[1000,2000[","[0,2000[","[0,4000[","[0,10000[","[0,10000[",*
1378,"[1000,1500[","[1000,2000[","[0,2000[","[0,4000[","[0,10000[","[0,10000[",*
1379,"[1000,1500[","[1000,2000[","[0,2000[","[0,4000[","[0,10000[","[0,10000[",*
1380,"[1000,1500[","[1000,2000[","[0,2000[","[0,4000[","[0,10000[","[0,10000[",*
1381,"[1000,1500[","[1000,2000[","[0,2000[","[0,4000[","[0,10000[","[0,10000[",*
1382,"[1000,1500[","[1000,2000[","[0,2000[","[0,4000[","[0,10000[","[0,10000[",*
1383,"[1000,1500[","[1000,2000[","[0,2000[","[0,4000[","[0,10000[","[0,10000[",*
1384,"[1000,1500[","[1000,2000[","[0,2000[","[0,4000[","[0,10000[","[0,10000[",*
1385,"[1000,1500[","[1000,2000[","[0,2000[","[0,4000[","[0,10000[","[0,10000[",*
1386,"[1000,1500[","[1000,2000[","[0,2000[","[0,4000[","[0,10000[","[0,10000[",*
1387,"[1000,1500[","[1000,2000[","[0,2000[","[0,4000[","[0,10000[","[0,10000[",*
1388,"[1000,1500[","[1000,2000[","[0,2000[","[0,4000[","[0,10000[","[0,10000[",*
1389,"[1000,1500[","[1000,2000[","[0,2000[","[0,4000[","[0,10000[","[0,10000[",*
1390,"[1000,1500[","[1000,2000[","[0,2000[","[0,4000[","[0,10000[","[0,10000[",*
1391,"[1000,1500[","[1000,2000[","[0,2000[","[0,4000[","[0,10000[","[0,10000[",*
1392,"[1000,1500[","[1000,2000[","[0,2000[","[0,4000[","[0,10000[","[0,10000[",*
1393,"[1000,1500[","[1000,2000[","[0,2000[","[0,4000[","[0,10000[","[0,10000[",*
1394,"[1000,1500[","[1000,2000[","[0,2000[","[0,4000[","[0,10000[","[0,10000[",*
1395,"[1000,1500[","[1000,2000[","[0,2000[","[0,4000[","[0,10000[","[0,10000[",*
1396,"[1000,1500[","[1000,2000[","[0,2000[","[0,4000[","[0,10000[","[0,10000[",*
1397,"[1000,1500[","[1000,2000[","[0,2000[","[0,4000[","[0,10000[","[0,10000[",*
1398,"[1000,1500[","[1000,2000[","[0,2000[","[0,4000[","[0,10000[","[0,10000[",*
1399,"[1000,1500[","[1000,2000[","[0,2000[","[0,4000[","[0,10000[","[0,10000[",*
1400,"[1000,1500[","[1000,2000[","[0,2000[","[0,4000[","[0,10000[","[0,10000[",*
1401,"[1000,1500[","[1000,2000[","[0,2000[","[0,4000[","[0,10000[","[0,10000[",*
1402,"[1000,1500[","[1000,2000[","[0,2000[","[0,4000[","[0,10000[","[0,10000[",*
1403,"[1000,1500[","[1000,2000[","[0,2000[","[0,4000[","[0,10000[","[0,10000[",*
1404,"[1000,1500[","[1000,2000[","[0,2000[","[0,4000[","[0,10000[","[0,10000[",*
1405,"[1000,1500[","[1000,2000[","[0,2000[","[0,4000[","[0,10000[","[0,10000[",*
1406,"[1000,1500[","[1000,2000[","[0,2000[","[0,4000[","[0,10000[","[0,10000[",*
1407,"[1000,1500[","[1000,2000[","[0,2000[","[0,4000[","[0,10000[","[0,10000[",*
1408,"[1000,1500[","[1000,2000[","[0,2000[","[0,4000[","[0,10000[","[0,10000[",*
1409,"[1000,1500[","[1000,2000[","[0,2000[","[0,4000[","[0,10000[","[0,10000[",*
1410,"[1000,1500[","[1000,2000[","[0,2000[","[0,4000[","[0,10000[","[0,10000[",*
1411,"[1000,1500[","[1000,2000[","[0,2000[","[0,4000[","[0,10000[","[0,10000[",*
1412,"[1000,1500[","[1000,2000[","[0,2000[","[0,4000[","[0,10000[","[0,10000[",*
1413,"[1000,1500[","[1000,2000[","[0,2000[","[0,4000[","[0,10000[","[0,10000[",*
1414,"[1000,1500[","[1000,2000[","[0,2000[","[0,4000[","[0,10000[","[0,10000[",*
1415,"[1000,1500[","[1000,2000[","[0,2000[","[0,4000[","[0,10000[","[0,10000[",*
1416,"[1000,1500[","[1000,2000[","[0,2000[","[0,4000[","[0,10000[","[0,10000[",*
1417,"[1000,1500[","[1000,2000[","[0,2000[","[0,4000[","[0,10000[","[0,10000[",*
1418,"[1000,1500[","[1000,2000[","[0,2000[","[0,4000[","[0,10000[","[0,10000[",*
1419,"[1000,1500[","[1000,2000[","[0,2000[","[0,4000[","[0,10000[","[0,10000[",*
1420,"[1000,1500[","[1000,2000[","[0,2000[","[0,4000[","[0,10000[","[0,10000[",*
1421,"[1000,1500[","[1000,2000[","[0,2000[","[0,4000[","[0,10000[","[0,10000[",*
1422,"[1000,1500[","[1000,2000[","[0,2000[","[0,4000[","[0,10000[","[0,10000[",*
1423,"[1000,1500[","[1000,2000[","[0,2000[","[0,4000[","[0,10000[","[0,10000[",*
1424,"[1000,1500[","[1000,2000[","[0,2000[","[0,4000[","[0,10000[","[0,10000[",*
1425,"[1000,1500[","[1000,2000[","[0,2000[","[0,4000[","[0,10000[","[0,10000[",*
1426,"[1000,1500[","[1000,2000[","[0,2000[","[0,4000[","[0,10000[","[0,10000[",*
1427,"[1000,1500[","[1000,2000[","[0,2000[","[0,4000[","[0,10000[","[0,10000[",*
1428,"[1000,1500[","[1000,2000[","[0,2000[","[0,4000[","[0,10000[","[0,10000[",*
1429,"[1000,1500[","[1000,2000[","[0,2000[","[0,4000[","[0,10000[","[0,10000[",*
1430,"[1000,1500[","[1000,2000[","[0,2000[","[0,4000[","[0,10000[","[0,10000[",*
1431,"[1000,1500[","[1000,2000[","[0,2000[","[0,4000[","[0,10000[","[0,10000[",*
1432,"[1000,1500[","[1000,2000[","[0,2000[","[0,4000[","[0,10000[","[0,10000[",*
1433,"[1000,1500[","[1000,2000[","[0,2000[","[0,4000[","[0,10000[","[0,10000[",*
1434,"[1000,1500[","[1000,2000[","[0,2000[","[0,4000[","[0,10000[","[0,10000[",*
1435,"[1000,1500[","[1000,2000[","[0,2000[","[0,4000[","[0,10000[","[0,10000[",*
1436,"[1000,1500[","[1000,2000[","[0,2000[","[0,4000[","[0,10000[","[0,10000[",*
1437,"[1000,1500[","[1000,2000[","[0,2000[","[0,4000[","[0,10000[","[0,10000[",*
1438,"[1000,1500[","[1000,2000[","[0,2000[","[0,4000[","[0,10000[","[0,10000[",*
1439,"[1000,1500[","[1000,2000[","[0,2000[","[0,4000[","[0,10000[","[0,10000[",*
1440,"[1000,1500[","[1000,2000[","[0,2000[","[0,4000[","[0,10000[","[0,10000[",*
1441,"[1000,1500[","[1000,2000[","[0,2000[","[0,4000[","[0,10000[","[0,10000[",*
1442,"[1000,1500[","[1000,2000[","[0,2000[","[0,4000[","[0,10000[","[0,10000[",*
1443,"[1000,1500[","[1000,2000[","[0,2000[","[0,4000[","[0,10000[","[0,10000[",*
1444,"[1000,1500[","[1000,2000[","[0,2000[","[0,4000[","[0,10000[","[0,10000[",*
1445,"[1000,1500[","[1000,2000[","[0,2000[","[0,4000[","[0,10000[","[0,10000[",*
1446,"[1000,1500[","[1000,2000[","[0,2000[","[0,4000[","[0,10000[","[0,10000[",*
1447,"[1000,1500[","[1000,2000[","[0,2000[","[0,4000[","[0,10000[","[0,10000[",*
1448,"[1000,1500[","[1000,2000[","[0,2000[","[0,4000[","[0,10000[","[0,10000[",*
1449,"[1000,1500[","[1000,2000[","[0,2000[","[0,4000[","[0,10000[","[0,10000[",*
1450,"[1000,1500[","[1000,2000[","[0,2000[","[0,4000[","[0,10000[","[0,10000[",*
1451,"[1000,1500[","[1000,2000[","[0,2000[","[0,4000[","[0,10000[","[0,10000[",*
1452,"[1000,1500[","[1000,2000[","[0,2000[","[0,4000[","[0,10000[","[0,10000[",*
1453,"[1000,1500[","[1000,2000[","[0,2000[","[0,4000[","[0,10000[","[0,10000[",*
1454,"[1000,1500[","[1000,2000[","[0,2000[","[0,4000[","[0,10000[","[0,10000[",*
1455,"[1000,1500[","[1000,2000[","[0,2000[","[0,4000[","[0,10000[","[0,10000[",*
1456,"[1000,1500[","[1000,2000[","[0,2000[","[0,4000[","[0,10000[","[0,10000[",*
1457,"[1000,1500[","[1000,2000[","[0,2000[","[0,4000[","[0,10000[","[0,10000[",*
1458,"[1000,1500[","[1000,2000[","[0,2000[","[0,4000[","[0,10000[","[0,10000[",*
1459,"[1000,1500[","[1000,2000[","[0,2000[","[0,4000[","[0,10000[","[0,10000[",*
1460,"[1000,1500[","[1000,2000[","[0,2000[","[0,4000[","[0,10000[","[0,10000[",*
1461,"[1000,1500[","[1000,2000[","[0,2000[","[0,4000[","[0,10000[","[0,10000[",*
1462,"[1000,1500[","[1000,2000[","[0,2000[","[0,4000[","[0,10000[","[0,10000[",*
1463,"[1000,1500[","[1000,2000[","[0,2000[","[0,4000[","[0,10000[","[0,10000[",*
1464,"[1000,1500[","[1000,2000[","[0,2000[","[0,4000[","[0,10000[","[0,10000[",*
1465,"[1000,1500[","[1000,2000[","[0,2000[","[0,4000[","[0,10000[","[0,10000[",*
1466,"[1000,1500[","[1000,2000[","[0,2000[","[0,4000[","[0,10000[","[0,10000[",*
1467,"[1000,1500[","[1000,2000[","[0,2000[","[0,4000[","[0,10000[","[0,10000[",*
1468,"[1000,1500[","[1000,2000[","[0,2000[","[0,4000[","[0,10000[","[0,10000[",*
1469,"[1000,1500[","[1000,2000[","[0,2000[","[0,4000[","[0,10000[","[0,10000[",*
1470,"[1000,1500[","[1000,2000[","[0,2000[","[0,4000[","[0,10000[","[0,10000[",*
1471,"[1000,1500[","[1000,2000[","[0,2000[","[0,4000[","[0,10000[","[0,10000[",*
1472,"[1000,1500[","[1000,2000[","[0,2000[","[0,4000[","[0,10000[","[0,10000[",*
1473,"[1000,1500[","[1000,2000[","[0,2000[","[0,4000[","[0,10000[","[0,10000[",*
1474,"[1000,1500[","[1000,2000[","[0,2000[","[0,4000[","[0,10000[","[0,10000[",*
1475,"[1000,1500[","[1000,2000[","[0,2000[","[0,4000[","[0,10000[","[0,10000[",*
1476,"[1000,1500[","[1000,2000[","[0,2000[","[0,4000[","[0,10000[","[0,10000[",*
1477,"[1000,1500[","[1000,2000[","[0,2000[","[0,4000[","[0,10000[","[0,10000[",*
1478,"[1000,1500[","[1000,2000[","[0,2000[","[0,4000[","[0,10000[","[0,10000[",*
1479,"[1000,1500[","[1000,2000[","[0,2000[","[0,4000[","[0,10000[","[0,10000[",*
1480,"[1000,1500[","[1000,2000[","[0,2000[","[0,4000[","[0,10000[","[0,10000[",*
1481,"[1000,1500[","[1000,2000[","[0,2000[","[0,4000[","[0,10000[","[0,10000[",*
1482,"[1000,1500[","[1000,2000[","[0,2000[","[0,4000[","[0,10000[","[0,10000[",*
1483,"[1000,1500[","[1000,2000[","[0,2000[","[0,4000[","[0,10000[","[0,10000[",*
1484,"[1000,1500[","[1000,2000[","[0,2000[","[0,4000[","[0,10000[","[0,10000[",*
1485,"[1000,1500[","[1000,2000[","[0,2000[","[0,4000[","[0,10000[","[0,10000[",*
1486,"[1000,1500[","[1000,2000[","[0,2000[","[0,4000[","[0,10000[","[0,10000[",*
1487,"[1000,1500[","[1000,2000[","[0,2000[","[0,4000[","[0,10000[","[0,10000[",*
1489,"[1000,1500[","[1000,2000[","[0,2000[","[0,4000[","[0,10000[","[0,10000[",*
1490,"[1000,1500[","[1000,2000[","[0,2000[","[0,4000[","[0,10000[","[0,10000[",*
1491,"[1000,1500[","[1000,2000[","[0,2000[","[0,4000[","[0,10000[","[0,10000[",*
1492,"[1000,1500[","[1000,2000[","[0,2000[","[0,4000[","[0,10000[","[0,10000[",*
1493,"[1000,1500[","[1000,2000[","[0,2000[","[0,4000[","[0,10000[","[0,10000[",*
1494,"[1000,1500[","[1000,2000[","[0,2000[","[0,4000[","[0,10000[","[0,10000[",*
1495,"[1000,1500[","[1000,2000[","[0,2000[","[0,4000[","[0,10000[","[0,10000[",*
1496,"[1000,1500[","[1000,2000[","[0,2000[","[0,4000[","[0,10000[","[0,10000[",*
1497,"[1000,1500[","[1000,2000[","[0,2000[","[0,4000[","[0,10000[","[0,10000[",*
1498,"[1000,1500[","[1000,2000[","[0,2000[","[0,4000[","[0,10000[","[0,10000[",*
1499,"[1000,1500[","[1000,2000[","[0,2000[","[0,4000[","[0,10000[","[0,10000[",*
1500,"[1500,2000[","[1000,2000[","[0,2000[","[0,4000[","[0,10000[","[0,10000[",*
1501,"[1500,2000[","[1000,2000[","[0,2000[","[0,4000[","[0,10000[","[0,10000[",*
1502,"[1500,2000[","[1000,2000[","[0,2000[","[0,4000[","[0,10000[","[0,10000[",*
1503,"[1500,2000[","[1000,2000[","[0,2000[","[0,4000[","[0,10000[","[0,10000[",*
1504,"[1500,2000[","[1000,2000[","[0,2000[","[0,4000[","[0,10000[","[0,10000[",*
1506,"[1500,2000[","[1000,2000[","[0,2000[","[0,4000[","[0,10000[","[0,10000[",*
1507,"[1500,2000[","[1000,2000[","[0,2000[","[0,4000[","[0,10000[","[0,10000[",*
1508,"[1500,2000[","[1000,2000[","[0,2000[","[0,4000[","[0,10000[","[0,10000[",*
1509,"[1500,2000[","[1000,2000[","[0,2000[","[0,4000[","[0,10000[","[0,10000[",*
1510,"[1500,2000[","[1000,2000[","[0,2000[","[0,4000[","[0,10000[","[0,10000[",*
1511,"[1500,2000[","[1000,2000[","[0,2000[","[0,4000[","[0,10000[","[0,10000[",*
1512,"[1500,2000[","[1000,2000[","[0,2000[","[0,4000[","[0,10000[","[0,10000[",*
1513,"[1500,2000[","[1000,2000[","[0,2000[","[0,4000[","[0,10000[","[0,10000[",*
1514,"[1500,2000[","[1000,2000[","[0,2000[","[0,4000[","[0,10000[","[0,10000[",*
1515,"[1500,2000[","[1000,2000[","[0,2000[","[0,4000[","[0,10000[","[0,10000[",*
1516,"[1500,2000[","[1000,2000[","[0,2000[","[0,4000[","[0,10000[","[0,10000[",*
1517,"[1500,2000[","[1000,2000[","[0,2000[","[0,4000[","[0,10000[","[0,10000[",*
1518,"[1500,2000[","[1000,2000[","[0,2000[","[0,4000[","[0,10000[","[0,10000[",*
1519,"[1500,2000[","[1000,2000[","[0,2000[","[0,4000[","[0,10000[","[0,10000[",*
1520,"[1500,2000[","[1000,2000[","[0,2000[","[0,4000[","[0,10000[","[0,10000[",*
1521,"[1500,2000[","[1000,2000[","[0,2000[","[0,4000[","[0,10000[","[0,10000[",*
1522,"[1500,2000[","[1000,2000[","[0,2000[","[0,4000[","[0,10000[","[0,10000[",*
1523,"[1500,2000[","[1000,2000[","[0,2000[","[0,4000[","[0,10000[","[0,10000[",*
1524,"[1500,2000[","[1000,2000[","[0,2000[","[0,4000[","[0,10000[","[0,10000[",*
1525,"[1500,2000[","[1000,2000[","[0,2000[","[0,4000[","[0,10000[","[0,10000[",*
1526,"[1500,2000[","[1000,2000[","[0,2000[","[0,4000[","[0,10000[","[0,10000[",*
1527,"[1500,2000[","[1000,2000[","[0,2000[","[0,4000[","[0,10000[","[0,10000[",*
1528,"[1500,2000[","[1000,2000[","[0,2000[","[0,4000[","[0,10000[","[0,10000[",*
1529,"[1500,2000[","[1000,2000[","[0,2000[","[0,4000[","[0,10000[","[0,10000[",*
1530,"[1500,2000[","[1000,2000[","[0,2000[","[0,4000[","[0,10000[","[0,10000[",*
1531,"[1500,2000[","[1000,2000[","[0,2000[","[0,4000[","[0,10000[","[0,10000[",*
1532,"[1500,2000[","[1000,2000[","[0,2000[","[0,4000[","[0,10000[","[0,10000[",*
1533,"[1500,2000[","[1000,2000[","[0,2000[","[0,4000[","[0,10000[","[0,10000[",*
1534,"[1500,2000[","[1000,2000[","[0,2000[","[0,4000[","[0,10000[","[0,10000[",*
1535,"[1500,2000[","[1000,2000[","[0,2000[","[0,4000[","[0,10000[","[0,10000[",*
1536,"[1500,2000[","[1000,2000[","[0,2000[","[0,4000[","[0,10000[","[0,10000[",*
1537,"[1500,2000[","[1000,2000[","[0,2000[","[0,4000[","[0,10000[","[0,10000[",*
1538,"[1500,2000[","[1000,2000[","[0,2000[","[0,4000[","[0,10000[","[0,10000[",*
1539,"[1500,2000[","[1000,2000[","[0,2000[","[0,4000[","[0,10000[","[0,10000[",*
1540,"[1500,2000[","[1000,2000[","[0,2000[","[0,4000[","[0,10000[","[0,10000[",*
1541,"[1500,2000[","[1000,2000[","[0,2000[","[0,4000[","[0,10000[","[0,10000[",*
1542,"[1500,2000[","[1000,2000[","[0,2000[","[0,4000[","[0,10000[","[0,10000[",*
1543,"[1500,2000[","[1000,2000[","[0,2000[","[0,4000[","[0,10000[","[0,10000[",*
1544,"[1500,2000[","[1000,2000[","[0,2000[","[0,4000[","[0,10000[","[0,10000[",*
1545,"[1500,2000[","[1000,2000[","[0,2000[","[0,4000[","[0,10000[","[0,10000[",*
1546,"[1500,2000[","[1000,2000[","[0,2000[","[0,4000[","[0,10000[","[0,10000[",*
1547,"[1500,2000[","[1000,2000[","[0,2000[","[0,4000[","[0,10000[","[0,10000[",*
1548,"[1500,2000[","[1000,2000[","[0,2000[","[0,4000[","[0,10000[","[0,10000[",*
1549,"[1500,2000[","[1000,2000[","[0,2000[","[0,4000[","[0,10000[","[0,10000[",*
1550,"[1500,2000[","[1000,2000[","[0,2000[","[0,4000[","[0,10000[","[0,10000[",*
1551,"[1500,2000[","[1000,2000[","[0,2000[","[0,4000[","[0,10000[","[0,10000[",*
1553,"[1500,2000[","[1000,2000[","[0,2000[","[0,4000[","[0,10000[","[0,10000[",*
1554,"[1500,2000[","[1000,2000[","[0,2000[","[0,4000[","[0,10000[","[0,10000[",*
1555,"[1500,2000[","[1000,2000[","[0,2000[","[0,4000[","[0,10000[","[0,10000[",*
1556,"[1500,2000[","[1000,2000[","[0,2000[","[0,4000[","[0,10000[","[0,10000[",*
1557,"[1500,2000[","[1000,2000[","[0,2000[","[0,4000[","[0,10000[","[0,10000[",*
1558,"[1500,2000[","[1000,2000[","[0,2000[","[0,4000[","[0,10000[","[0,10000[",*
1559,"[1500,2000[","[1000,2000[","[0,2000[","[0,4000[","[0,10000[","[0,10000[",*
1560,"[1500,2000[","[1000,2000[","[0,2000[","[0,4000[","[0,10000[","[0,10000[",*
1561,"[1500,2000[","[1000,2000[","[0,2000[","[0,4000[","[0,10000[","[0,10000[",*
1562,"[1500,2000[","[1000,2000[","[0,2000[","[0,4000[","[0,10000[","[0,10000[",*
1563,"[1500,2000[","[1000,2000[","[0,2000[","[0,4000[","[0,10000[","[0,10000[",*
1564,"[1500,2000[","[1000,2000[","[0,2000[","[0,4000[","[0,10000[","[0,10000[",*
1565,"[1500,2000[","[1000,2000[","[0,2000[","[0,4000[","[0,10000[","[0,10000[",*
1566,"[1500,2000[","[1000,2000[","[0,2000[","[0,4000[","[0,10000[","[0,10000[",*
1567,"[1500,2000[","[1000,2000[","[0,2000[","[0,4000[","[0,10000[","[0,10000[",*
1568,"[1500,2000[","[1000,2000[","[0,2000[","[0,4000[","[0,10000[","[0,10000[",*
1569,"[1500,2000[","[1000,2000[","[0,2000[","[0,4000[","[0,10000[","[0,10000[",*
1570,"[1500,2000[","[1000,2000[","[0,2000[","[0,4000[","[0,10000[","[0,10000[",*
1571,"[1500,2000[","[1000,2000[","[0,2000[","[0,4000[","[0,10000[","[0,10000[",*
1572,"[1500,2000[","[1000,2000[","[0,2000[","[0,4000[","[0,10000[","[0,10000[",*
1573,"[1500,2000[","[1000,2000[","[0,2000[","[0,4000[","[0,10000[","[0,10000[",*
1574,"[1500,2000[","[1000,2000[","[0,2000[","[0,4000[","[0,10000[","[0,10000[",*
1575,"[1500,2000[","[1000,2000[","[0,2000[","[0,4000[","[0,10000[","[0,10000[",*
1576,"[1500,2000[","[1000,2000[","[0,2000[","[0,4000[","[0,10000[","[0,10000[",*
1577,"[1500,2000[","[1000,2000[","[0,2000[","[0,4000[","[0,10000[","[0,10000[",*
1578,"[1500,2000[","[1000,2000[","[0,2000[","[0,4000[","[0,10000[","[0,10000[",*
1579,"[1500,2000[","[1000,2000[","[0,2000[","[0,4000[","[0,10000[","[0,10000[",*
1580,"[1500,2000[","[1000,2000[","[0,2000[","[0,4000[","[0,10000[","[0,10000[",*
1581,"[1500,2000[","[1000,2000[","[0,2000[","[0,4000[","[0,10000[","[0,10000[",*
1582,"[1500,2000[","[1000,2000[","[0,2000[","[0,4000[","[0,10000[","[0,10000[",*
1583,"[1500,2000[","[1000,2000[","[0,2000[","[0,4000[","[0,10000[","[0,10000[",*
1584,"[1500,2000[","[1000,2000[","[0,2000[","[0,4000[","[0,10000[","[0,10000[",*
1585,"[1500,2000[","[1000,2000[","[0,2000[","[0,4000[","[0,10000[","[0,10000[",*
1586,"[1500,2000[","[1000,2000[","[0,2000[","[0,4000[","[0,10000[","[0,10000[",*
1587,"[1500,2000[","[1000,2000[","[0,2000[","[0,4000[","[0,10000[","[0,10000[",*
1588,"[1500,2000[","[1000,2000[","[0,2000[","[0,4000[","[0,10000[","[0,10000[",*
1589,"[1500,2000[","[1000,2000[","[0,2000[","[0,4000[","[0,10000[","[0,10000[",*
1590,"[1500,2000[","[1000,2000[","[0,2000[","[0,4000[","[0,10000[","[0,10000[",*
1591,"[1500,2000[","[1000,2000[","[0,2000[","[0,4000[","[0,10000[","[0,10000[",*
1592,"[1500,2000[","[1000,2000[","[0,2000[","[0,4000[","[0,10000[","[0,10000[",*
1593,"[1500,2000[","[1000,2000[","[0,2000[","[0,4000[","[0,10000[","[0,10000[",*
1594,"[1500,2000[","[1000,2000[","[0,2000[","[0,4000[","[0,10000[","[0,10000[",*
1595,"[1500,2000[","[1000,2000[","[0,2000[","[0,4000[","[0,10000[","[0,10000[",*
1596,"[1500,2000[","[1000,2000[","[0,2000[","[0,4000[","[0,10000[","[0,10000[",*
1597,"[1500,2000[","[1000,2000[","[0,2000[","[0,4000[","[0,10000[","[0,10000[",*
1598,"[1500,2000[","[1000,2000[","[0,2000[","[0,4000[","[0,10000[","[0,10000[",*
1599,"[1500,2000[","[1000,2000[","[0,2000[","[0,4000[","[0,10000[","[0,10000[",*
1600,"[1500,2000[","[1000,2000[","[0,2000[","[0,4000[","[0,10000[","[0,10000[",*
1601,"[1500,2000[","[1000,2000[","[0,2000[","[0,4000[","[0,10000[","[0,10000[",*
1602,"[1500,2000[","[1000,2000[","[0,2000[","[0,4000[","[0,10000[","[0,10000[",*
1603,"[1500,2000[","[1000,2000[","[0,2000[","[0,4000[","[0,10000[","[0,10000[",*
1604,"[1500,2000[","[1000,2000[","[0,2000[","[0,4000[","[0,10000[","[0,10000[",*
1605,"[1500,2000[","[1000,2000[","[0,2000[","[0,4000[","[0,10000[","[0,10000[",*
1606,"[1500,2000[","[1000,2000[","[0,2000[","[0,4000[","[0,10000[","[0,10000[",*
1607,"[1500,2000[","[1000,2000[","[0,2000[","[0,4000[","[0,10000[","[0,10000[",*
1608,"[1500,2000[","[1000,2000[","[0,2000[","[0,4000[","[0,10000[","[0,10000[",*
1609,"[1500,2000[","[1000,2000[","[0,2000[","[0,4000[","[0,10000[","[0,10000[",*
1610,"[1500,2000[","[1000,2000[","[0,2000[","[0,4000[","[0,10000[","[0,10000[",*
1611,"[1500,2000[","[1000,2000[","[0,2000[","[0,4000[","[0,10000[","[0,10000[",*
1612,"[1500,2000[","[1000,2000[","[0,2000[","[0,4000[","[0,10000[","[0,10000[",*
1613,"[1500,2000[","[1000,2000[","[0,2000[","[0,4000[","[0,10000[","[0,10000[",*
1614,"[1500,2000[","[1000,2000[","[0,2000[","[0,4000[","[0,10000[","[0,10000[",*
1615,"[1500,2000[","[1000,2000[","[0,2000[","[0,4000[","[0,10000[","[0,10000[",*
1616,"[1500,2000[","[1000,2000[","[0,2000[","[0,4000[","[0,10000[","[0,10000[",*
1617,"[1500,2000[","[1000,2000[","[0,2000[","[0,4000[","[0,10000[","[0,10000[",*
1618,"[1500,2000[","[1000,2000[","[0,2000[","[0,4000[","[0,10000[","[0,10000[",*
1619,"[1500,2000[","[1000,2000[","[0,2000[","[0,4000[","[0,10000[","[0,10000[",*
1620,"[1500,2000[","[1000,2000[","[0,2000[","[0,4000[","[0,10000[","[0,10000[",*
1621,"[1500,2000[","[1000,2000[","[0,2000[","[0,4000[","[0,10000[","[0,10000[",*
1622,"[1500,2000[","[1000,2000[","[0,2000[","[0,4000[","[0,10000[","[0,10000[",*
1623,"[1500,2000[","[1000,2000[","[0,2000[","[0,4000[","[0,10000[","[0,10000[",*
1624,"[1500,2000[","[1000,2000[","[0,2000[","[0,4000[","[0,10000[","[0,10000[",*
1625,"[1500,2000[","[1000,2000[","[0,2000[","[0,4000[","[0,10000[","[0,10000[",*
1626,"[1500,2000[","[1000,2000[","[0,2000[","[0,4000[","[0,10000[","[0,10000[",*
1627,"[1500,2000[","[1000,2000[","[0,2000[","[0,4000[","[0,10000[","[0,10000[",*
1628,"[1500,2000[","[1000,2000[","[0,2000[","[0,4000[","[0,10000[","[0,10000[",*
1629,"[1500,2000[","[1000,2000[","[0,2000[","[0,4000[","[0,10000[","[0,10000[",*
1630,"[1500,2000[","[1000,2000[","[0,2000[","[0,4000[","[0,10000[","[0,10000[",*
1631,"[1500,2000[","[1000,2000[","[0,2000[","[0,4000[","[0,10000[","[0,10000[",*
1632,"[1500,2000[","[1000,2000[","[0,2000[","[0,4000[","[0,10000[","[0,10000[",*
1633,"[1500,2000[","[1000,2000[","[0,2000[","[0,4000[","[0,10000[","[0,10000[",*
1634,"[1500,2000[","[1000,2000[","[0,2000[","[0,4000[","[0,10000[","[0,10000[",*
1635,"[1500,2000[","[1000,2000[","[0,2000[","[0,4000[","[0,10000[","[0,10000[",*
1636,"[1500,2000[","[1000,2000[","[0,2000[","[0,4000[","[0,10000[","[0,10000[",*
1637,"[1500,2000[","[1000,2000[","[0,2000[","[0,4000[","[0,10000[","[0,10000[",*
1638,"[1500,2000[","[1000,2000[","[0,2000[","[0,4000[","[0,10000[","[0,10000[",*
1639,"[1500,2000[","[1000,2000[","[0,2000[","[0,4000[","[0,10000[","[0,10000[",*
1640,"[1500,2000[","[1000,2000[","[0,2000[","[0,4000[","[0,10000[","[0,10000[",*
1641,"[1500,2000[","[1000,2000[","[0,2000[","[0,4000[","[0,10000[","[0,10000[",*
1642,"[1500,2000[","[1000,2000[","[0,2000[","[0,4000[","[0,10000[","[0,10000[",*
1643,"[1500,2000[","[1000,2000[","[0,2000[","[0,4000[","[0,10000[","[0,10000[",*
1644,"[1500,2000[","[1000,2000[","[0,2000[","[0,4000[","[0,10000[","[0,10000[",*
1645,"[1500,2000[","[1000,2000[","[0,2000[","[0,4000[","[0,10000[","[0,10000[",*
1646,"[1500,2000[","[1000,2000[","[0,2000[","[0,4000[","[0,10000[","[0,10000[",*
1647,"[1500,2000[","[1000,2000[","[0,2000[","[0,4000[","[0,10000[","[0,10000[",*
1648,"[1500,2000[","[1000,2000[","[0,2000[","[0,4000[","[0,10000[","[0,10000[",*
1649,"[1500,2000[","[1000,2000[","[0,2000[","[0,4000[","[0,10000[","[0,10000[",*
1650,"[1500,2000[","[1000,2000[","[0,2000[","[0,4000[","[0,10000[","[0,10000[",*
1651,"[1500,2000[","[1000,2000[","[0,2000[","[0,4000[","[0,10000[","[0,10000[",*
1653,"[1500,2000[","[1000,2000[","[0,2000[","[0,4000[","[0,10000[","[0,10000[",*
1654,"[1500,2000[","[1000,2000[","[0,2000[","[0,4000[","[0,10000[","[0,10000[",*
1655,"[1500,2000[","[1000,2000[","[0,2000[","[0,4000[","[0,10000[","[0,10000[",*
1656,"[1500,2000[","[1000,2000[","[0,2000[","[0,4000[","[0,10000[","[0,10000[",*
1657,"[1500,2000[","[1000,2000[","[0,2000[","[0,4000[","[0,10000[","[0,10000[",*
1659,"[1500,2000[","[1000,2000[","[0,2000[","[0,4000[","[0,10000[","[0,10000[",*
1660,"[1500,2000[","[1000,2000[","[0,2000[","[0,4000[","[0,10000[","[0,10000[",*
1661,"[1500,2000[","[1000,2000[","[0,2000[","[0,4000[","[0,10000[","[0,10000[",*
1662,"[1500,2000[","[1000,2000[","[0,2000[","[0,4000[","[0,10000[","[0,10000[",*
1663,"[1500,2000[","[1000,2000[","[0,2000[","[0,4000[","[0,10000[","[0,10000[",*
1664,"[1500,2000[","[1000,2000[","[0,2000[","[0,4000[","[0,10000[","[0,10000[",*
1665,"[1500,2000[","[1000,2000[","[0,2000[","[0,4000[","[0,10000[","[0,10000[",*
1666,"[1500,2000[","[1000,2000[","[0,2000[","[0,4000[","[0,10000[","[0,10000[",*
1667,"[1500,2000[","[1000,2000[","[0,2000[","[0,4000[","[0,10000[","[0,10000[",*
1669,"[1500,2000[","[1000,2000[","[0,2000[","[0,4000[","[0,10000[","[0,10000[",*
1670,"[1500,2000[","[1000,2000[","[0,2000[","[0,4000[","[0,10000[","[0,10000[",*
1671,"[1500,2000[","[1000,2000[","[0,2000[","[0,4000[","[0,10000[","[0,10000[",*
1672,"[1500,2000[","[1000,2000[","[0,2000[","[0,4000[","[0,10000[","[0,10000[",*
1673,"[1500,2000[","[1000,2000[","[0,2000[","[0,4000[","[0,10000[","[0,10000[",*
1674,"[1500,2000[","[1000,2000[","[0,2000[","[0,4000[","[0,10000[","[0,10000[",*
1675,"[1500,2000[","[1000,2000[","[0,2000[","[0,4000[","[0,10000[","[0,10000[",*
1676,"[1500,2000[","[1000,2000[","[0,2000[","[0,4000[","[0,10000[","[0,10000[",*
1677,"[1500,2000[","[1000,2000[","[0,2000[","[0,4000[","[0,10000[","[0,10000[",*
1678,"[1500,2000[","[1000,2000[","[0,2000[","[0,4000[","[0,10000[","[0,10000[",*
1679,"[1500,2000[","[1000,2000[","[0,2000[","[0,4000[","[0,10000[","[0,10000[",*
1680,"[1500,2000[","[1000,2000[","[0,2000[","[0,4000[","[0,10000[","[0,10000[",*
1681,"[1500,2000[","[1000,2000[","[0,2000[","[0,4000[","[0,10000[","[0,10000[",*
1682,"[1500,2000[","[1000,2000[","[0,2000[","[0,4000[","[0,10000[","[0,10000[",*
1683,"[1500,2000[","[1000,2000[","[0,2000[","[0,4000[","[0,10000[","[0,10000[",*
1684,"[1500,2000[","[1000,2000[","[0,2000[","[0,4000[","[0,10000[","[0,10000[",*
1685,"[1500,2000[","[1000,2000[","[0,2000[","[0,4000[","[0,10000[","[0,10000[",*
1686,"[1500,2000[","[1000,2000[","[0,2000[","[0,4000[","[0,10000[","[0,10000[",*
1687,"[1500,2000[","[1000,2000[","[0,2000[","[0,4000[","[0,10000[","[0,10000[",*
1688,"[1500,2000[","[1000,2000[","[0,2000[","[0,4000[","[0,10000[","[0,10000[",*
1689,"[1500,2000[","[1000,2000[","[0,2000[","[0,4000[","[0,10000[","[0,10000[",*
1690,"[1500,2000[","[1000,2000[","[0,2000[","[0,4000[","[0,10000[","[0,10000[",*
1691,"[1500,2000[","[1000,2000[","[0,2000[","[0,4000[","[0,10000[","[0,10000[",*
1692,"[1500,2000[","[1000,2000[","[0,2000[","[0,4000[","[0,10000[","[0,10000[",*
1693,"[1500,2000[","[1000,2000[","[0,2000[","[0,4000[","[0,10000[","[0,10000[",*
1694,"[1500,2000[","[1000,2000[","[0,2000[","[0,4000[","[0,10000[","[0,10000[",*
1695,"[1500,2000[","[1000,2000[","[0,2000[","[0,4000[","[0,10000[","[0,10000[",*
1696,"[1500,2000[","[1000,2000[","[0,2000[","[0,4000[","[0,10000[","[0,10000[",*
1697,"[1500,2000[","[1000,2000[","[0,2000[","[0,4000[","[0,10000[","[0,10000[",*
1698,"[1500,2000[","[1000,2000[","[0,2000[","[0,4000[","[0,10000[","[0,10000[",*
1699,"[1500,2000[","[1000,2000[","[0,2000[","[0,4000[","[0,10000[","[0,10000[",*
1700,"[1500,2000[","[1000,2000[","[0,2000[","[0,4000[","[0,10000[","[0,10000[",*
1701,"[1500,2000[","[1000,2000[","[0,2000[","[0,4000[","[0,10000[","[0,10000[",*
1702,"[1500,2000[","[1000,2000[","[0,2000[","[0,4000[","[0,10000[","[0,10000[",*
1703,"[1500,2000[","[1000,2000[","[0,2000[","[0,4000[","[0,10000[","[0,10000[",*
1704,"[1500,2000[","[1000,2000[","[0,2000[","[0,4000[","[0,10000[","[0,10000[",*
1705,"[1500,2000[","[1000,2000[","[0,2000[","[0,4000[","[0,10000[","[0,10000[",*
1706,"[1500,2000[","[1000,2000[","[0,2000[","[0,4000[","[0,10000[","[0,10000[",*
1707,"[1500,2000[","[1000,2000[","[0,2000[","[0,4000[","[0,10000[","[0,10000[",*
1708,"[1500,2000[","[1000,2000[","[0,2000[","[0,4000[","[0,10000[","[0,10000[",*
1709,"[1500,2000[","[1000,2000[","[0,2000[","[0,4000[","[0,10000[","[0,10000[",*
1710,"[1500,2000[","[1000,2000[","[0,2000[","[0,4000[","[0,10000[","[0,10000[",*
1711,"[1500,2000[","[1000,2000[","[0,2000[","[0,4000[","[0,10000[","[0,10000[",*
1712,"[1500,2000[","[1000,2000[","[0,2000[","[0,4000[","[0,10000[","[0,10000[",*
1713,"[1500,2000[","[1000,2000[","[0,2000[","[0,4000[","[0,10000[","[0,10000[",*
1714,"[1500,2000[","[1000,2000[","[0,2000[","[0,4000[","[0,10000[","[0,10000[",*
1715,"[1500,2000[","[1000,2000[","[0,2000[","[0,4000[","[0,10000[","[0,10000[",*
1716,"[1500,2000[","[1000,2000[","[0,2000[","[0,4000[","[0,10000[","[0,10000[",*
1717,"[1500,2000[","[1000,2000[","[0,2000[","[0,4000[","[0,10000[","[0,10000[",*
1718,"[1500,2000[","[1000,2000[","[0,2000[","[0,4000[","[0,10000[","[0,10000[",*
1719,"[1500,2000[","[1000,2000[","[0,2000[","[0,4000[","[0,10000[","[0,10000[",*
1720,"[1500,2000[","[1000,2000[","[0,2000[","[0,4000[","[0,10000[","[0,10000[",*
1721,"[1500,2000[","[1000,2000[","[0,2000[","[0,4000[","[0,10000[","[0,10000[",*
1722,"[1500,2000[","[1000,2000[","[0,2000[","[0,4000[","[0,10000[","[0,10000[",*
1723,"[1500,2000[","[1000,2000[","[0,2000[","[0,4000[","[0,10000[","[0,10000[",*
1724,"[1500,2000[","[1000,2000[","[0,2000[","[0,4000[","[0,10000[","[0,10000[",*
1725,"[1500,2000[","[1000,2000[","[0,2000[","[0,4000[","[0,10000[","[0,10000[",*
1726,"[1500,2000[","[1000,2000[","[0,2000[","[0,4000[","[0,10000[","[0,10000[",*
1727,"[1500,2000[","[1000,2000[","[0,2000[","[0,4000[","[0,10000[","[0,10000[",*
1728,"[1500,2000[","[1000,2000[","[0,2000[","[0,4000[","[0,10000[","[0,10000[",*
1729,"[1500,2000[","[1000,2000[","[0,2000[","[0,4000[","[0,10000[","[0,10000[",*
1730,"[1500,2000[","[1000,2000[","[0,2000[","[0,4000[","[0,10000[","[0,10000[",*
1731,"[1500,2000[","[1000,2000[","[0,2000[","[0,4000[","[0,10000[","[0,10000[",*
1732,"[1500,2000[","[1000,2000[","[0,2000[","[0,4000[","[0,10000[","[0,10000[",*
1733,"[1500,2000[","[1000,2000[","[0,2000[","[0,4000[","[0,10000[","[0,10000[",*
1734,"[1500,2000[","[1000,2000[","[0,2000[","[0,4000[","[0,10000[","[0,10000[",*
1735,"[1500,2000[","[1000,2000[","[0,2000[","[0,4000[","[0,10000[","[0,10000[",*
1736,"[1500,2000[","[1000,2000[","[0,2000[","[0,4000[","[0,10000[","[0,10000[",*
1737,"[1500,2000[","[1000,2000[","[0,2000[","[0,4000[","[0,10000[","[0,10000[",*
1738,"[1500,2000[","[1000,2000[","[0,2000[","[0,4000[","[0,10000[","[0,10000[",*
1739,"[1500,2000[","[1000,2000[","[0,2000[","[0,4000[","[0,10000[","[0,10000[",*
1740,"[1500,2000[","[1000,2000[","[0,2000[","[0,4000[","[0,10000[","[0,10000[",*
1741,"[1500,2000[","[1000,2000[","[0,2000[","[0,4000[","[0,10000[","[0,10000[",*
1742,"[1500,2000[","[1000,2000[","[0,2000[","[0,4000[","[0,10000[","[0,10000[",*
1743,"[1500,2000[","[1000,2000[","[0,2000[","[0,4000[","[0,10000[","[0,10000[",*
1744,"[1500,2000[","[1000,2000[","[0,2000[","[0,4000[","[0,10000[","[0,10000[",*
1745,"[1500,2000[","[1000,2000[","[0,2000[","[0,4000[","[0,10000[","[0,10000[",*
1746,"[1500,2000[","[1000,2000[","[0,2000[","[0,4000[","[0,10000[","[0,10000[",*
1747,"[1500,2000[","[1000,2000[","[0,2000[","[0,4000[","[0,10000[","[0,10000[",*
1749,"[1500,2000[","[1000,2000[","[0,2000[","[0,4000[","[0,10000[","[0,10000[",*
1750,"[1500,2000[","[1000,2000[","[0,2000[","[0,4000[","[0,10000[","[0,10000[",*
1751,"[1500,2000[","[1000,2000[","[0,2000[","[0,4000[","[0,10000[","[0,10000[",*
1752,"[1500,2000[","[1000,2000[","[0,2000[","[0,4000[","[0,10000[","[0,10000[",*
1753,"[1500,2000[","[1000,2000[","[0,2000[","[0,4000[","[0,10000[","[0,10000[",*
1755,"[1500,2000[","[1000,2000[","[0,2000[","[0,4000[","[0,10000[","[0,10000[",*
1756,"[1500,2000[","[1000,2000[","[0,2000[","[0,4000[","[0,10000[","[0,10000[",*
1757,"[1500,2000[","[1000,2000[","[0,2000[","[0,4000[","[0,10000[","[0,10000[",*
1758,"[1500,2000[","[1000,2000[","[0,2000[","[0,4000[","[0,10000[","[0,10000[",*
1759,"[1500,2000[","[1000,2000[","[0,2000[","[0,4000[","[0,10000[","[0,10000[",*
1760,"[1500,2000[","[1000,2000[","[0,2000[","[0,4000[","[0,10000[","[0,10000[",*
1761,"[1500,2000[","[1000,2000[","[0,2000[","[0,4000[","[0,10000[","[0,10000[",*
1762,"[1500,2000[","[1000,2000[","[0,2000[","[0,4000[","[0,10000[","[0,10000[",*
1763,"[1500,2000[","[1000,2000[","[0,2000[","[0,4000[","[0,10000[","[0,10000[",*
1764,"[1500,2000[","[1000,2000[","[0,2000[","[0,4000[","[0,10000[","[0,10000[",*
1765,"[1500,2000[","[1000,2000[","[0,2000[","[0,4000[","[0,10000[","[0,10000[",*
1766,"[1500,2000[","[1000,2000[","[0,2000[","[0,4000[","[0,10000[","[0,10000[",*
1767,"[1500,2000[","[1000,2000[","[0,2000[","[0,4000[","[0,10000[","[0,10000[",*
1768,"[1500,2000[","[1000,2000[","[0,2000[","[0,4000[","[0,10000[","[0,10000[",*
1769,"[1500,2000[","[1000,2000[","[0,2000[","[0,4000[","[0,10000[","[0,10000[",*
1770,"[1500,2000[","[1000,2000[","[0,2000[","[0,4000[","[0,10000[","[0,10000[",*
1771,"[1500,2000[","[1000,2000[","[0,2000[","[0,4000[","[0,10000[","[0,10000[",*
1772,"[1500,2000[","[1000,2000[","[0,2000[","[0,4000[","[0,10000[","[0,10000[",*
1773,"[1500,2000[","[1000,2000[","[0,2000[","[0,4000[","[0,10000[","[0,10000[",*
1774,"[1500,2000[","[1000,2000[","[0,2000[","[0,4000[","[0,10000[","[0,10000[",*
1775,"[1500,2000[","[1000,2000[","[0,2000[","[0,4000[","[0,10000[","[0,10000[",*
1776,"[1500,2000[","[1000,2000[","[0,2000[","[0,4000[","[0,10000[","[0,10000[",*
1777,"[1500,2000[","[1000,2000[","[0,2000[","[0,4000[","[0,10000[","[0,10000[",*
1778,"[1500,2000[","[1000,2000[","[0,2000[","[0,4000[","[0,10000[","[0,10000[",*
1779,"[1500,2000[","[1000,2000[","[0,2000[","[0,4000[","[0,10000[","[0,10000[",*
1780,"[1500,2000[","[1000,2000[","[0,2000[","[0,4000[","[0,10000[","[0,10000[",*
1781,"[1500,2000[","[1000,2000[","[0,2000[","[0,4000[","[0,10000[","[0,10000[",*
1782,"[1500,2000[","[1000,2000[","[0,2000[","[0,4000[","[0,10000[","[0,10000[",*
1783,"[1500,2000[","[1000,2000[","[0,2000[","[0,4000[","[0,10000[","[0,10000[",*
1784,"[1500,2000[","[1000,2000[","[0,2000[","[0,4000[","[0,10000[","[0,10000[",*
1785,"[1500,2000[","[1000,2000[","[0,2000[","[0,4000[","[0,10000[","[0,10000[",*
1786,"[1500,2000[","[1000,2000[","[0,2000[","[0,4000[","[0,10000[","[0,10000[",*
1787,"[1500,2000[","[1000,2000[","[0,2000[","[0,4000[","[0,10000[","[0,10000[",*
1788,"[1500,2000[","[1000,2000[","[0,2000[","[0,4000[","[0,10000[","[0,10000[",*
1790,"[1500,2000[","[1000,2000[","[0,2000[","[0,4000[","[0,10000[","[0,10000[",*
1791,"[1500,2000[","[1000,2000[","[0,2000[","[0,4000[","[0,10000[","[0,10000[",*
1792,"[1500,2000[","[1000,2000[","[0,2000[","[0,4000[","[0,10000[","[0,10000[",*
1794,"[1500,2000[","[1000,2000[","[0,2000[","[0,4000[","[0,10000[","[0,10000[",*
1795,"[1500,2000[","[1000,2000[","[0,2000[","[0,4000[","[0,10000[","[0,10000[",*
1796,"[1500,2000[","[1000,2000[","[0,2000[","[0,4000[","[0,10000[","[0,10000[",*
1797,"[1500,2000[","[1000,2000[","[0,2000[","[0,4000[","[0,10000[","[0,10000[",*
1798,"[1500,2000[","[1000,2000[","[0,2000[","[0,4000[","[0,10000[","[0,10000[",*
1800,"[1500,2000[","[1000,2000[","[0,2000[","[0,4000[","[0,10000[","[0,10000[",*
1801,"[1500,2000[","[1000,2000[","[0,2000[","[0,4000[","[0,10000[","[0,10000[",*
1802,"[1500,2000[","[1000,2000[","[0,2000[","[0,4000[","[0,10000[","[0,10000[",*
1803,"[1500,2000[","[1000,2000[","[0,2000[","[0,4000[","[0,10000[","[0,10000[",*
1804,"[1500,2000[","[1000,2000[","[0,2000[","[0,4000[","[0,10000[","[0,10000[",*
1805,"[1500,2000[","[1000,2000[","[0,2000[","[0,4000[","[0,10000[","[0,10000[",*
1806,"[1500,2000[","[1000,2000[","[0,2000[","[0,4000[","[0,10000[","[0,10000[",*
1807,"[1500,2000[","[1000,2000[","[0,2000[","[0,4000[","[0,10000[","[0,10000[",*
1808,"[1500,2000[","[1000,2000[","[0,2000[","[0,4000[","[0,10000[","[0,10000[",*
1809,"[1500,2000[","[1000,2000[","[0,2000[","[0,4000[","[0,10000[","[0,10000[",*
1810,"[1500,2000[","[1000,2000[","[0,2000[","[0,4000[","[0,10000[","[0,10000[",*
1811,"[1500,2000[","[1000,2000[","[0,2000[","[0,4000[","[0,10000[","[0,10000[",*
1812,"[1500,2000[","[1000,2000[","[0,2000[","[0,4000[","[0,10000[","[0,10000[",*
1813,"[1500,2000[","[1000,2000[","[0,2000[","[0,4000[","[0,10000[","[0,10000[",*
1814,"[1500,2000[","[1000,2000[","[0,2000[","[0,4000[","[0,10000[","[0,10000[",*
1815,"[1500,2000[","[1000,2000[","[0,2000[","[0,4000[","[0,10000[","[0,10000[",*
1816,"[1500,2000[","[1000,2000[","[0,2000[","[0,4000[","[0,10000[","[0,10000[",*
1817,"[1500,2000[","[1000,2000[","[0,2000[","[0,4000[","[0,10000[","[0,10000[",*
1818,"[1500,2000[","[1000,2000[","[0,2000[","[0,4000[","[0,10000[","[0,10000[",*
1819,"[1500,2000[","[1000,2000[","[0,2000[","[0,4000[","[0,10000[","[0,10000[",*
1820,"[1500,2000[","[1000,2000[","[0,2000[","[0,4000[","[0,10000[","[0,10000[",*
1821,"[1500,2000[","[1000,2000[","[0,2000[","[0,4000[","[0,10000[","[0,10000[",*
1822,"[1500,2000[","[1000,2000[","[0,2000[","[0,4000[","[0,10000[","[0,10000[",*
1823,"[1500,2000[","[1000,2000[","[0,2000[","[0,4000[","[0,10000[","[0,10000[",*
1824,"[1500,2000[","[1000,2000[","[0,2000[","[0,4000[","[0,10000[","[0,10000[",*
1825,"[1500,2000[","[1000,2000[","[0,2000[","[0,4000[","[0,10000[","[0,10000[",*
1826,"[1500,2000[","[1000,2000[","[0,2000[","[0,4000[","[0,10000[","[0,10000[",*
1827,"[1500,2000[","[1000,2000[","[0,2000[","[0,4000[","[0,10000[","[0,10000[",*
1828,"[1500,2000[","[1000,2000[","[0,2000[","[0,4000[","[0,10000[","[0,10000[",*
1830,"[1500,2000[","[1000,2000[","[0,2000[","[0,4000[","[0,10000[","[0,10000[",*
1831,"[1500,2000[","[1000,2000[","[0,2000[","[0,4000[","[0,10000[","[0,10000[",*
1832,"[1500,2000[","[1000,2000[","[0,2000[","[0,4000[","[0,10000[","[0,10000[",*
1833,"[1500,2000[","[1000,2000[","[0,2000[","[0,4000[","[0,10000[","[0,10000[",*
1834,"[1500,2000[","[1000,2000[","[0,2000[","[0,4000[","[0,10000[","[0,10000[",*
1835,"[1500,2000[","[1000,2000[","[0,2000[","[0,4000[","[0,10000[","[0,10000[",*
1836,"[1500,2000[","[1000,2000[","[0,2000[","[0,4000[","[0,10000[","[0,10000[",*
1837,"[1500,2000[","[1000,2000[","[0,2000[","[0,4000[","[0,10000[","[0,10000[",*
1838,"[1500,2000[","[1000,2000[","[0,2000[","[0,4000[","[0,10000[","[0,10000[",*
1839,"[1500,2000[","[1000,2000[","[0,2000[","[0,4000[","[0,10000[","[0,10000[",*
1840,"[1500,2000[","[1000,2000[","[0,2000[","[0,4000[","[0,10000[","[0,10000[",*
1841,"[1500,2000[","[1000,2000[","[0,2000[","[0,4000[","[0,10000[","[0,10000[",*
1842,"[1500,2000[","[1000,2000[","[0,2000[","[0,4000[","[0,10000[","[0,10000[",*
1843,"[1500,2000[","[1000,2000[","[0,2000[","[0,4000[","[0,10000[","[0,10000[",*
1844,"[1500,2000[","[1000,2000[","[0,2000[","[0,4000[","[0,10000[","[0,10000[",*
1845,"[1500,2000[","[1000,2000[","[0,2000[","[0,4000[","[0,10000[","[0,10000[",*
1846,"[1500,2000[","[1000,2000[","[0,2000[","[0,4000[","[0,10000[","[0,10000[",*
1847,"[1500,2000[","[1000,2000[","[0,2000[","[0,4000[","[0,10000[","[0,10000[",*
1848,"[1500,2000[","[1000,2000[","[0,2000[","[0,4000[","[0,10000[","[0,10000[",*
1849,"[1500,2000[","[1000,2000[","[0,2000[","[0,4000[","[0,10000[","[0,10000[",*
1850,"[1500,2000[","[1000,2000[","[0,2000[","[0,4000[","[0,10000[","[0,10000[",*
1851,"[1500,2000[","[1000,2000[","[0,2000[","[0,4000[","[0,10000[","[0,10000[",*
1852,"[1500,2000[","[1000,2000[","[0,2000[","[0,4000[","[0,10000[","[0,10000[",*
1853,"[1500,2000[","[1000,2000[","[0,2000[","[0,4000[","[0,10000[","[0,10000[",*
1854,"[1500,2000[","[1000,2000[","[0,2000[","[0,4000[","[0,10000[","[0,10000[",*
1855,"[1500,2000[","[1000,2000[","[0,2000[","[0,4000[","[0,10000[","[0,10000[",*
1856,"[1500,2000[","[1000,2000[","[0,2000[","[0,4000[","[0,10000[","[0,10000[",*
1857,"[1500,2000[","[1000,2000[","[0,2000[","[0,4000[","[0,10000[","[0,10000[",*
1858,"[1500,2000[","[1000,2000[","[0,2000[","[0,4000[","[0,10000[","[0,10000[",*
1859,"[1500,2000[","[1000,2000[","[0,2000[","[0,4000[","[0,10000[","[0,10000[",*
1860,"[1500,2000[","[1000,2000[","[0,2000[","[0,4000[","[0,10000[","[0,10000[",*
1861,"[1500,2000[","[1000,2000[","[0,2000[","[0,4000[","[0,10000[","[0,10000[",*
1862,"[1500,2000[","[1000,2000[","[0,2000[","[0,4000[","[0,10000[","[0,10000[",*
1863,"[1500,2000[","[1000,2000[","[0,2000[","[0,4000[","[0,10000[","[0,10000[",*
1864,"[1500,2000[","[1000,2000[","[0,2000[","[0,4000[","[0,10000[","[0,10000[",*
1865,"[1500,2000[","[1000,2000[","[0,2000[","[0,4000[","[0,10000[","[0,10000[",*
1866,"[1500,2000[","[1000,2000[","[0,2000[","[0,4000[","[0,10000[","[0,10000[",*
1867,"[1500,2000[","[1000,2000[","[0,2000[","[0,4000[","[0,10000[","[0,10000[",*
1868,"[1500,2000[","[1000,2000[","[0,2000[","[0,4000[","[0,10000[","[0,10000[",*
1869,"[1500,2000[","[1000,2000[","[0,2000[","[0,4000[","[0,10000[","[0,10000[",*
1870,"[1500,2000[","[1000,2000[","[0,2000[","[0,4000[","[0,10000[","[0,10000[",*
1871,"[1500,2000[","[1000,2000[","[0,2000[","[0,4000[","[0,10000[","[0,10000[",*
1872,"[1500,2000[","[1000,2000[","[0,2000[","[0,4000[","[0,10000[","[0,10000[",*
1873,"[1500,2000[","[1000,2000[","[0,2000[","[0,4000[","[0,10000[","[0,10000[",*
1874,"[1500,2000[","[1000,2000[","[0,2000[","[0,4000[","[0,10000[","[0,10000[",*
1875,"[1500,2000[","[1000,2000[","[0,2000[","[0,4000[","[0,10000[","[0,10000[",*
1876,"[1500,2000[","[1000,2000[","[0,2000[","[0,4000[","[0,10000[","[0,10000[",*
1877,"[1500,2000[","[1000,2000[","[0,2000[","[0,4000[","[0,10000[","[0,10000[",*
1878,"[1500,2000[","[1000,2000[","[0,2000[","[0,4000[","[0,10000[","[0,10000[",*
1879,"[1500,2000[","[1000,2000[","[0,2000[","[0,4000[","[0,10000[","[0,10000[",*
1880,"[1500,2000[","[1000,2000[","[0,2000[","[0,4000[","[0,10000[","[0,10000[",*
1881,"[1500,2000[","[1000,2000[","[0,2000[","[0,4000[","[0,10000[","[0,10000[",*
1882,"[1500,2000[","[1000,2000[","[0,2000[","[0,4000[","[0,10000[","[0,10000[",*
1883,"[1500,2000[","[1000,2000[","[0,2000[","[0,4000[","[0,10000[","[0,10000[",*
1884,"[1500,2000[","[1000,2000[","[0,2000[","[0,4000[","[0,10000[","[0,10000[",*
1885,"[1500,2000[","[1000,2000[","[0,2000[","[0,4000[","[0,10000[","[0,10000[",*
1886,"[1500,2000[","[1000,2000[","[0,2000[","[0,4000[","[0,10000[","[0,10000[",*
1887,"[1500,2000[","[1000,2000[","[0,2000[","[0,4000[","[0,10000[","[0,10000[",*
1888,"[1500,2000[","[1000,2000[","[0,2000[","[0,4000[","[0,10000[","[0,10000[",*
1889,"[1500,2000[","[1000,2000[","[0,2000[","[0,4000[","[0,10000[","[0,10000[",*
1890,"[1500,2000[","[1000,2000[","[0,2000[","[0,4000[","[0,10000[","[0,10000[",*
1891,"[1500,2000[","[1000,2000[","[0,2000[","[0,4000[","[0,10000[","[0,10000[",*
1892,"[1500,2000[","[1000,2000[","[0,2000[","[0,4000[","[0,10000[","[0,10000[",*
1893,"[1500,2000[","[1000,2000[","[0,2000[","[0,4000[","[0,10000[","[0,10000[",*
1894,"[1500,2000[","[1000,2000[","[0,2000[","[0,4000[","[0,10000[","[0,10000[",*
1895,"[1500,2000[","[1000,2000[","[0,2000[","[0,4000[","[0,10000[","[0,10000[",*
1896,"[1500,2000[","[1000,2000[","[0,2000[","[0,4000[","[0,10000[","[0,10000[",*
1897,"[1500,2000[","[1000,2000[","[0,2000[","[0,4000[","[0,10000[","[0,10000[",*
1898,"[1500,2000[","[1000,2000[","[0,2000[","[0,4000[","[0,10000[","[0,10000[",*
1899,"[1500,2000[","[1000,2000[","[0,2000[","[0,4000[","[0,10000[","[0,10000[",*
1900,"[1500,2000[","[1000,2000[","[0,2000[","[0,4000[","[0,10000[","[0,10000[",*
1901,"[1500,2000[","[1000,2000[","[0,2000[","[0,4000[","[0,10000[","[0,10000[",*
1902,"[1500,2000[","[1000,2000[","[0,2000[","[0,4000[","[0,10000[","[0,10000[",*
1903,"[1500,2000[","[1000,2000[","[0,2000[","[0,4000[","[0,10000[","[0,10000[",*
1904,"[1500,2000[","[1000,2000[","[0,2000[","[0,4000[","[0,10000[","[0,10000[",*
1905,"[1500,2000[","[1000,2000[","[0,2000[","[0,4000[","[0,10000[","[0,10000[",*
1906,"[1500,2000[","[1000,2000[","[0,2000[","[0,4000[","[0,10000[","[0,10000[",*
1907,"[1500,2000[","[1000,2000[","[0,2000[","[0,4000[","[0,10000[","[0,10000[",*
1908,"[1500,2000[","[1000,2000[","[0,2000[","[0,4000[","[0,10000[","[0,10000[",*
1909,"[1500,2000[","[1000,2000[","[0,2000[","[0,4000[","[0,10000[","[0,10000[",*
1910,"[1500,2000[","[1000,2000[","[0,2000[","[0,4000[","[0,10000[","[0,10000[",*
1911,"[1500,2000[","[1000,2000[","[0,2000[","[0,4000[","[0,10000[","[0,10000[",*
1912,"[1500,2000[","[1000,2000[","[0,2000[","[0,4000[","[0,10000[","[0,10000[",*
1913,"[1500,2000[","[1000,2000[","[0,2000[","[0,4000[","[0,10000[","[0,10000[",*
1914,"[1500,2000[","[1000,2000[","[0,2000[","[0,4000[","[0,10000[","[0,10000[",*
1915,"[1500,2000[","[1000,2000[","[0,2000[","[0,4000[","[0,10000[","[0,10000[",*
1916,"[1500,2000[","[1000,2000[","[0,2000[","[0,4000[","[0,10000[","[0,10000[",*
1917,"[1500,2000[","[1000,2000[","[0,2000[","[0,4000[","[0,10000[","[0,10000[",*
1918,"[1500,2000[","[1000,2000[","[0,2000[","[0,4000[","[0,10000[","[0,10000[",*
1919,"[1500,2000[","[1000,2000[","[0,2000[","[0,4000[","[0,10000[","[0,10000[",*
1920,"[1500,2000[","[1000,2000[","[0,2000[","[0,4000[","[0,10000[","[0,10000[",*
1921,"[1500,2000[","[1000,2000[","[0,2000[","[0,4000[","[0,10000[","[0,10000[",*
1922,"[1500,2000[","[1000,2000[","[0,2000[","[0,4000[","[0,10000[","[0,10000[",*
1923,"[1500,2000[","[1000,2000[","[0,2000[","[0,4000[","[0,10000[","[0,10000[",*
1924,"[1500,2000[","[1000,2000[","[0,2000[","[0,4000[","[0,10000[","[0,10000[",*
1925,"[1500,2000[","[1000,2000[","[0,2000[","[0,4000[","[0,10000[","[0,10000[",*
1926,"[1500,2000[","[1000,2000[","[0,2000[","[0,4000[","[0,10000[","[0,10000[",*
1927,"[1500,2000[","[1000,2000[","[0,2000[","[0,4000[","[0,10000[","[0,10000[",*
1928,"[1500,2000[","[1000,2000[","[0,2000[","[0,4000[","[0,10000[","[0,10000[",*
1929,"[1500,2000[","[1000,2000[","[0,2000[","[0,4000[","[0,10000[","[0,10000[",*
1930,"[1500,2000[","[1000,2000[","[0,2000[","[0,4000[","[0,10000[","[0,10000[",*
1931,"[1500,2000[","[1000,2000[","[0,2000[","[0,4000[","[0,10000[","[0,10000[",*
1932,"[1500,2000[","[1000,2000[","[0,2000[","[0,4000[","[0,10000[","[0,10000[",*
1933,"[1500,2000[","[1000,2000[","[0,2000[","[0,4000[","[0,10000[","[0,10000[",*
1934,"[1500,2000[","[1000,2000[","[0,2000[","[0,4000[","[0,10000[","[0,10000[",*
1935,"[1500,2000[","[1000,2000[","[0,2000[","[0,4000[","[0,10000[","[0,10000[",*
1937,"[1500,2000[","[1000,2000[","[0,2000[","[0,4000[","[0,10000[","[0,10000[",*
1938,"[1500,2000[","[1000,2000[","[0,2000[","[0,4000[","[0,10000[","[0,10000[",*
1939,"[1500,2000[","[1000,2000[","[0,2000[","[0,4000[","[0,10000[","[0,10000[",*
1940,"[1500,2000[","[1000,2000[","[0,2000[","[0,4000[","[0,10000[","[0,10000[",*
1941,"[1500,2000[","[1000,2000[","[0,2000[","[0,4000[","[0,10000[","[0,10000[",*
1942,"[1500,2000[","[1000,2000[","[0,2000[","[0,4000[","[0,10000[","[0,10000[",*
1943,"[1500,2000[","[1000,2000[","[0,2000[","[0,4000[","[0,10000[","[0,10000[",*
1944,"[1500,2000[","[1000,2000[","[0,2000[","[0,4000[","[0,10000[","[0,10000[",*
1945,"[1500,2000[","[1000,2000[","[0,2000[","[0,4000[","[0,10000[","[0,10000[",*
1946,"[1500,2000[","[1000,2000[","[0,2000[","[0,4000[","[0,10000[","[0,10000[",*
1947,"[1500,2000[","[1000,2000[","[0,2000[","[0,4000[","[0,10000[","[0,10000[",*
1948,"[1500,2000[","[1000,2000[","[0,2000[","[0,4000[","[0,10000[","[0,10000[",*
1949,"[1500,2000[","[1000,2000[","[0,2000[","[0,4000[","[0,10000[","[0,10000[",*
1950,"[1500,2000[","[1000,2000[","[0,2000[","[0,4000[","[0,10000[","[0,10000[",*
1951,"[1500,2000[","[1000,2000[","[0,2000[","[0,4000[","[0,10000[","[0,10000[",*
1952,"[1500,2000[","[1000,2000[","[0,2000[","[0,4000[","[0,10000[","[0,10000[",*
1953,"[1500,2000[","[1000,2000[","[0,2000[","[0,4000[","[0,10000[","[0,10000[",*
1954,"[1500,2000[","[1000,2000[","[0,2000[","[0,4000[","[0,10000[","[0,10000[",*
1955,"[1500,2000[","[1000,2000[","[0,2000[","[0,4000[","[0,10000[","[0,10000[",*
1956,"[1500,2000[","[1000,2000[","[0,2000[","[0,4000[","[0,10000[","[0,10000[",*
1957,"[1500,2000[","[1000,2000[","[0,2000[","[0,4000[","[0,10000[","[0,10000[",*
1958,"[1500,2000[","[1000,2000[","[0,2000[","[0,4000[","[0,10000[","[0,10000[",*
1959,"[1500,2000[","[1000,2000[","[0,2000[","[0,4000[","[0,10000[","[0,10000[",*
1960,"[1500,2000[","[1000,2000[","[0,2000[","[0,4000[","[0,10000[","[0,10000[",*
1961,"[1500,2000[","[1000,2000[","[0,2000[","[0,4000[","[0,10000[","[0,10000[",*
1962,"[1500,2000[","[1000,2000[","[0,2000[","[0,4000[","[0,10000[","[0,10000[",*
1963,"[1500,2000[","[1000,2000[","[0,2000[","[0,4000[","[0,10000[","[0,10000[",*
1964,"[1500,2000[","[1000,2000[","[0,2000[","[0,4000[","[0,10000[","[0,10000[",*
1965,"[1500,2000[","[1000,2000[","[0,2000[","[0,4000[","[0,10000[","[0,10000[",*
1966,"[1500,2000[","[1000,2000[","[0,2000[","[0,4000[","[0,10000[","[0,10000[",*
1967,"[1500,2000[","[1000,2000[","[0,2000[","[0,4000[","[0,10000[","[0,10000[",*
1968,"[1500,2000[","[1000,2000[","[0,2000[","[0,4000[","[0,10000[","[0,10000[",*
1969,"[1500,2000[","[1000,2000[","[0,2000[","[0,4000[","[0,10000[","[0,10000[",*
1970,"[1500,2000[","[1000,2000[","[0,2000[","[0,4000[","[0,10000[","[0,10000[",*
1971,"[1500,2000[","[1000,2000[","[0,2000[","[0,4000[","[0,10000[","[0,10000[",*
1972,"[1500,2000[","[1000,2000[","[0,2000[","[0,4000[","[0,10000[","[0,10000[",*
1973,"[1500,2000[","[1000,2000[","[0,2000[","[0,4000[","[0,10000[","[0,10000[",*
1974,"[1500,2000[","[1000,2000[","[0,2000[","[0,4000[","[0,10000[","[0,10000[",*
1975,"[1500,2000[","[1000,2000[","[0,2000[","[0,4000[","[0,10000[","[0,10000[",*
1976,"[1500,2000[","[1000,2000[","[0,2000[","[0,4000[","[0,10000[","[0,10000[",*
1977,"[1500,2000[","[1000,2000[","[0,2000[","[0,4000[","[0,10000[","[0,10000[",*
1978,"[1500,2000[","[1000,2000[","[0,2000[","[0,4000[","[0,10000[","[0,10000[",*
1979,"[1500,2000[","[1000,2000[","[0,2000[","[0,4000[","[0,10000[","[0,10000[",*
1980,"[1500,2000[","[1000,2000[","[0,2000[","[0,4000[","[0,10000[","[0,10000[",*
1981,"[1500,2000[","[1000,2000[","[0,2000[","[0,4000[","[0,10000[","[0,10000[",*
1982,"[1500,2000[","[1000,2000[","[0,2000[","[0,4000[","[0,10000[","[0,10000[",*
1983,"[1500,2000[","[1000,2000[","[0,2000[","[0,4000[","[0,10000[","[0,10000[",*
1984,"[1500,2000[","[1000,2000[","[0,2000[","[0,4000[","[0,10000[","[0,10000[",*
1985,"[1500,2000[","[1000,2000[","[0,2000[","[0,4000[","[0,10000[","[0,10000[",*
1986,"[1500,2000[","[1000,2000[","[0,2000[","[0,4000[","[0,10000[","[0,10000[",*
1987,"[1500,2000[","[1000,2000[","[0,2000[","[0,4000[","[0,10000[","[0,10000[",*
1988,"[1500,2000[","[1000,2000[","[0,2000[","[0,4000[","[0,10000[","[0,10000[",*
1989,"[1500,2000[","[1000,2000[","[0,2000[","[0,4000[","[0,10000[","[0,10000[",*
1990,"[1500,2000[","[1000,2000[","[0,2000[","[0,4000[","[0,10000[","[0,10000[",*
1991,"[1500,2000[","[1000,2000[","[0,2000[","[0,4000[","[0,10000[","[0,10000[",*
1992,"[1500,2000[","[1000,2000[","[0,2000[","[0,4000[","[0,10000[","[0,10000[",*
1993,"[1500,2000[","[1000,2000[","[0,2000[","[0,4000[","[0,10000[","[0,10000[",*
1994,"[1500,2000[","[1000,2000[","[0,2000[","[0,4000[","[0,10000[","[0,10000[",*
1995,"[1500,2000[","[1000,2000[","[0,2000[","[0,4000[","[0,10000[","[0,10000[",*
1996,"[1500,2000[","[1000,2000[","[0,2000[","[0,4000[","[0,10000[","[0,10000[",*
1997,"[1500,2000[","[1000,2000[","[0,2000[","[0,4000[","[0,10000[","[0,10000[",*
1998,"[1500,2000[","[1000,2000[","[0,2000[","[0,4000[","[0,10000[","[0,10000[",*
2000,"[2000,2500[","[2000,3000[","[2000,4000[","[0,4000[","[0,10000[","[0,10000[",*
2001,"[2000,2500[","[2000,3000[","[2000,4000[","[0,4000[","[0,10000[","[0,10000[",*
2002,"[2000,2500[","[2000,3000[","[2000,4000[","[0,4000[","[0,10000[","[0,10000[",*
2003,"[2000,2500[","[2000,3000[","[2000,4000[","[0,4000[","[0,10000[","[0,10000[",*
2004,"[2000,2500[","[2000,3000[","[2000,4000[","[0,4000[","[0,10000[","[0,10000[",*
2005,"[2000,2500[","[2000,3000[","[2000,4000[","[0,4000[","[0,10000[","[0,10000[",*
2007,"[2000,2500[","[2000,3000[","[2000,4000[","[0,4000[","[0,10000[","[0,10000[",*
2008,"[2000,2500[","[2000,3000[","[2000,4000[","[0,4000[","[0,10000[","[0,10000[",*
2009,"[2000,2500[","[2000,3000[","[2000,4000[","[0,4000[","[0,10000[","[0,10000[",*
2010,"[2000,2500[","[2000,3000[","[2000,4000[","[0,4000[","[0,10000[","[0,10000[",*
2011,"[2000,2500[","[2000,3000[","[2000,4000[","[0,4000[","[0,10000[","[0,10000[",*
2012,"[2000,2500[","[2000,3000[","[2000,4000[","[0,4000[","[0,10000[","[0,10000[",*
2013,"[2000,2500[","[2000,3000[","[2000,4000[","[0,4000[","[0,10000[","[0,10000[",*
2014,"[2000,2500[","[2000,3000[","[2000,4000[","[0,4000[","[0,10000[","[0,10000[",*
2015,"[2000,2500[","[2000,3000[","[2000,4000[","[0,4000[","[0,10000[","[0,10000[",*
2016,"[2000,2500[","[2000,3000[","[2000,4000[","[0,4000[","[0,10000[","[0,10000[",*
2017,"[2000,2500[","[2000,3000[","[2000,4000[","[0,4000[","[0,10000[","[0,10000[",*
2018,"[2000,2500[","[2000,3000[","[2000,4000[","[0,4000[","[0,10000[","[0,10000[",*
2019,"[2000,2500[","[2000,3000[","[2000,4000[","[0,4000[","[0,10000[","[0,10000[",*
2020,"[2000,2500[","[2000,3000[","[2000,4000[","[0,4000[","[0,10000[","[0,10000[",*
2021,"[2000,2500[","[2000,3000[","[2000,4000[","[0,4000[","[0,10000[","[0,10000[",*
2022,"[2000,2500[","[2000,3000[","[2000,4000[","[0,4000[","[0,10000[","[0,10000[",*
2023,"[2000,2500[","[2000,3000[","[2000,4000[","[0,4000[","[0,10000[","[0,10000[",*
2024,"[2000,2500[","[2000,3000[","[2000,4000[","[0,4000[","[0,10000[","[0,10000[",*
2025,"[2000,2500[","[2000,3000[","[2000,4000[","[0,4000[","[0,10000[","[0,10000[",*
2026,"[2000,2500[","[2000,3000[","[2000,4000[","[0,4000[","[0,10000[","[0,10000[",*
2027,"[2000,2500[","[2000,3000[","[2000,4000[","[0,4000[","[0,10000[","[0,10000[",*
2030,"[2000,2500[","[2000,3000[","[2000,4000[","[0,4000[","[0,10000[","[0,10000[",*
2031,"[2000,2500[","[2000,3000[","[2000,4000[","[0,4000[","[0,10000[","[0,10000[",*
2032,"[2000,2500[","[2000,3000[","[2000,4000[","[0,4000[","[0,10000[","[0,10000[",*
2033,"[2000,2500[","[2000,3000[","[2000,4000[","[0,4000[","[0,10000[","[0,10000[",*
2034,"[2000,2500[","[2000,3000[","[2000,4000[","[0,4000[","[0,10000[","[0,10000[",*
2036,"[2000,2500[","[2000,3000[","[2000,4000[","[0,4000[","[0,10000[","[0,10000[",*
2037,"[2000,2500[","[2000,3000[","[2000,4000[","[0,4000[","[0,10000[","[0,10000[",*
2038,"[2000,2500[","[2000,3000[","[2000,4000[","[0,4000[","[0,10000[","[0,10000[",*
2039,"[2000,2500[","[2000,3000[","[2000,4000[","[0,4000[","[0,10000[","[0,10000[",*
2040,"[2000,2500[","[2000,3000[","[2000,4000[","[0,4000[","[0,10000[","[0,10000[",*
2041,"[2000,2500[","[2000,3000[","[2000,4000[","[0,4000[","[0,10000[","[0,10000[",*
2042,"[2000,2500[","[2000,3000[","[2000,4000[","[0,4000[","[0,10000[","[0,10000[",*
2043,"[2000,2500[","[2000,3000[","[2000,4000[","[0,4000[","[0,10000[","[0,10000[",*
2044,"[2000,2500[","[2000,3000[","[2000,4000[","[0,4000[","[0,10000[","[0,10000[",*
2045,"[2000,2500[","[2000,3000[","[2000,4000[","[0,4000[","[0,10000[","[0,10000[",*
2046,"[2000,2500[","[2000,3000[","[2000,4000[","[0,4000[","[0,10000[","[0,10000[",*
2047,"[2000,2500[","[2000,3000[","[2000,4000[","[0,4000[","[0,10000[","[0,10000[",*
2048,"[2000,2500[","[2000,3000[","[2000,4000[","[0,4000[","[0,10000[","[0,10000[",*
2050,"[2000,2500[","[2000,3000[","[2000,4000[","[0,4000[","[0,10000[","[0,10000[",*
2052,"[2000,2500[","[2000,3000[","[2000,4000[","[0,4000[","[0,10000[","[0,10000[",*
2053,"[2000,2500[","[2000,3000[","[2000,4000[","[0,4000[","[0,10000[","[0,10000[",*
2054,"[2000,2500[","[2000,3000[","[2000,4000[","[0,4000[","[0,10000[","[0,10000[",*
2055,"[2000,2500[","[2000,3000[","[2000,4000[","[0,4000[","[0,10000[","[0,10000[",*
2056,"[2000,2500[","[2000,3000[","[2000,4000[","[0,4000[","[0,10000[","[0,10000[",*
2057,"[2000,2500[","[2000,3000[","[2000,4000[","[0,4000[","[0,10000[","[0,10000[",*
2058,"[2000,2500[","[2000,3000[","[2000,4000[","[0,4000[","[0,10000[","[0,10000[",*
2059,"[2000,2500[","[2000,3000[","[2000,4000[","[0,4000[","[0,10000[","[0,10000[",*
2060,"[2000,2500[","[2000,3000[","[2000,4000[","[0,4000[","[0,10000[","[0,10000[",*
2061,"[2000,2500[","[2000,3000[","[2000,4000[","[0,4000[","[0,10000[","[0,10000[",*
2062,"[2000,2500[","[2000,3000[","[2000,4000[","[0,4000[","[0,10000[","[0,10000[",*
2063,"[2000,2500[","[2000,3000[","[2000,4000[","[0,4000[","[0,10000[","[0,10000[",*
2064,"[2000,2500[","[2000,3000[","[2000,4000[","[0,4000[","[0,10000[","[0,10000[",*
2065,"[2000,2500[","[2000,3000[","[2000,4000[","[0,4000[","[0,10000[","[0,10000[",*
2066,"[2000,2500[","[2000,3000[","[2000,4000[","[0,4000[","[0,10000[","[0,10000[",*
2067,"[2000,2500[","[2000,3000[","[2000,4000[","[0,4000[","[0,10000[","[0,10000[",*
2068,"[2000,2500[","[2000,3000[","[2000,4000[","[0,4000[","[0,10000[","[0,10000[",*
2069,"[2000,2500[","[2000,3000[","[2000,4000[","[0,4000[","[0,10000[","[0,10000[",*
2070,"[2000,2500[","[2000,3000[","[2000,4000[","[0,4000[","[0,10000[","[0,10000[",*
2071,"[2000,2500[","[2000,3000[","[2000,4000[","[0,4000[","[0,10000[","[0,10000[",*
2072,"[2000,2500[","[2000,3000[","[2000,4000[","[0,4000[","[0,10000[","[0,10000[",*
2073,"[2000,2500[","[2000,3000[","[2000,4000[","[0,4000[","[0,10000[","[0,10000[",*
2074,"[2000,2500[","[2000,3000[","[2000,4000[","[0,4000[","[0,10000[","[0,10000[",*
2076,"[2000,2500[","[2000,3000[","[2000,4000[","[0,4000[","[0,10000[","[0,10000[",*
2077,"[2000,2500[","[2000,3000[","[2000,4000[","[0,4000[","[0,10000[","[0,10000[",*
2079,"[2000,2500[","[2000,3000[","[2000,4000[","[0,4000[","[0,10000[","[0,10000[",*
2080,"[2000,2500[","[2000,3000[","[2000,4000[","[0,4000[","[0,10000[","[0,10000[",*
2081,"[2000,2500[","[2000,3000[","[2000,4000[","[0,4000[","[0,10000[","[0,10000[",*
2082,"[2000,2500[","[2000,3000[","[2000,4000[","[0,4000[","[0,10000[","[0,10000[",*
2083,"[2000,2500[","[2000,3000[","[2000,4000[","[0,4000[","[0,10000[","[0,10000[",*
2084,"[2000,2500[","[2000,3000[","[2000,4000[","[0,4000[","[0,10000[","[0,10000[",*
2085,"[2000,2500[","[2000,3000[","[2000,4000[","[0,4000[","[0,10000[","[0,10000[",*
2086,"[2000,2500[","[2000,3000[","[2000,4000[","[0,4000[","[0,10000[","[0,10000[",*
2087,"[2000,2500[","[2000,3000[","[2000,4000[","[0,4000[","[0,10000[","[0,10000[",*
2088,"[2000,2500[","[2000,3000[","[2000,4000[","[0,4000[","[0,10000[","[0,10000[",*
2089,"[2000,2500[","[2000,3000[","[2000,4000[","[0,4000[","[0,10000[","[0,10000[",*
2090,"[2000,2500[","[2000,3000[","[2000,4000[","[0,4000[","[0,10000[","[0,10000[",*
2091,"[2000,2500[","[2000,3000[","[2000,4000[","[0,4000[","[0,10000[","[0,10000[",*
2092,"[2000,2500[","[2000,3000[","[2000,4000[","[0,4000[","[0,10000[","[0,10000[",*
2093,"[2000,2500[","[2000,3000[","[2000,4000[","[0,4000[","[0,10000[","[0,10000[",*
2094,"[2000,2500[","[2000,3000[","[2000,4000[","[0,4000[","[0,10000[","[0,10000[",*
2095,"[2000,2500[","[2000,3000[","[2000,4000[","[0,4000[","[0,10000[","[0,10000[",*
2096,"[2000,2500[","[2000,3000[","[2000,4000[","[0,4000[","[0,10000[","[0,10000[",*
2097,"[2000,2500[","[2000,3000[","[2000,4000[","[0,4000[","[0,10000[","[0,10000[",*
2098,"[2000,2500[","[2000,3000[","[2000,4000[","[0,4000[","[0,10000[","[0,10000[",*
2099,"[2000,2500[","[2000,3000[","[2000,4000[","[0,4000[","[0,10000[","[0,10000[",*
2100,"[2000,2500[","[2000,3000[","[2000,4000[","[0,4000[","[0,10000[","[0,10000[",*
2101,"[2000,2500[","[2000,3000[","[2000,4000[","[0,4000[","[0,10000[","[0,10000[",*
2102,"[2000,2500[","[2000,3000[","[2000,4000[","[0,4000[","[0,10000[","[0,10000[",*
2103,"[2000,2500[","[2000,3000[","[2000,4000[","[0,4000[","[0,10000[","[0,10000[",*
2104,"[2000,2500[","[2000,3000[","[2000,4000[","[0,4000[","[0,10000[","[0,10000[",*
2105,"[2000,2500[","[2000,3000[","[2000,4000[","[0,4000[","[0,10000[","[0,10000[",*
2106,"[2000,2500[","[2000,3000[","[2000,4000[","[0,4000[","[0,10000[","[0,10000[",*
2107,"[2000,2500[","[2000,3000[","[2000,4000[","[0,4000[","[0,10000[","[0,10000[",*
2108,"[2000,2500[","[2000,3000[","[2000,4000[","[0,4000[","[0,10000[","[0,10000[",*
2109,"[2000,2500[","[2000,3000[","[2000,4000[","[0,4000[","[0,10000[","[0,10000[",*
2110,"[2000,2500[","[2000,3000[","[2000,4000[","[0,4000[","[0,10000[","[0,10000[",*
2111,"[2000,2500[","[2000,3000[","[2000,4000[","[0,4000[","[0,10000[","[0,10000[",*
2112,"[2000,2500[","[2000,3000[","[2000,4000[","[0,4000[","[0,10000[","[0,10000[",*
2113,"[2000,2500[","[2000,3000[","[2000,4000[","[0,4000[","[0,10000[","[0,10000[",*
2114,"[2000,2500[","[2000,3000[","[2000,4000[","[0,4000[","[0,10000[","[0,10000[",*
2115,"[2000,2500[","[2000,3000[","[2000,4000[","[0,4000[","[0,10000[","[0,10000[",*
2116,"[2000,2500[","[2000,3000[","[2000,4000[","[0,4000[","[0,10000[","[0,10000[",*
2117,"[2000,2500[","[2000,3000[","[2000,4000[","[0,4000[","[0,10000[","[0,10000[",*
2118,"[2000,2500[","[2000,3000[","[2000,4000[","[0,4000[","[0,10000[","[0,10000[",*
2119,"[2000,2500[","[2000,3000[","[2000,4000[","[0,4000[","[0,10000[","[0,10000[",*
2120,"[2000,2500[","[2000,3000[","[2000,4000[","[0,4000[","[0,10000[","[0,10000[",*
2121,"[2000,2500[","[2000,3000[","[2000,4000[","[0,4000[","[0,10000[","[0,10000[",*
2122,"[2000,2500[","[2000,3000[","[2000,4000[","[0,4000[","[0,10000[","[0,10000[",*
2123,"[2000,2500[","[2000,3000[","[2000,4000[","[0,4000[","[0,10000[","[0,10000[",*
2124,"[2000,2500[","[2000,3000[","[2000,4000[","[0,4000[","[0,10000[","[0,10000[",*
2125,"[2000,2500[","[2000,3000[","[2000,4000[","[0,4000[","[0,10000[","[0,10000[",*
2126,"[2000,2500[","[2000,3000[","[2000,4000[","[0,4000[","[0,10000[","[0,10000[",*
2127,"[2000,2500[","[2000,3000[","[2000,4000[","[0,4000[","[0,10000[","[0,10000[",*
2128,"[2000,2500[","[2000,3000[","[2000,4000[","[0,4000[","[0,10000[","[0,10000[",*
2129,"[2000,2500[","[2000,3000[","[2000,4000[","[0,4000[","[0,10000[","[0,10000[",*
2130,"[2000,2500[","[2000,3000[","[2000,4000[","[0,4000[","[0,10000[","[0,10000[",*
2131,"[2000,2500[","[2000,3000[","[2000,4000[","[0,4000[","[0,10000[","[0,10000[",*
2132,"[2000,2500[","[2000,3000[","[2000,4000[","[0,4000[","[0,10000[","[0,10000[",*
2133,"[2000,2500[","[2000,3000[","[2000,4000[","[0,4000[","[0,10000[","[0,10000[",*
2134,"[2000,2500[","[2000,3000[","[2000,4000[","[0,4000[","[0,10000[","[0,10000[",*
2135,"[2000,2500[","[2000,3000[","[2000,4000[","[0,4000[","[0,10000[","[0,10000[",*
2137,"[2000,2500[","[2000,3000[","[2000,4000[","[0,4000[","[0,10000[","[0,10000[",*
2138,"[2000,2500[","[2000,3000[","[2000,4000[","[0,4000[","[0,10000[","[0,10000[",*
2139,"[2000,2500[","[2000,3000[","[2000,4000[","[0,4000[","[0,10000[","[0,10000[",*
2140,"[2000,2500[","[2000,3000[","[2000,4000[","[0,4000[","[0,10000[","[0,10000[",*
2141,"[2000,2500[","[2000,3000[","[2000,4000[","[0,4000[","[0,10000[","[0,10000[",*
2142,"[2000,2500[","[2000,3000[","[2000,4000[","[0,4000[","[0,10000[","[0,10000[",*
2143,"[2000,2500[","[2000,3000[","[2000,4000[","[0,4000[","[0,10000[","[0,10000[",*
2144,"[2000,2500[","[2000,3000[","[2000,4000[","[0,4000[","[0,10000[","[0,10000[",*
2145,"[2000,2500[","[2000,3000[","[2000,4000[","[0,4000[","[0,10000[","[0,10000[",*
2146,"[2000,2500[","[2000,3000[","[2000,4000[","[0,4000[","[0,10000[","[0,10000[",*
2147,"[2000,2500[","[2000,3000[","[2000,4000[","[0,4000[","[0,10000[","[0,10000[",*
2148,"[2000,2500[","[2000,3000[","[2000,4000[","[0,4000[","[0,10000[","[0,10000[",*
2149,"[2000,2500[","[2000,3000[","[2000,4000[","[0,4000[","[0,10000[","[0,10000[",*
2150,"[2000,2500[","[2000,3000[","[2000,4000[","[0,4000[","[0,10000[","[0,10000[",*
2151,"[2000,2500[","[2000,3000[","[2000,4000[","[0,4000[","[0,10000[","[0,10000[",*
2152,"[2000,2500[","[2000,3000[","[2000,4000[","[0,4000[","[0,10000[","[0,10000[",*
2153,"[2000,2500[","[2000,3000[","[2000,4000[","[0,4000[","[0,10000[","[0,10000[",*
2154,"[2000,2500[","[2000,3000[","[2000,4000[","[0,4000[","[0,10000[","[0,10000[",*
2155,"[2000,2500[","[2000,3000[","[2000,4000[","[0,4000[","[0,10000[","[0,10000[",*
2156,"[2000,2500[","[2000,3000[","[2000,4000[","[0,4000[","[0,10000[","[0,10000[",*
2157,"[2000,2500[","[2000,3000[","[2000,4000[","[0,4000[","[0,10000[","[0,10000[",*
2158,"[2000,2500[","[2000,3000[","[2000,4000[","[0,4000[","[0,10000[","[0,10000[",*
2159,"[2000,2500[","[2000,3000[","[2000,4000[","[0,4000[","[0,10000[","[0,10000[",*
2160,"[2000,2500[","[2000,3000[","[2000,4000[","[0,4000[","[0,10000[","[0,10000[",*
2161,"[2000,2500[","[2000,3000[","[2000,4000[","[0,4000[","[0,10000[","[0,10000[",*
2162,"[2000,2500[","[2000,3000[","[2000,4000[","[0,4000[","[0,10000[","[0,10000[",*
2163,"[2000,2500[","[2000,3000[","[2000,4000[","[0,4000[","[0,10000[","[0,10000[",*
2164,"[2000,2500[","[2000,3000[","[2000,4000[","[0,4000[","[0,10000[","[0,10000[",*
2165,"[2000,2500[","[2000,3000[","[2000,4000[","[0,4000[","[0,10000[","[0,10000[",*
2166,"[2000,2500[","[2000,3000[","[2000,4000[","[0,4000[","[0,10000[","[0,10000[",*
2167,"[2000,2500[","[2000,3000[","[2000,4000[","[0,4000[","[0,10000[","[0,10000[",*
2168,"[2000,2500[","[2000,3000[","[2000,4000[","[0,4000[","[0,10000[","[0,10000[",*
2169,"[2000,2500[","[2000,3000[","[2000,4000[","[0,4000[","[0,10000[","[0,10000[",*
2170,"[2000,2500[","[2000,3000[","[2000,4000[","[0,4000[","[0,10000[","[0,10000[",*
2171,"[2000,2500[","[2000,3000[","[2000,4000[","[0,4000[","[0,10000[","[0,10000[",*
2172,"[2000,2500[","[2000,3000[","[2000,4000[","[0,4000[","[0,10000[","[0,10000[",*
2173,"[2000,2500[","[2000,3000[","[2000,4000[","[0,4000[","[0,10000[","[0,10000[",*
2174,"[2000,2500[","[2000,3000[","[2000,4000[","[0,4000[","[0,10000[","[0,10000[",*
2176,"[2000,2500[","[2000,3000[","[2000,4000[","[0,4000[","[0,10000[","[0,10000[",*
2177,"[2000,2500[","[2000,3000[","[2000,4000[","[0,4000[","[0,10000[","[0,10000[",*
2178,"[2000,2500[","[2000,3000[","[2000,4000[","[0,4000[","[0,10000[","[0,10000[",*
2179,"[2000,2500[","[2000,3000[","[2000,4000[","[0,4000[","[0,10000[","[0,10000[",*
2180,"[2000,2500[","[2000,3000[","[2000,4000[","[0,4000[","[0,10000[","[0,10000[",*
2182,"[2000,2500[","[2000,3000[","[2000,4000[","[0,4000[","[0,10000[","[0,10000[",*
2183,"[2000,2500[","[2000,3000[","[2000,4000[","[0,4000[","[0,10000[","[0,10000[",*
2184,"[2000,2500[","[2000,3000[","[2000,4000[","[0,4000[","[0,10000[","[0,10000[",*
2185,"[2000,2500[","[2000,3000[","[2000,4000[","[0,4000[","[0,10000[","[0,10000[",*
2186,"[2000,2500[","[2000,3000[","[2000,4000[","[0,4000[","[0,10000[","[0,10000[",*
2187,"[2000,2500[","[2000,3000[","[2000,4000[","[0,4000[","[0,10000[","[0,10000[",*
2188,"[2000,2500[","[2000,3000[","[2000,4000[","[0,4000[","[0,10000[","[0,10000[",*
2189,"[2000,2500[","[2000,3000[","[2000,4000[","[0,4000[","[0,10000[","[0,10000[",*
2190,"[2000,2500[","[2000,3000[","[2000,4000[","[0,4000[","[0,10000[","[0,10000[",*
2191,"[2000,2500[","[2000,3000[","[2000,4000[","[0,4000[","[0,10000[","[0,10000[",*
2192,"[2000,2500[","[2000,3000[","[2000,4000[","[0,4000[","[0,10000[","[0,10000[",*
2193,"[2000,2500[","[2000,3000[","[2000,4000[","[0,4000[","[0,10000[","[0,10000[",*
2194,"[2000,2500[","[2000,3000[","[2000,4000[","[0,4000[","[0,10000[","[0,10000[",*
2195,"[2000,2500[","[2000,3000[","[2000,4000[","[0,4000[","[0,10000[","[0,10000[",*
2196,"[2000,2500[","[2000,3000[","[2000,4000[","[0,4000[","[0,10000[","[0,10000[",*
2197,"[2000,2500[","[2000,3000[","[2000,4000[","[0,4000[","[0,10000[","[0,10000[",*
2198,"[2000,2500[","[2000,3000[","[2000,4000[","[0,4000[","[0,10000[","[0,10000[",*
2199,"[2000,2500[","[2000,3000[","[2000,4000[","[0,4000[","[0,10000[","[0,10000[",*
2200,"[2000,2500[","[2000,3000[","[2000,4000[","[0,4000[","[0,10000[","[0,10000[",*
2201,"[2000,2500[","[2000,3000[","[2000,4000[","[0,4000[","[0,10000[","[0,10000[",*
2202,"[2000,2500[","[2000,3000[","[2000,4000[","[0,4000[","[0,10000[","[0,10000[",*
2203,"[2000,2500[","[2000,3000[","[2000,4000[","[0,4000[","[0,10000[","[0,10000[",*
2204,"[2000,2500[","[2000,3000[","[2000,4000[","[0,4000[","[0,10000[","[0,10000[",*
2205,"[2000,2500[","[2000,3000[","[2000,4000[","[0,4000[","[0,10000[","[0,10000[",*
2206,"[2000,2500[","[2000,3000[","[2000,4000[","[0,4000[","[0,10000[","[0,10000[",*
2207,"[2000,2500[","[2000,3000[","[2000,4000[","[0,4000[","[0,10000[","[0,10000[",*
2208,"[2000,2500[","[2000,3000[","[2000,4000[","[0,4000[","[0,10000[","[0,10000[",*
2209,"[2000,2500[","[2000,3000[","[2000,4000[","[0,4000[","[0,10000[","[0,10000[",*
2211,"[2000,2500[","[2000,3000[","[2000,4000[","[0,4000[","[0,10000[","[0,10000[",*
2212,"[2000,2500[","[2000,3000[","[2000,4000[","[0,4000[","[0,10000[","[0,10000[",*
2213,"[2000,2500[","[2000,3000[","[2000,4000[","[0,4000[","[0,10000[","[0,10000[",*
2214,"[2000,2500[","[2000,3000[","[2000,4000[","[0,4000[","[0,10000[","[0,10000[",*
2215,"[2000,2500[","[2000,3000[","[2000,4000[","[0,4000[","[0,10000[","[0,10000[",*
2216,"[2000,2500[","[2000,3000[","[2000,4000[","[0,4000[","[0,10000[","[0,10000[",*
2217,"[2000,2500[","[2000,3000[","[2000,4000[","[0,4000[","[0,10000[","[0,10000[",*
2218,"[2000,2500[","[2000,3000[","[2000,4000[","[0,4000[","[0,10000[","[0,10000[",*
2219,"[2000,2500[","[2000,3000[","[2000,4000[","[0,4000[","[0,10000[","[0,10000[",*
2220,"[2000,2500[","[2000,3000[","[2000,4000[","[0,4000[","[0,10000[","[0,10000[",*
2221,"[2000,2500[","[2000,3000[","[2000,4000[","[0,4000[","[0,10000[","[0,10000[",*
2222,"[2000,2500[","[2000,3000[","[2000,4000[","[0,4000[","[0,10000[","[0,10000[",*
2223,"[2000,2500[","[2000,3000[","[2000,4000[","[0,4000[","[0,10000[","[0,10000[",*
2225,"[2000,2500[","[2000,3000[","[2000,4000[","[0,4000[","[0,10000[","[0,10000[",*
2226,"[2000,2500[","[2000,3000[","[2000,4000[","[0,4000[","[0,10000[","[0,10000[",*
2227,"[2000,2500[","[2000,3000[","[2000,4000[","[0,4000[","[0,10000[","[0,10000[",*
2228,"[2000,2500[","[2000,3000[","[2000,4000[","[0,4000[","[0,10000[","[0,10000[",*
2229,"[2000,2500[","[2000,3000[","[2000,4000[","[0,4000[","[0,10000[","[0,10000[",*
2230,"[2000,2500[","[2000,3000[","[2000,4000[","[0,4000[","[0,10000[","[0,10000[",*
2231,"[2000,2500[","[2000,3000[","[2000,4000[","[0,4000[","[0,10000[","[0,10000[",*
2232,"[2000,2500[","[2000,3000[","[2000,4000[","[0,4000[","[0,10000[","[0,10000[",*
2233,"[2000,2500[","[2000,3000[","[2000,4000[","[0,4000[","[0,10000[","[0,10000[",*
2234,"[2000,2500[","[2000,3000[","[2000,4000[","[0,4000[","[0,10000[","[0,10000[",*
2235,"[2000,2500[","[2000,3000[","[2000,4000[","[0,4000[","[0,10000[","[0,10000[",*
2236,"[2000,2500[","[2000,3000[","[2000,4000[","[0,4000[","[0,10000[","[0,10000[",*
2237,"[2000,2500[","[2000,3000[","[2000,4000[","[0,4000[","[0,10000[","[0,10000[",*
2238,"[2000,2500[","[2000,3000[","[2000,4000[","[0,4000[","[0,10000[","[0,10000[",*
2239,"[2000,2500[","[2000,3000[","[2000,4000[","[0,4000[","[0,10000[","[0,10000[",*
2240,"[2000,2500[","[2000,3000[","[2000,4000[","[0,4000[","[0,10000[","[0,10000[",*
2242,"[2000,2500[","[2000,3000[","[2000,4000[","[0,4000[","[0,10000[","[0,10000[",*
2243,"[2000,2500[","[2000,3000[","[2000,4000[","[0,4000[","[0,10000[","[0,10000[",*
2244,"[2000,2500[","[2000,3000[","[2000,4000[","[0,4000[","[0,10000[","[0,10000[",*
2245,"[2000,2500[","[2000,3000[","[2000,4000[","[0,4000[","[0,10000[","[0,10000[",*
2246,"[2000,2500[","[2000,3000[","[2000,4000[","[0,4000[","[0,10000[","[0,10000[",*
2247,"[2000,2500[","[2000,3000[","[2000,4000[","[0,4000[","[0,10000[","[0,10000[",*
2248,"[2000,2500[","[2000,3000[","[2000,4000[","[0,4000[","[0,10000[","[0,10000[",*
2249,"[2000,2500[","[2000,3000[","[2000,4000[","[0,4000[","[0,10000[","[0,10000[",*
2251,"[2000,2500[","[2000,3000[","[2000,4000[","[0,4000[","[0,10000[","[0,10000[",*
2252,"[2000,2500[","[2000,3000[","[2000,4000[","[0,4000[","[0,10000[","[0,10000[",*
2253,"[2000,2500[","[2000,3000[","[2000,4000[","[0,4000[","[0,10000[","[0,10000[",*
2254,"[2000,2500[","[2000,3000[","[2000,4000[","[0,4000[","[0,10000[","[0,10000[",*
2255,"[2000,2500[","[2000,3000[","[2000,4000[","[0,4000[","[0,10000[","[0,10000[",*
2256,"[2000,2500[","[2000,3000[","[2000,4000[","[0,4000[","[0,10000[","[0,10000[",*
2257,"[2000,2500[","[2000,3000[","[2000,4000[","[0,4000[","[0,10000[","[0,10000[",*
2258,"[2000,2500[","[2000,3000[","[2000,4000[","[0,4000[","[0,10000[","[0,10000[",*
2260,"[2000,2500[","[2000,3000[","[2000,4000[","[0,4000[","[0,10000[","[0,10000[",*
2261,"[2000,2500[","[2000,3000[","[2000,4000[","[0,4000[","[0,10000[","[0,10000[",*
2262,"[2000,2500[","[2000,3000[","[2000,4000[","[0,4000[","[0,10000[","[0,10000[",*
2263,"[2000,2500[","[2000,3000[","[2000,4000[","[0,4000[","[0,10000[","[0,10000[",*
2264,"[2000,2500[","[2000,3000[","[2000,4000[","[0,4000[","[0,10000[","[0,10000[",*
2265,"[2000,2500[","[2000,3000[","[2000,4000[","[0,4000[","[0,10000[","[0,10000[",*
2266,"[2000,2500[","[2000,3000[","[2000,4000[","[0,4000[","[0,10000[","[0,10000[",*
2267,"[2000,2500[","[2000,3000[","[2000,4000[","[0,4000[","[0,10000[","[0,10000[",*
2268,"[2000,2500[","[2000,3000[","[2000,4000[","[0,4000[","[0,10000[","[0,10000[",*
2269,"[2000,2500[","[2000,3000[","[2000,4000[","[0,4000[","[0,10000[","[0,10000[",*
2270,"[2000,2500[","[2000,3000[","[2000,4000[","[0,4000[","[0,10000[","[0,10000[",*
2271,"[2000,2500[","[2000,3000[","[2000,4000[","[0,4000[","[0,10000[","[0,10000[",*
2272,"[2000,2500[","[2000,3000[","[2000,4000[","[0,4000[","[0,10000[","[0,10000[",*
2273,"[2000,2500[","[2000,3000[","[2000,4000[","[0,4000[","[0,10000[","[0,10000[",*
2275,"[2000,2500[","[2000,3000[","[2000,4000[","[0,4000[","[0,10000[","[0,10000[",*
2276,"[2000,2500[","[2000,3000[","[2000,4000[","[0,4000[","[0,10000[","[0,10000[",*
2277,"[2000,2500[","[2000,3000[","[2000,4000[","[0,4000[","[0,10000[","[0,10000[",*
2278,"[2000,2500[","[2000,3000[","[2000,4000[","[0,4000[","[0,10000[","[0,10000[",*
2279,"[2000,2500[","[2000,3000[","[2000,4000[","[0,4000[","[0,10000[","[0,10000[",*
2280,"[2000,2500[","[2000,3000[","[2000,4000[","[0,4000[","[0,10000[","[0,10000[",*
2281,"[2000,2500[","[2000,3000[","[2000,4000[","[0,4000[","[0,10000[","[0,10000[",*
2282,"[2000,2500[","[2000,3000[","[2000,4000[","[0,4000[","[0,10000[","[0,10000[",*
2283,"[2000,2500[","[2000,3000[","[2000,4000[","[0,4000[","[0,10000[","[0,10000[",*
2284,"[2000,2500[","[2000,3000[","[2000,4000[","[0,4000[","[0,10000[","[0,10000[",*
2285,"[2000,2500[","[2000,3000[","[2000,4000[","[0,4000[","[0,10000[","[0,10000[",*
2287,"[2000,2500[","[2000,3000[","[2000,4000[","[0,4000[","[0,10000[","[0,10000[",*
2288,"[2000,2500[","[2000,3000[","[2000,4000[","[0,4000[","[0,10000[","[0,10000[",*
2289,"[2000,2500[","[2000,3000[","[2000,4000[","[0,4000[","[0,10000[","[0,10000[",*
2290,"[2000,2500[","[2000,3000[","[2000,4000[","[0,4000[","[0,10000[","[0,10000[",*
2291,"[2000,2500[","[2000,3000[","[2000,4000[","[0,4000[","[0,10000[","[0,10000[",*
2293,"[2000,2500[","[2000,3000[","[2000,4000[","[0,4000[","[0,10000[","[0,10000[",*
2294,"[2000,2500[","[2000,3000[","[2000,4000[","[0,4000[","[0,10000[","[0,10000[",*
2295,"[2000,2500[","[2000,3000[","[2000,4000[","[0,4000[","[0,10000[","[0,10000[",*
2296,"[2000,2500[","[2000,3000[","[2000,4000[","[0,4000[","[0,10000[","[0,10000[",*
2297,"[2000,2500[","[2000,3000[","[2000,4000[","[0,4000[","[0,10000[","[0,10000[",*
2298,"[2000,2500[","[2000,3000[","[2000,4000[","[0,4000[","[0,10000[","[0,10000[",*
2299,"[2000,2500[","[2000,3000[","[2000,4000[","[0,4000[","[0,10000[","[0,10000[",*
2300,"[2000,2500[","[2000,3000[","[2000,4000[","[0,4000[","[0,10000[","[0,10000[",*
2301,"[2000,2500[","[2000,3000[","[2000,4000[","[0,4000[","[0,10000[","[0,10000[",*
2302,"[2000,2500[","[2000,3000[","[2000,4000[","[0,4000[","[0,10000[","[0,10000[",*
2303,"[2000,2500[","[2000,3000[","[2000,4000[","[0,4000[","[0,10000[","[0,10000[",*
2304,"[2000,2500[","[2000,3000[","[2000,4000[","[0,4000[","[0,10000[","[0,10000[",*
2305,"[2000,2500[","[2000,3000[","[2000,4000[","[0,4000[","[0,10000[","[0,10000[",*
2306,"[2000,2500[","[2000,3000[","[2000,4000[","[0,4000[","[0,10000[","[0,10000[",*
2307,"[2000,2500[","[2000,3000[","[2000,4000[","[0,4000[","[0,10000[","[0,10000[",*
2308,"[2000,2500[","[2000,3000[","[2000,4000[","[0,4000[","[0,10000[","[0,10000[",*
2309,"[2000,2500[","[2000,3000[","[2000,4000[","[0,4000[","[0,10000[","[0,10000[",*
2310,"[2000,2500[","[2000,3000[","[2000,4000[","[0,4000[","[0,10000[","[0,10000[",*
2311,"[2000,2500[","[2000,3000[","[2000,4000[","[0,4000[","[0,10000[","[0,10000[",*
2312,"[2000,2500[","[2000,3000[","[2000,4000[","[0,4000[","[0,10000[","[0,10000[",*
2313,"[2000,2500[","[2000,3000[","[2000,4000[","[0,4000[","[0,10000[","[0,10000[",*
2315,"[2000,2500[","[2000,3000[","[2000,4000[","[0,4000[","[0,10000[","[0,10000[",*
2316,"[2000,2500[","[2000,3000[","[2000,4000[","[0,4000[","[0,10000[","[0,10000[",*
2317,"[2000,2500[","[2000,3000[","[2000,4000[","[0,4000[","[0,10000[","[0,10000[",*
2319,"[2000,2500[","[2000,3000[","[2000,4000[","[0,4000[","[0,10000[","[0,10000[",*
2320,"[2000,2500[","[2000,3000[","[2000,4000[","[0,4000[","[0,10000[","[0,10000[",*
2321,"[2000,2500[","[2000,3000[","[2000,4000[","[0,4000[","[0,10000[","[0,10000[",*
2322,"[2000,2500[","[2000,3000[","[2000,4000[","[0,4000[","[0,10000[","[0,10000[",*
2323,"[2000,2500[","[2000,3000[","[2000,4000[","[0,4000[","[0,10000[","[0,10000[",*
2324,"[2000,2500[","[2000,3000[","[2000,4000[","[0,4000[","[0,10000[","[0,10000[",*
2325,"[2000,2500[","[2000,3000[","[2000,4000[","[0,4000[","[0,10000[","[0,10000[",*
2326,"[2000,2500[","[2000,3000[","[2000,4000[","[0,4000[","[0,10000[","[0,10000[",*
2327,"[2000,2500[","[2000,3000[","[2000,4000[","[0,4000[","[0,10000[","[0,10000[",*
2328,"[2000,2500[","[2000,3000[","[2000,4000[","[0,4000[","[0,10000[","[0,10000[",*
2329,"[2000,2500[","[2000,3000[","[2000,4000[","[0,4000[","[0,10000[","[0,10000[",*
2330,"[2000,2500[","[2000,3000[","[2000,4000[","[0,4000[","[0,10000[","[0,10000[",*
2331,"[2000,2500[","[2000,3000[","[2000,4000[","[0,4000[","[0,10000[","[0,10000[",*
2332,"[2000,2500[","[2000,3000[","[2000,4000[","[0,4000[","[0,10000[","[0,10000[",*
2333,"[2000,2500[","[2000,3000[","[2000,4000[","[0,4000[","[0,10000[","[0,10000[",*
2335,"[2000,2500[","[2000,3000[","[2000,4000[","[0,4000[","[0,10000[","[0,10000[",*
2336,"[2000,2500[","[2000,3000[","[2000,4000[","[0,4000[","[0,10000[","[0,10000[",*
2337,"[2000,2500[","[2000,3000[","[2000,4000[","[0,4000[","[0,10000[","[0,10000[",*
2338,"[2000,2500[","[2000,3000[","[2000,4000[","[0,4000[","[0,10000[","[0,10000[",*
2339,"[2000,2500[","[2000,3000[","[2000,4000[","[0,4000[","[0,10000[","[0,10000[",*
2340,"[2000,2500[","[2000,3000[","[2000,4000[","[0,4000[","[0,10000[","[0,10000[",*
2341,"[2000,2500[","[2000,3000[","[2000,4000[","[0,4000[","[0,10000[","[0,10000[",*
2342,"[2000,2500[","[2000,3000[","[2000,4000[","[0,4000[","[0,10000[","[0,10000[",*
2343,"[2000,2500[","[2000,3000[","[2000,4000[","[0,4000[","[0,10000[","[0,10000[",*
2344,"[2000,2500[","[2000,3000[","[2000,4000[","[0,4000[","[0,10000[","[0,10000[",*
2345,"[2000,2500[","[2000,3000[","[2000,4000[","[0,4000[","[0,10000[","[0,10000[",*
2346,"[2000,2500[","[2000,3000[","[2000,4000[","[0,4000[","[0,10000[","[0,10000[",*
2347,"[2000,2500[","[2000,3000[","[2000,4000[","[0,4000[","[0,10000[","[0,10000[",*
2348,"[2000,2500[","[2000,3000[","[2000,4000[","[0,4000[","[0,10000[","[0,10000[",*
2349,"[2000,2500[","[2000,3000[","[2000,4000[","[0,4000[","[0,10000[","[0,10000[",*
2350,"[2000,2500[","[2000,3000[","[2000,4000[","[0,4000[","[0,10000[","[0,10000[",*
2351,"[2000,2500[","[2000,3000[","[2000,4000[","[0,4000[","[0,10000[","[0,10000[",*
2352,"[2000,2500[","[2000,3000[","[2000,4000[","[0,4000[","[0,10000[","[0,10000[",*
2353,"[2000,2500[","[2000,3000[","[2000,4000[","[0,4000[","[0,10000[","[0,10000[",*
2354,"[2000,2500[","[2000,3000[","[2000,4000[","[0,4000[","[0,10000[","[0,10000[",*
2355,"[2000,2500[","[2000,3000[","[2000,4000[","[0,4000[","[0,10000[","[0,10000[",*
2356,"[2000,2500[","[2000,3000[","[2000,4000[","[0,4000[","[0,10000[","[0,10000[",*
2357,"[2000,2500[","[2000,3000[","[2000,4000[","[0,4000[","[0,10000[","[0,10000[",*
2358,"[2000,2500[","[2000,3000[","[2000,4000[","[0,4000[","[0,10000[","[0,10000[",*
2359,"[2000,2500[","[2000,3000[","[2000,4000[","[0,4000[","[0,10000[","[0,10000[",*
2360,"[2000,2500[","[2000,3000[","[2000,4000[","[0,4000[","[0,10000[","[0,10000[",*
2361,"[2000,2500[","[2000,3000[","[2000,4000[","[0,4000[","[0,10000[","[0,10000[",*
2362,"[2000,2500[","[2000,3000[","[2000,4000[","[0,4000[","[0,10000[","[0,10000[",*
2363,"[2000,2500[","[2000,3000[","[2000,4000[","[0,4000[","[0,10000[","[0,10000[",*
2364,"[2000,2500[","[2000,3000[","[2000,4000[","[0,4000[","[0,10000[","[0,10000[",*
2365,"[2000,2500[","[2000,3000[","[2000,4000[","[0,4000[","[0,10000[","[0,10000[",*
2366,"[2000,2500[","[2000,3000[","[2000,4000[","[0,4000[","[0,10000[","[0,10000[",*
2367,"[2000,2500[","[2000,3000[","[2000,4000[","[0,4000[","[0,10000[","[0,10000[",*
2368,"[2000,2500[","[2000,3000[","[2000,4000[","[0,4000[","[0,10000[","[0,10000[",*
2369,"[2000,2500[","[2000,3000[","[2000,4000[","[0,4000[","[0,10000[","[0,10000[",*
2370,"[2000,2500[","[2000,3000[","[2000,4000[","[0,4000[","[0,10000[","[0,10000[",*
2371,"[2000,2500[","[2000,3000[","[2000,4000[","[0,4000[","[0,10000[","[0,10000[",*
2374,"[2000,2500[","[2000,3000[","[2000,4000[","[0,4000[","[0,10000[","[0,10000[",*
2376,"[2000,2500[","[2000,3000[","[2000,4000[","[0,4000[","[0,10000[","[0,10000[",*
2377,"[2000,2500[","[2000,3000[","[2000,4000[","[0,4000[","[0,10000[","[0,10000[",*
2378,"[2000,2500[","[2000,3000[","[2000,4000[","[0,4000[","[0,10000[","[0,10000[",*
2380,"[2000,2500[","[2000,3000[","[2000,4000[","[0,4000[","[0,10000[","[0,10000[",*
2381,"[2000,2500[","[2000,3000[","[2000,4000[","[0,4000[","[0,10000[","[0,10000[",*
2383,"[2000,2500[","[2000,3000[","[2000,4000[","[0,4000[","[0,10000[","[0,10000[",*
2384,"[2000,2500[","[2000,3000[","[2000,4000[","[0,4000[","[0,10000[","[0,10000[",*
2385,"[2000,2500[","[2000,3000[","[2000,4000[","[0,4000[","[0,10000[","[0,10000[",*
2386,"[2000,2500[","[2000,3000[","[2000,4000[","[0,4000[","[0,10000[","[0,10000[",*
2387,"[2000,2500[","[2000,3000[","[2000,4000[","[0,4000[","[0,10000[","[0,10000[",*
2388,"[2000,2500[","[2000,3000[","[2000,4000[","[0,4000[","[0,10000[","[0,10000[",*
2389,"[2000,2500[","[2000,3000[","[2000,4000[","[0,4000[","[0,10000[","[0,10000[",*
2390,"[2000,2500[","[2000,3000[","[2000,4000[","[0,4000[","[0,10000[","[0,10000[",*
2391,"[2000,2500[","[2000,3000[","[2000,4000[","[0,4000[","[0,10000[","[0,10000[",*
2392,"[2000,2500[","[2000,3000[","[2000,4000[","[0,4000[","[0,10000[","[0,10000[",*
2394,"[2000,2500[","[2000,3000[","[2000,4000[","[0,4000[","[0,10000[","[0,10000[",*
2395,"[2000,2500[","[2000,3000[","[2000,4000[","[0,4000[","[0,10000[","[0,10000[",*
2396,"[2000,2500[","[2000,3000[","[2000,4000[","[0,4000[","[0,10000[","[0,10000[",*
2397,"[2000,2500[","[2000,3000[","[2000,4000[","[0,4000[","[0,10000[","[0,10000[",*
2398,"[2000,2500[","[2000,3000[","[2000,4000[","[0,4000[","[0,10000[","[0,10000[",*
2399,"[2000,2500[","[2000,3000[","[2000,4000[","[0,4000[","[0,10000[","[0,10000[",*
2400,"[2000,2500[","[2000,3000[","[2000,4000[","[0,4000[","[0,10000[","[0,10000[",*
2401,"[2000,2500[","[2000,3000[","[2000,4000[","[0,4000[","[0,10000[","[0,10000[",*
2402,"[2000,2500[","[2000,3000[","[2000,4000[","[0,4000[","[0,10000[","[0,10000[",*
2403,"[2000,2500[","[2000,3000[","[2000,4000[","[0,4000[","[0,10000[","[0,10000[",*
2404,"[2000,2500[","[2000,3000[","[2000,4000[","[0,4000[","[0,10000[","[0,10000[",*
2405,"[2000,2500[","[2000,3000[","[2000,4000[","[0,4000[","[0,10000[","[0,10000[",*
2406,"[2000,2500[","[2000,3000[","[2000,4000[","[0,4000[","[0,10000[","[0,10000[",*
2407,"[2000,2500[","[2000,3000[","[2000,4000[","[0,4000[","[0,10000[","[0,10000[",*
2408,"[2000,2500[","[2000,3000[","[2000,4000[","[0,4000[","[0,10000[","[0,10000[",*
2409,"[2000,2500[","[2000,3000[","[2000,4000[","[0,4000[","[0,10000[","[0,10000[",*
2410,"[2000,2500[","[2000,3000[","[2000,4000[","[0,4000[","[0,10000[","[0,10000[",*
2411,"[2000,2500[","[2000,3000[","[2000,4000[","[0,4000[","[0,10000[","[0,10000[",*
2412,"[2000,2500[","[2000,3000[","[2000,4000[","[0,4000[","[0,10000[","[0,10000[",*
2413,"[2000,2500[","[2000,3000[","[2000,4000[","[0,4000[","[0,10000[","[0,10000[",*
2414,"[2000,2500[","[2000,3000[","[2000,4000[","[0,4000[","[0,10000[","[0,10000[",*
2415,"[2000,2500[","[2000,3000[","[2000,4000[","[0,4000[","[0,10000[","[0,10000[",*
2416,"[2000,2500[","[2000,3000[","[2000,4000[","[0,4000[","[0,10000[","[0,10000[",*
2417,"[2000,2500[","[2000,3000[","[2000,4000[","[0,4000[","[0,10000[","[0,10000[",*
2418,"[2000,2500[","[2000,3000[","[2000,4000[","[0,4000[","[0,10000[","[0,10000[",*
2419,"[2000,2500[","[2000,3000[","[2000,4000[","[0,4000[","[0,10000[","[0,10000[",*
2420,"[2000,2500[","[2000,3000[","[2000,4000[","[0,4000[","[0,10000[","[0,10000[",*
2421,"[2000,2500[","[2000,3000[","[2000,4000[","[0,4000[","[0,10000[","[0,10000[",*
2422,"[2000,2500[","[2000,3000[","[2000,4000[","[0,4000[","[0,10000[","[0,10000[",*
2423,"[2000,2500[","[2000,3000[","[2000,4000[","[0,4000[","[0,10000[","[0,10000[",*
2424,"[2000,2500[","[2000,3000[","[2000,4000[","[0,4000[","[0,10000[","[0,10000[",*
2426,"[2000,2500[","[2000,3000[","[2000,4000[","[0,4000[","[0,10000[","[0,10000[",*
2427,"[2000,2500[","[2000,3000[","[2000,4000[","[0,4000[","[0,10000[","[0,10000[",*
2428,"[2000,2500[","[2000,3000[","[2000,4000[","[0,4000[","[0,10000[","[0,10000[",*
2429,"[2000,2500[","[2000,3000[","[2000,4000[","[0,4000[","[0,10000[","[0,10000[",*
2430,"[2000,2500[","[2000,3000[","[2000,4000[","[0,4000[","[0,10000[","[0,10000[",*
2431,"[2000,2500[","[2000,3000[","[2000,4000[","[0,4000[","[0,10000[","[0,10000[",*
2432,"[2000,2500[","[2000,3000[","[2000,4000[","[0,4000[","[0,10000[","[0,10000[",*
2433,"[2000,2500[","[2000,3000[","[2000,4000[","[0,4000[","[0,10000[","[0,10000[",*
2434,"[2000,2500[","[2000,3000[","[2000,4000[","[0,4000[","[0,10000[","[0,10000[",*
2436,"[2000,2500[","[2000,3000[","[2000,4000[","[0,4000[","[0,10000[","[0,10000[",*
2437,"[2000,2500[","[2000,3000[","[2000,4000[","[0,4000[","[0,10000[","[0,10000[",*
2439,"[2000,2500[","[2000,3000[","[2000,4000[","[0,4000[","[0,10000[","[0,10000[",*
2440,"[2000,2500[","[2000,3000[","[2000,4000[","[0,4000[","[0,10000[","[0,10000[",*
2441,"[2000,2500[","[2000,3000[","[2000,4000[","[0,4000[","[0,10000[","[0,10000[",*
2442,"[2000,2500[","[2000,3000[","[2000,4000[","[0,4000[","[0,10000[","[0,10000[",*
2443,"[2000,2500[","[2000,3000[","[2000,4000[","[0,4000[","[0,10000[","[0,10000[",*
2444,"[2000,2500[","[2000,3000[","[2000,4000[","[0,4000[","[0,10000[","[0,10000[",*
2445,"[2000,2500[","[2000,3000[","[2000,4000[","[0,4000[","[0,10000[","[0,10000[",*
2447,"[2000,2500[","[2000,3000[","[2000,4000[","[0,4000[","[0,10000[","[0,10000[",*
2449,"[2000,2500[","[2000,3000[","[2000,4000[","[0,4000[","[0,10000[","[0,10000[",*
2450,"[2000,2500[","[2000,3000[","[2000,4000[","[0,4000[","[0,10000[","[0,10000[",*
2451,"[2000,2500[","[2000,3000[","[2000,4000[","[0,4000[","[0,10000[","[0,10000[",*
2452,"[2000,2500[","[2000,3000[","[2000,4000[","[0,4000[","[0,10000[","[0,10000[",*
2453,"[2000,2500[","[2000,3000[","[2000,4000[","[0,4000[","[0,10000[","[0,10000[",*
2454,"[2000,2500[","[2000,3000[","[2000,4000[","[0,4000[","[0,10000[","[0,10000[",*
2455,"[2000,2500[","[2000,3000[","[2000,4000[","[0,4000[","[0,10000[","[0,10000[",*
2456,"[2000,2500[","[2000,3000[","[2000,4000[","[0,4000[","[0,10000[","[0,10000[",*
2457,"[2000,2500[","[2000,3000[","[2000,4000[","[0,4000[","[0,10000[","[0,10000[",*
2458,"[2000,2500[","[2000,3000[","[2000,4000[","[0,4000[","[0,10000[","[0,10000[",*
2459,"[2000,2500[","[2000,3000[","[2000,4000[","[0,4000[","[0,10000[","[0,10000[",*
2460,"[2000,2500[","[2000,3000[","[2000,4000[","[0,4000[","[0,10000[","[0,10000[",*
2461,"[2000,2500[","[2000,3000[","[2000,4000[","[0,4000[","[0,10000[","[0,10000[",*
2463,"[2000,2500[","[2000,3000[","[2000,4000[","[0,4000[","[0,10000[","[0,10000[",*
2464,"[2000,2500[","[2000,3000[","[2000,4000[","[0,4000[","[0,10000[","[0,10000[",*
2465,"[2000,2500[","[2000,3000[","[2000,4000[","[0,4000[","[0,10000[","[0,10000[",*
2466,"[2000,2500[","[2000,3000[","[2000,4000[","[0,4000[","[0,10000[","[0,10000[",*
2467,"[2000,2500[","[2000,3000[","[2000,4000[","[0,4000[","[0,10000[","[0,10000[",*
2468,"[2000,2500[","[2000,3000[","[2000,4000[","[0,4000[","[0,10000[","[0,10000[",*
2469,"[2000,2500[","[2000,3000[","[2000,4000[","[0,4000[","[0,10000[","[0,10000[",*
2470,"[2000,2500[","[2000,3000[","[2000,4000[","[0,4000[","[0,10000[","[0,10000[",*
2471,"[2000,2500[","[2000,3000[","[2000,4000[","[0,4000[","[0,10000[","[0,10000[",*
2472,"[2000,2500[","[2000,3000[","[2000,4000[","[0,4000[","[0,10000[","[0,10000[",*
2473,"[2000,2500[","[2000,3000[","[2000,4000[","[0,4000[","[0,10000[","[0,10000[",*
2474,"[2000,2500[","[2000,3000[","[2000,4000[","[0,4000[","[0,10000[","[0,10000[",*
2475,"[2000,2500[","[2000,3000[","[2000,4000[","[0,4000[","[0,10000[","[0,10000[",*
2476,"[2000,2500[","[2000,3000[","[2000,4000[","[0,4000[","[0,10000[","[0,10000[",*
2477,"[2000,2500[","[2000,3000[","[2000,4000[","[0,4000[","[0,10000[","[0,10000[",*
2478,"[2000,2500[","[2000,3000[","[2000,4000[","[0,4000[","[0,10000[","[0,10000[",*
2479,"[2000,2500[","[2000,3000[","[2000,4000[","[0,4000[","[0,10000[","[0,10000[",*
2480,"[2000,2500[","[2000,3000[","[2000,4000[","[0,4000[","[0,10000[","[0,10000[",*
2481,"[2000,2500[","[2000,3000[","[2000,4000[","[0,4000[","[0,10000[","[0,10000[",*
2483,"[2000,2500[","[2000,3000[","[2000,4000[","[0,4000[","[0,10000[","[0,10000[",*
2484,"[2000,2500[","[2000,3000[","[2000,4000[","[0,4000[","[0,10000[","[0,10000[",*
2485,"[2000,2500[","[2000,3000[","[2000,4000[","[0,4000[","[0,10000[","[0,10000[",*
2486,"[2000,2500[","[2000,3000[","[2000,4000[","[0,4000[","[0,10000[","[0,10000[",*
2487,"[2000,2500[","[2000,3000[","[2000,4000[","[0,4000[","[0,10000[","[0,10000[",*
2488,"[2000,2500[","[2000,3000[","[2000,4000[","[0,4000[","[0,10000[","[0,10000[",*
2489,"[2000,2500[","[2000,3000[","[2000,4000[","[0,4000[","[0,10000[","[0,10000[",*
2490,"[2000,2500[","[2000,3000[","[2000,4000[","[0,4000[","[0,10000[","[0,10000[",*
2491,"[2000,2500[","[2000,3000[","[2000,4000[","[0,4000[","[0,10000[","[0,10000[",*
2493,"[2000,2500[","[2000,3000[","[2000,4000[","[0,4000[","[0,10000[","[0,10000[",*
2495,"[2000,2500[","[2000,3000[","[2000,4000[","[0,4000[","[0,10000[","[0,10000[",*
2496,"[2000,2500[","[2000,3000[","[2000,4000[","[0,4000[","[0,10000[","[0,10000[",*
2497,"[2000,2500[","[2000,3000[","[2000,4000[","[0,4000[","[0,10000[","[0,10000[",*
2498,"[2000,2500[","[2000,3000[","[2000,4000[","[0,4000[","[0,10000[","[0,10000[",*
2499,"[2000,2500[","[2000,3000[","[2000,4000[","[0,4000[","[0,10000[","[0,10000[",*
2500,"[2500,3000[","[2000,3000[","[2000,4000[","[0,4000[","[0,10000[","[0,10000[",*
2501,"[2500,3000[","[2000,3000[","[2000,4000[","[0,4000[","[0,10000[","[0,10000[",*
2502,"[2500,3000[","[2000,3000[","[2000,4000[","[0,4000[","[0,10000[","[0,10000[",*
2503,"[2500,3000[","[2000,3000[","[2000,4000[","[0,4000[","[0,10000[","[0,10000[",*
2505,"[2500,3000[","[2000,3000[","[2000,4000[","[0,4000[","[0,10000[","[0,10000[",*
2506,"[2500,3000[","[2000,3000[","[2000,4000[","[0,4000[","[0,10000[","[0,10000[",*
2507,"[2500,3000[","[2000,3000[","[2000,4000[","[0,4000[","[0,10000[","[0,10000[",*
2508,"[2500,3000[","[2000,3000[","[2000,4000[","[0,4000[","[0,10000[","[0,10000[",*
2509,"[2500,3000[","[2000,3000[","[2000,4000[","[0,4000[","[0,10000[","[0,10000[",*
2511,"[2500,3000[","[2000,3000[","[2000,4000[","[0,4000[","[0,10000[","[0,10000[",*
2512,"[2500,3000[","[2000,3000[","[2000,4000[","[0,4000[","[0,10000[","[0,10000[",*
2514,"[2500,3000[","[2000,3000[","[2000,4000[","[0,4000[","[0,10000[","[0,10000[",*
2515,"[2500,3000[","[2000,3000[","[2000,4000[","[0,4000[","[0,10000[","[0,10000[",*
2516,"[2500,3000[","[2000,3000[","[2000,4000[","[0,4000[","[0,10000[","[0,10000[",*
2517,"[2500,3000[","[2000,3000[","[2000,4000[","[0,4000[","[0,10000[","[0,10000[",*
2518,"[2500,3000[","[2000,3000[","[2000,4000[","[0,4000[","[0,10000[","[0,10000[",*
2519,"[2500,3000[","[2000,3000[","[2000,4000[","[0,4000[","[0,10000[","[0,10000[",*
2520,"[2500,3000[","[2000,3000[","[2000,4000[","[0,4000[","[0,10000[","[0,10000[",*
2521,"[2500,3000[","[2000,3000[","[2000,4000[","[0,4000[","[0,10000[","[0,10000[",*
2522,"[2500,3000[","[2000,3000[","[2000,4000[","[0,4000[","[0,10000[","[0,10000[",*
2523,"[2500,3000[","[2000,3000[","[2000,4000[","[0,4000[","[0,10000[","[0,10000[",*
2524,"[2500,3000[","[2000,3000[","[2000,4000[","[0,4000[","[0,10000[","[0,10000[",*
2525,"[2500,3000[","[2000,3000[","[2000,4000[","[0,4000[","[0,10000[","[0,10000[",*
2526,"[2500,3000[","[2000,3000[","[2000,4000[","[0,4000[","[0,10000[","[0,10000[",*
2527,"[2500,3000[","[2000,3000[","[2000,4000[","[0,4000[","[0,10000[","[0,10000[",*
2528,"[2500,3000[","[2000,3000[","[2000,4000[","[0,4000[","[0,10000[","[0,10000[",*
2529,"[2500,3000[","[2000,3000[","[2000,4000[","[0,4000[","[0,10000[","[0,10000[",*
2530,"[2500,3000[","[2000,3000[","[2000,4000[","[0,4000[","[0,10000[","[0,10000[",*
2531,"[2500,3000[","[2000,3000[","[2000,4000[","[0,4000[","[0,10000[","[0,10000[",*
2532,"[2500,3000[","[2000,3000[","[2000,4000[","[0,4000[","[0,10000[","[0,10000[",*
2533,"[2500,3000[","[2000,3000[","[2000,4000[","[0,4000[","[0,10000[","[0,10000[",*
2534,"[2500,3000[","[2000,3000[","[2000,4000[","[0,4000[","[0,10000[","[0,10000[",*
2535,"[2500,3000[","[2000,3000[","[2000,4000[","[0,4000[","[0,10000[","[0,10000[",*
2536,"[2500,3000[","[2000,3000[","[2000,4000[","[0,4000[","[0,10000[","[0,10000[",*
2537,"[2500,3000[","[2000,3000[","[2000,4000[","[0,4000[","[0,10000[","[0,10000[",*
2538,"[2500,3000[","[2000,3000[","[2000,4000[","[0,4000[","[0,10000[","[0,10000[",*
2539,"[2500,3000[","[2000,3000[","[2000,4000[","[0,4000[","[0,10000[","[0,10000[",*
2540,"[2500,3000[","[2000,3000[","[2000,4000[","[0,4000[","[0,10000[","[0,10000[",*
2541,"[2500,3000[","[2000,3000[","[2000,4000[","[0,4000[","[0,10000[","[0,10000[",*
2542,"[2500,3000[","[2000,3000[","[2000,4000[","[0,4000[","[0,10000[","[0,10000[",*
2543,"[2500,3000[","[2000,3000[","[2000,4000[","[0,4000[","[0,10000[","[0,10000[",*
2544,"[2500,3000[","[2000,3000[","[2000,4000[","[0,4000[","[0,10000[","[0,10000[",*
2547,"[2500,3000[","[2000,3000[","[2000,4000[","[0,4000[","[0,10000[","[0,10000[",*
2548,"[2500,3000[","[2000,3000[","[2000,4000[","[0,4000[","[0,10000[","[0,10000[",*
2549,"[2500,3000[","[2000,3000[","[2000,4000[","[0,4000[","[0,10000[","[0,10000[",*
2550,"[2500,3000[","[2000,3000[","[2000,4000[","[0,4000[","[0,10000[","[0,10000[",*
2551,"[2500,3000[","[2000,3000[","[2000,4000[","[0,4000[","[0,10000[","[0,10000[",*
2552,"[2500,3000[","[2000,3000[","[2000,4000[","[0,4000[","[0,10000[","[0,10000[",*
2553,"[2500,3000[","[2000,3000[","[2000,4000[","[0,4000[","[0,10000[","[0,10000[",*
2554,"[2500,3000[","[2000,3000[","[2000,4000[","[0,4000[","[0,10000[","[0,10000[",*
2555,"[2500,3000[","[2000,3000[","[2000,4000[","[0,4000[","[0,10000[","[0,10000[",*
2556,"[2500,3000[","[2000,3000[","[2000,4000[","[0,4000[","[0,10000[","[0,10000[",*
2557,"[2500,3000[","[2000,3000[","[2000,4000[","[0,4000[","[0,10000[","[0,10000[",*
2558,"[2500,3000[","[2000,3000[","[2000,4000[","[0,4000[","[0,10000[","[0,10000[",*
2559,"[2500,3000[","[2000,3000[","[2000,4000[","[0,4000[","[0,10000[","[0,10000[",*
2561,"[2500,3000[","[2000,3000[","[2000,4000[","[0,4000[","[0,10000[","[0,10000[",*
2562,"[2500,3000[","[2000,3000[","[2000,4000[","[0,4000[","[0,10000[","[0,10000[",*
2564,"[2500,3000[","[2000,3000[","[2000,4000[","[0,4000[","[0,10000[","[0,10000[",*
2565,"[2500,3000[","[2000,3000[","[2000,4000[","[0,4000[","[0,10000[","[0,10000[",*
2567,"[2500,3000[","[2000,3000[","[2000,4000[","[0,4000[","[0,10000[","[0,10000[",*
2568,"[2500,3000[","[2000,3000[","[2000,4000[","[0,4000[","[0,10000[","[0,10000[",*
2569,"[2500,3000[","[2000,3000[","[2000,4000[","[0,4000[","[0,10000[","[0,10000[",*
2570,"[2500,3000[","[2000,3000[","[2000,4000[","[0,4000[","[0,10000[","[0,10000[",*
2571,"[2500,3000[","[2000,3000[","[2000,4000[","[0,4000[","[0,10000[","[0,10000[",*
2572,"[2500,3000[","[2000,3000[","[2000,4000[","[0,4000[","[0,10000[","[0,10000[",*
2573,"[2500,3000[","[2000,3000[","[2000,4000[","[0,4000[","[0,10000[","[0,10000[",*
2574,"[2500,3000[","[2000,3000[","[2000,4000[","[0,4000[","[0,10000[","[0,10000[",*
2575,"[2500,3000[","[2000,3000[","[2000,4000[","[0,4000[","[0,10000[","[0,10000[",*
2576,"[2500,3000[","[2000,3000[","[2000,4000[","[0,4000[","[0,10000[","[0,10000[",*
2577,"[2500,3000[","[2000,3000[","[2000,4000[","[0,4000[","[0,10000[","[0,10000[",*
2578,"[2500,3000[","[2000,3000[","[2000,4000[","[0,4000[","[0,10000[","[0,10000[",*
2579,"[2500,3000[","[2000,3000[","[2000,4000[","[0,4000[","[0,10000[","[0,10000[",*
2580,"[2500,3000[","[2000,3000[","[2000,4000[","[0,4000[","[0,10000[","[0,10000[",*
2581,"[2500,3000[","[2000,3000[","[2000,4000[","[0,4000[","[0,10000[","[0,10000[",*
2582,"[2500,3000[","[2000,3000[","[2000,4000[","[0,4000[","[0,10000[","[0,10000[",*
2583,"[2500,3000[","[2000,3000[","[2000,4000[","[0,4000[","[0,10000[","[0,10000[",*
2584,"[2500,3000[","[2000,3000[","[2000,4000[","[0,4000[","[0,10000[","[0,10000[",*
2585,"[2500,3000[","[2000,3000[","[2000,4000[","[0,4000[","[0,10000[","[0,10000[",*
2586,"[2500,3000[","[2000,3000[","[2000,4000[","[0,4000[","[0,10000[","[0,10000[",*
2587,"[2500,3000[","[2000,3000[","[2000,4000[","[0,4000[","[0,10000[","[0,10000[",*
2589,"[2500,3000[","[2000,3000[","[2000,4000[","[0,4000[","[0,10000[","[0,10000[",*
2590,"[2500,3000[","[2000,3000[","[2000,4000[","[0,4000[","[0,10000[","[0,10000[",*
2591,"[2500,3000[","[2000,3000[","[2000,4000[","[0,4000[","[0,10000[","[0,10000[",*
2592,"[2500,3000[","[2000,3000[","[2000,4000[","[0,4000[","[0,10000[","[0,10000[",*
2593,"[2500,3000[","[2000,3000[","[2000,4000[","[0,4000[","[0,10000[","[0,10000[",*
2594,"[2500,3000[","[2000,3000[","[2000,4000[","[0,4000[","[0,10000[","[0,10000[",*
2595,"[2500,3000[","[2000,3000[","[2000,4000[","[0,4000[","[0,10000[","[0,10000[",*
2596,"[2500,3000[","[2000,3000[","[2000,4000[","[0,4000[","[0,10000[","[0,10000[",*
2597,"[2500,3000[","[2000,3000[","[2000,4000[","[0,4000[","[0,10000[","[0,10000[",*
2598,"[2500,3000[","[2000,3000[","[2000,4000[","[0,4000[","[0,10000[","[0,10000[",*
2599,"[2500,3000[","[2000,3000[","[2000,4000[","[0,4000[","[0,10000[","[0,10000[",*
2600,"[2500,3000[","[2000,3000[","[2000,4000[","[0,4000[","[0,10000[","[0,10000[",*
2601,"[2500,3000[","[2000,3000[","[2000,4000[","[0,4000[","[0,10000[","[0,10000[",*
2603,"[2500,3000[","[2000,3000[","[2000,4000[","[0,4000[","[0,10000[","[0,10000[",*
2604,"[2500,3000[","[2000,3000[","[2000,4000[","[0,4000[","[0,10000[","[0,10000[",*
2605,"[2500,3000[","[2000,3000[","[2000,4000[","[0,4000[","[0,10000[","[0,10000[",*
2607,"[2500,3000[","[2000,3000[","[2000,4000[","[0,4000[","[0,10000[","[0,10000[",*
2608,"[2500,3000[","[2000,3000[","[2000,4000[","[0,4000[","[0,10000[","[0,10000[",*
2609,"[2500,3000[","[2000,3000[","[2000,4000[","[0,4000[","[0,10000[","[0,10000[",*
2610,"[2500,3000[","[2000,3000[","[2000,4000[","[0,4000[","[0,10000[","[0,10000[",*
2611,"[2500,3000[","[2000,3000[","[2000,4000[","[0,4000[","[0,10000[","[0,10000[",*
2612,"[2500,3000[","[2000,3000[","[2000,4000[","[0,4000[","[0,10000[","[0,10000[",*
2613,"[2500,3000[","[2000,3000[","[2000,4000[","[0,4000[","[0,10000[","[0,10000[",*
2614,"[2500,3000[","[2000,3000[","[2000,4000[","[0,4000[","[0,10000[","[0,10000[",*
2615,"[2500,3000[","[2000,3000[","[2000,4000[","[0,4000[","[0,10000[","[0,10000[",*
2616,"[2500,3000[","[2000,3000[","[2000,4000[","[0,4000[","[0,10000[","[0,10000[",*
2617,"[2500,3000[","[2000,3000[","[2000,4000[","[0,4000[","[0,10000[","[0,10000[",*
2618,"[2500,3000[","[2000,3000[","[2000,4000[","[0,4000[","[0,10000[","[0,10000[",*
2619,"[2500,3000[","[2000,3000[","[2000,4000[","[0,4000[","[0,10000[","[0,10000[",*
2620,"[2500,3000[","[2000,3000[","[2000,4000[","[0,4000[","[0,10000[","[0,10000[",*
2621,"[2500,3000[","[2000,3000[","[2000,4000[","[0,4000[","[0,10000[","[0,10000[",*
2622,"[2500,3000[","[2000,3000[","[2000,4000[","[0,4000[","[0,10000[","[0,10000[",*
2623,"[2500,3000[","[2000,3000[","[2000,4000[","[0,4000[","[0,10000[","[0,10000[",*
2625,"[2500,3000[","[2000,3000[","[2000,4000[","[0,4000[","[0,10000[","[0,10000[",*
2626,"[2500,3000[","[2000,3000[","[2000,4000[","[0,4000[","[0,10000[","[0,10000[",*
2627,"[2500,3000[","[2000,3000[","[2000,4000[","[0,4000[","[0,10000[","[0,10000[",*
2628,"[2500,3000[","[2000,3000[","[2000,4000[","[0,4000[","[0,10000[","[0,10000[",*
2629,"[2500,3000[","[2000,3000[","[2000,4000[","[0,4000[","[0,10000[","[0,10000[",*
2630,"[2500,3000[","[2000,3000[","[2000,4000[","[0,4000[","[0,10000[","[0,10000[",*
2631,"[2500,3000[","[2000,3000[","[2000,4000[","[0,4000[","[0,10000[","[0,10000[",*
2632,"[2500,3000[","[2000,3000[","[2000,4000[","[0,4000[","[0,10000[","[0,10000[",*
2633,"[2500,3000[","[2000,3000[","[2000,4000[","[0,4000[","[0,10000[","[0,10000[",*
2635,"[2500,3000[","[2000,3000[","[2000,4000[","[0,4000[","[0,10000[","[0,10000[",*
2636,"[2500,3000[","[2000,3000[","[2000,4000[","[0,4000[","[0,10000[","[0,10000[",*
2637,"[2500,3000[","[2000,3000[","[2000,4000[","[0,4000[","[0,10000[","[0,10000[",*
2639,"[2500,3000[","[2000,3000[","[2000,4000[","[0,4000[","[0,10000[","[0,10000[",*
2640,"[2500,3000[","[2000,3000[","[2000,4000[","[0,4000[","[0,10000[","[0,10000[",*
2641,"[2500,3000[","[2000,3000[","[2000,4000[","[0,4000[","[0,10000[","[0,10000[",*
2642,"[2500,3000[","[2000,3000[","[2000,4000[","[0,4000[","[0,10000[","[0,10000[",*
2643,"[2500,3000[","[2000,3000[","[2000,4000[","[0,4000[","[0,10000[","[0,10000[",*
2644,"[2500,3000[","[2000,3000[","[2000,4000[","[0,4000[","[0,10000[","[0,10000[",*
2645,"[2500,3000[","[2000,3000[","[2000,4000[","[0,4000[","[0,10000[","[0,10000[",*
2646,"[2500,3000[","[2000,3000[","[2000,4000[","[0,4000[","[0,10000[","[0,10000[",*
2647,"[2500,3000[","[2000,3000[","[2000,4000[","[0,4000[","[0,10000[","[0,10000[",*
2648,"[2500,3000[","[2000,3000[","[2000,4000[","[0,4000[","[0,10000[","[0,10000[",*
2650,"[2500,3000[","[2000,3000[","[2000,4000[","[0,4000[","[0,10000[","[0,10000[",*
2651,"[2500,3000[","[2000,3000[","[2000,4000[","[0,4000[","[0,10000[","[0,10000[",*
2652,"[2500,3000[","[2000,3000[","[2000,4000[","[0,4000[","[0,10000[","[0,10000[",*
2653,"[2500,3000[","[2000,3000[","[2000,4000[","[0,4000[","[0,10000[","[0,10000[",*
2655,"[2500,3000[","[2000,3000[","[2000,4000[","[0,4000[","[0,10000[","[0,10000[",*
2656,"[2500,3000[","[2000,3000[","[2000,4000[","[0,4000[","[0,10000[","[0,10000[",*
2657,"[2500,3000[","[2000,3000[","[2000,4000[","[0,4000[","[0,10000[","[0,10000[",*
2658,"[2500,3000[","[2000,3000[","[2000,4000[","[0,4000[","[0,10000[","[0,10000[",*
2660,"[2500,3000[","[2000,3000[","[2000,4000[","[0,4000[","[0,10000[","[0,10000[",*
2661,"[2500,3000[","[2000,3000[","[2000,4000[","[0,4000[","[0,10000[","[0,10000[",*
2662,"[2500,3000[","[2000,3000[","[2000,4000[","[0,4000[","[0,10000[","[0,10000[",*
2663,"[2500,3000[","[2000,3000[","[2000,4000[","[0,4000[","[0,10000[","[0,10000[",*
2664,"[2500,3000[","[2000,3000[","[2000,4000[","[0,4000[","[0,10000[","[0,10000[",*
2665,"[2500,3000[","[2000,3000[","[2000,4000[","[0,4000[","[0,10000[","[0,10000[",*
2666,"[2500,3000[","[2000,3000[","[2000,4000[","[0,4000[","[0,10000[","[0,10000[",*
2667,"[2500,3000[","[2000,3000[","[2000,4000[","[0,4000[","[0,10000[","[0,10000[",*
2668,"[2500,3000[","[2000,3000[","[2000,4000[","[0,4000[","[0,10000[","[0,10000[",*
2669,"[2500,3000[","[2000,3000[","[2000,4000[","[0,4000[","[0,10000[","[0,10000[",*
2671,"[2500,3000[","[2000,3000[","[2000,4000[","[0,4000[","[0,10000[","[0,10000[",*
2672,"[2500,3000[","[2000,3000[","[2000,4000[","[0,4000[","[0,10000[","[0,10000[",*
2673,"[2500,3000[","[2000,3000[","[2000,4000[","[0,4000[","[0,10000[","[0,10000[",*
2674,"[2500,3000[","[2000,3000[","[2000,4000[","[0,4000[","[0,10000[","[0,10000[",*
2675,"[2500,3000[","[2000,3000[","[2000,4000[","[0,4000[","[0,10000[","[0,10000[",*
2676,"[2500,3000[","[2000,3000[","[2000,4000[","[0,4000[","[0,10000[","[0,10000[",*
2677,"[2500,3000[","[2000,3000[","[2000,4000[","[0,4000[","[0,10000[","[0,10000[",*
2678,"[2500,3000[","[2000,3000[","[2000,4000[","[0,4000[","[0,10000[","[0,10000[",*
2679,"[2500,3000[","[2000,3000[","[2000,4000[","[0,4000[","[0,10000[","[0,10000[",*
2681,"[2500,3000[","[2000,3000[","[2000,4000[","[0,4000[","[0,10000[","[0,10000[",*
2682,"[2500,3000[","[2000,3000[","[2000,4000[","[0,4000[","[0,10000[","[0,10000[",*
2683,"[2500,3000[","[2000,3000[","[2000,4000[","[0,4000[","[0,10000[","[0,10000[",*
2684,"[2500,3000[","[2000,3000[","[2000,4000[","[0,4000[","[0,10000[","[0,10000[",*
2685,"[2500,3000[","[2000,3000[","[2000,4000[","[0,4000[","[0,10000[","[0,10000[",*
2686,"[2500,3000[","[2000,3000[","[2000,4000[","[0,4000[","[0,10000[","[0,10000[",*
2687,"[2500,3000[","[2000,3000[","[2000,4000[","[0,4000[","[0,10000[","[0,10000[",*
2688,"[2500,3000[","[2000,3000[","[2000,4000[","[0,4000[","[0,10000[","[0,10000[",*
2689,"[2500,3000[","[2000,3000[","[2000,4000[","[0,4000[","[0,10000[","[0,10000[",*
2690,"[2500,3000[","[2000,3000[","[2000,4000[","[0,4000[","[0,10000[","[0,10000[",*
2691,"[2500,3000[","[2000,3000[","[2000,4000[","[0,4000[","[0,10000[","[0,10000[",*
2692,"[2500,3000[","[2000,3000[","[2000,4000[","[0,4000[","[0,10000[","[0,10000[",*
2693,"[2500,3000[","[2000,3000[","[2000,4000[","[0,4000[","[0,10000[","[0,10000[",*
2694,"[2500,3000[","[2000,3000[","[2000,4000[","[0,4000[","[0,10000[","[0,10000[",*
2695,"[2500,3000[","[2000,3000[","[2000,4000[","[0,4000[","[0,10000[","[0,10000[",*
2696,"[2500,3000[","[2000,3000[","[2000,4000[","[0,4000[","[0,10000[","[0,10000[",*
2697,"[2500,3000[","[2000,3000[","[2000,4000[","[0,4000[","[0,10000[","[0,10000[",*
2699,"[2500,3000[","[2000,3000[","[2000,4000[","[0,4000[","[0,10000[","[0,10000[",*
2700,"[2500,3000[","[2000,3000[","[2000,4000[","[0,4000[","[0,10000[","[0,10000[",*
2701,"[2500,3000[","[2000,3000[","[2000,4000[","[0,4000[","[0,10000[","[0,10000[",*
2702,"[2500,3000[","[2000,3000[","[2000,4000[","[0,4000[","[0,10000[","[0,10000[",*
2703,"[2500,3000[","[2000,3000[","[2000,4000[","[0,4000[","[0,10000[","[0,10000[",*
2704,"[2500,3000[","[2000,3000[","[2000,4000[","[0,4000[","[0,10000[","[0,10000[",*
2705,"[2500,3000[","[2000,3000[","[2000,4000[","[0,4000[","[0,10000[","[0,10000[",*
2706,"[2500,3000[","[2000,3000[","[2000,4000[","[0,4000[","[0,10000[","[0,10000[",*
2707,"[2500,3000[","[2000,3000[","[2000,4000[","[0,4000[","[0,10000[","[0,10000[",*
2708,"[2500,3000[","[2000,3000[","[2000,4000[","[0,4000[","[0,10000[","[0,10000[",*
2709,"[2500,3000[","[2000,3000[","[2000,4000[","[0,4000[","[0,10000[","[0,10000[",*
2710,"[2500,3000[","[2000,3000[","[2000,4000[","[0,4000[","[0,10000[","[0,10000[",*
2711,"[2500,3000[","[2000,3000[","[2000,4000[","[0,4000[","[0,10000[","[0,10000[",*
2713,"[2500,3000[","[2000,3000[","[2000,4000[","[0,4000[","[0,10000[","[0,10000[",*
2714,"[2500,3000[","[2000,3000[","[2000,4000[","[0,4000[","[0,10000[","[0,10000[",*
2715,"[2500,3000[","[2000,3000[","[2000,4000[","[0,4000[","[0,10000[","[0,10000[",*
2716,"[2500,3000[","[2000,3000[","[2000,4000[","[0,4000[","[0,10000[","[0,10000[",*
2717,"[2500,3000[","[2000,3000[","[2000,4000[","[0,4000[","[0,10000[","[0,10000[",*
2718,"[2500,3000[","[2000,3000[","[2000,4000[","[0,4000[","[0,10000[","[0,10000[",*
2719,"[2500,3000[","[2000,3000[","[2000,4000[","[0,4000[","[0,10000[","[0,10000[",*
2720,"[2500,3000[","[2000,3000[","[2000,4000[","[0,4000[","[0,10000[","[0,10000[",*
2722,"[2500,3000[","[2000,3000[","[2000,4000[","[0,4000[","[0,10000[","[0,10000[",*
2723,"[2500,3000[","[2000,3000[","[2000,4000[","[0,4000[","[0,10000[","[0,10000[",*
2724,"[2500,3000[","[2000,3000[","[2000,4000[","[0,4000[","[0,10000[","[0,10000[",*
2725,"[2500,3000[","[2000,3000[","[2000,4000[","[0,4000[","[0,10000[","[0,10000[",*
2726,"[2500,3000[","[2000,3000[","[2000,4000[","[0,4000[","[0,10000[","[0,10000[",*
2727,"[2500,3000[","[2000,3000[","[2000,4000[","[0,4000[","[0,10000[","[0,10000[",*
2728,"[2500,3000[","[2000,3000[","[2000,4000[","[0,4000[","[0,10000[","[0,10000[",*
2729,"[2500,3000[","[2000,3000[","[2000,4000[","[0,4000[","[0,10000[","[0,10000[",*
2730,"[2500,3000[","[2000,3000[","[2000,4000[","[0,4000[","[0,10000[","[0,10000[",*
2731,"[2500,3000[","[2000,3000[","[2000,4000[","[0,4000[","[0,10000[","[0,10000[",*
2732,"[2500,3000[","[2000,3000[","[2000,4000[","[0,4000[","[0,10000[","[0,10000[",*
2733,"[2500,3000[","[2000,3000[","[2000,4000[","[0,4000[","[0,10000[","[0,10000[",*
2734,"[2500,3000[","[2000,3000[","[2000,4000[","[0,4000[","[0,10000[","[0,10000[",*
2735,"[2500,3000[","[2000,3000[","[2000,4000[","[0,4000[","[0,10000[","[0,10000[",*
2736,"[2500,3000[","[2000,3000[","[2000,4000[","[0,4000[","[0,10000[","[0,10000[",*
2737,"[2500,3000[","[2000,3000[","[2000,4000[","[0,4000[","[0,10000[","[0,10000[",*
2739,"[2500,3000[","[2000,3000[","[2000,4000[","[0,4000[","[0,10000[","[0,10000[",*
2740,"[2500,3000[","[2000,3000[","[2000,4000[","[0,4000[","[0,10000[","[0,10000[",*
2741,"[2500,3000[","[2000,3000[","[2000,4000[","[0,4000[","[0,10000[","[0,10000[",*
2743,"[2500,3000[","[2000,3000[","[2000,4000[","[0,4000[","[0,10000[","[0,10000[",*
2744,"[2500,3000[","[2000,3000[","[2000,4000[","[0,4000[","[0,10000[","[0,10000[",*
2745,"[2500,3000[","[2000,3000[","[2000,4000[","[0,4000[","[0,10000[","[0,10000[",*
2746,"[2500,3000[","[2000,3000[","[2000,4000[","[0,4000[","[0,10000[","[0,10000[",*
2747,"[2500,3000[","[2000,3000[","[2000,4000[","[0,4000[","[0,10000[","[0,10000[",*
2749,"[2500,3000[","[2000,3000[","[2000,4000[","[0,4000[","[0,10000[","[0,10000[",*
2750,"[2500,3000[","[2000,3000[","[2000,4000[","[0,4000[","[0,10000[","[0,10000[",*
2751,"[2500,3000[","[2000,3000[","[2000,4000[","[0,4000[","[0,10000[","[0,10000[",*
2752,"[2500,3000[","[2000,3000[","[2000,4000[","[0,4000[","[0,10000[","[0,10000[",*
2753,"[2500,3000[","[2000,3000[","[2000,4000[","[0,4000[","[0,10000[","[0,10000[",*
2754,"[2500,3000[","[2000,3000[","[2000,4000[","[0,4000[","[0,10000[","[0,10000[",*
2755,"[2500,3000[","[2000,3000[","[2000,4000[","[0,4000[","[0,10000[","[0,10000[",*
2756,"[2500,3000[","[2000,3000[","[2000,4000[","[0,4000[","[0,10000[","[0,10000[",*
2757,"[2500,3000[","[2000,3000[","[2000,4000[","[0,4000[","[0,10000[","[0,10000[",*
2758,"[2500,3000[","[2000,3000[","[2000,4000[","[0,4000[","[0,10000[","[0,10000[",*
2759,"[2500,3000[","[2000,3000[","[2000,4000[","[0,4000[","[0,10000[","[0,10000[",*
2760,"[2500,3000[","[2000,3000[","[2000,4000[","[0,4000[","[0,10000[","[0,10000[",*
2761,"[2500,3000[","[2000,3000[","[2000,4000[","[0,4000[","[0,10000[","[0,10000[",*
2762,"[2500,3000[","[2000,3000[","[2000,4000[","[0,4000[","[0,10000[","[0,10000[",*
2763,"[2500,3000[","[2000,3000[","[2000,4000[","[0,4000[","[0,10000[","[0,10000[",*
2764,"[2500,3000[","[2000,3000[","[2000,4000[","[0,4000[","[0,10000[","[0,10000[",*
2765,"[2500,3000[","[2000,3000[","[2000,4000[","[0,4000[","[0,10000[","[0,10000[",*
2766,"[2500,3000[","[2000,3000[","[2000,4000[","[0,4000[","[0,10000[","[0,10000[",*
2767,"[2500,3000[","[2000,3000[","[2000,4000[","[0,4000[","[0,10000[","[0,10000[",*
2768,"[2500,3000[","[2000,3000[","[2000,4000[","[0,4000[","[0,10000[","[0,10000[",*
2769,"[2500,3000[","[2000,3000[","[2000,4000[","[0,4000[","[0,10000[","[0,10000[",*
2770,"[2500,3000[","[2000,3000[","[2000,4000[","[0,4000[","[0,10000[","[0,10000[",*
2772,"[2500,3000[","[2000,3000[","[2000,4000[","[0,4000[","[0,10000[","[0,10000[",*
2774,"[2500,3000[","[2000,3000[","[2000,4000[","[0,4000[","[0,10000[","[0,10000[",*
2775,"[2500,3000[","[2000,3000[","[2000,4000[","[0,4000[","[0,10000[","[0,10000[",*
2776,"[2500,3000[","[2000,3000[","[2000,4000[","[0,4000[","[0,10000[","[0,10000[",*
2777,"[2500,3000[","[2000,3000[","[2000,4000[","[0,4000[","[0,10000[","[0,10000[",*
2779,"[2500,3000[","[2000,3000[","[2000,4000[","[0,4000[","[0,10000[","[0,10000[",*
2780,"[2500,3000[","[2000,3000[","[2000,4000[","[0,4000[","[0,10000[","[0,10000[",*
2781,"[2500,3000[","[2000,3000[","[2000,4000[","[0,4000[","[0,10000[","[0,10000[",*
2782,"[2500,3000[","[2000,3000[","[2000,4000[","[0,4000[","[0,10000[","[0,10000[",*
2783,"[2500,3000[","[2000,3000[","[2000,4000[","[0,4000[","[0,10000[","[0,10000[",*
2784,"[2500,3000[","[2000,3000[","[2000,4000[","[0,4000[","[0,10000[","[0,10000[",*
2785,"[2500,3000[","[2000,3000[","[2000,4000[","[0,4000[","[0,10000[","[0,10000[",*
2786,"[2500,3000[","[2000,3000[","[2000,4000[","[0,4000[","[0,10000[","[0,10000[",*
2787,"[2500,3000[","[2000,3000[","[2000,4000[","[0,4000[","[0,10000[","[0,10000[",*
2788,"[2500,3000[","[2000,3000[","[2000,4000[","[0,4000[","[0,10000[","[0,10000[",*
2789,"[2500,3000[","[2000,3000[","[2000,4000[","[0,4000[","[0,10000[","[0,10000[",*
2790,"[2500,3000[","[2000,3000[","[2000,4000[","[0,4000[","[0,10000[","[0,10000[",*
2791,"[2500,3000[","[2000,3000[","[2000,4000[","[0,4000[","[0,10000[","[0,10000[",*
2793,"[2500,3000[","[2000,3000[","[2000,4000[","[0,4000[","[0,10000[","[0,10000[",*
2794,"[2500,3000[","[2000,3000[","[2000,4000[","[0,4000[","[0,10000[","[0,10000[",*
2795,"[2500,3000[","[2000,3000[","[2000,4000[","[0,4000[","[0,10000[","[0,10000[",*
2796,"[2500,3000[","[2000,3000[","[2000,4000[","[0,4000[","[0,10000[","[0,10000[",*
2798,"[2500,3000[","[2000,3000[","[2000,4000[","[0,4000[","[0,10000[","[0,10000[",*
2799,"[2500,3000[","[2000,3000[","[2000,4000[","[0,4000[","[0,10000[","[0,10000[",*
2800,"[2500,3000[","[2000,3000[","[2000,4000[","[0,4000[","[0,10000[","[0,10000[",*
2801,"[2500,3000[","[2000,3000[","[2000,4000[","[0,4000[","[0,10000[","[0,10000[",*
2802,"[2500,3000[","[2000,3000[","[2000,4000[","[0,4000[","[0,10000[","[0,10000[",*
2803,"[2500,3000[","[2000,3000[","[2000,4000[","[0,4000[","[0,10000[","[0,10000[",*
2805,"[2500,3000[","[2000,3000[","[2000,4000[","[0,4000[","[0,10000[","[0,10000[",*
2806,"[2500,3000[","[2000,3000[","[2000,4000[","[0,4000[","[0,10000[","[0,10000[",*
2807,"[2500,3000[","[2000,3000[","[2000,4000[","[0,4000[","[0,10000[","[0,10000[",*
2808,"[2500,3000[","[2000,3000[","[2000,4000[","[0,4000[","[0,10000[","[0,10000[",*
2809,"[2500,3000[","[2000,3000[","[2000,4000[","[0,4000[","[0,10000[","[0,10000[",*
2810,"[2500,3000[","[2000,3000[","[2000,4000[","[0,4000[","[0,10000[","[0,10000[",*
2811,"[2500,3000[","[2000,3000[","[2000,4000[","[0,4000[","[0,10000[","[0,10000[",*
2812,"[2500,3000[","[2000,3000[","[2000,4000[","[0,4000[","[0,10000[","[0,10000[",*
2813,"[2500,3000[","[2000,3000[","[2000,4000[","[0,4000[","[0,10000[","[0,10000[",*
2814,"[2500,3000[","[2000,3000[","[2000,4000[","[0,4000[","[0,10000[","[0,10000[",*
2815,"[2500,3000[","[2000,3000[","[2000,4000[","[0,4000[","[0,10000[","[0,10000[",*
2816,"[2500,3000[","[2000,3000[","[2000,4000[","[0,4000[","[0,10000[","[0,10000[",*
2817,"[2500,3000[","[2000,3000[","[2000,4000[","[0,4000[","[0,10000[","[0,10000[",*
2818,"[2500,3000[","[2000,3000[","[2000,4000[","[0,4000[","[0,10000[","[0,10000[",*
2819,"[2500,3000[","[2000,3000[","[2000,4000[","[0,4000[","[0,10000[","[0,10000[",*
2820,"[2500,3000[","[2000,3000[","[2000,4000[","[0,4000[","[0,10000[","[0,10000[",*
2821,"[2500,3000[","[2000,3000[","[2000,4000[","[0,4000[","[0,10000[","[0,10000[",*
2822,"[2500,3000[","[2000,3000[","[2000,4000[","[0,4000[","[0,10000[","[0,10000[",*
2823,"[2500,3000[","[2000,3000[","[2000,4000[","[0,4000[","[0,10000[","[0,10000[",*
2825,"[2500,3000[","[2000,3000[","[2000,4000[","[0,4000[","[0,10000[","[0,10000[",*
2827,"[2500,3000[","[2000,3000[","[2000,4000[","[0,4000[","[0,10000[","[0,10000[",*
2829,"[2500,3000[","[2000,3000[","[2000,4000[","[0,4000[","[0,10000[","[0,10000[",*
2830,"[2500,3000[","[2000,3000[","[2000,4000[","[0,4000[","[0,10000[","[0,10000[",*
2831,"[2500,3000[","[2000,3000[","[2000,4000[","[0,4000[","[0,10000[","[0,10000[",*
2832,"[2500,3000[","[2000,3000[","[2000,4000[","[0,4000[","[0,10000[","[0,10000[",*
2833,"[2500,3000[","[2000,3000[","[2000,4000[","[0,4000[","[0,10000[","[0,10000[",*
2834,"[2500,3000[","[2000,3000[","[2000,4000[","[0,4000[","[0,10000[","[0,10000[",*
2835,"[2500,3000[","[2000,3000[","[2000,4000[","[0,4000[","[0,10000[","[0,10000[",*
2836,"[2500,3000[","[2000,3000[","[2000,4000[","[0,4000[","[0,10000[","[0,10000[",*
2837,"[2500,3000[","[2000,3000[","[2000,4000[","[0,4000[","[0,10000[","[0,10000[",*
2838,"[2500,3000[","[2000,3000[","[2000,4000[","[0,4000[","[0,10000[","[0,10000[",*
2840,"[2500,3000[","[2000,3000[","[2000,4000[","[0,4000[","[0,10000[","[0,10000[",*
2841,"[2500,3000[","[2000,3000[","[2000,4000[","[0,4000[","[0,10000[","[0,10000[",*
2843,"[2500,3000[","[2000,3000[","[2000,4000[","[0,4000[","[0,10000[","[0,10000[",*
2845,"[2500,3000[","[2000,3000[","[2000,4000[","[0,4000[","[0,10000[","[0,10000[",*
2846,"[2500,3000[","[2000,3000[","[2000,4000[","[0,4000[","[0,10000[","[0,10000[",*
2847,"[2500,3000[","[2000,3000[","[2000,4000[","[0,4000[","[0,10000[","[0,10000[",*
2848,"[2500,3000[","[2000,3000[","[2000,4000[","[0,4000[","[0,10000[","[0,10000[",*
2849,"[2500,3000[","[2000,3000[","[2000,4000[","[0,4000[","[0,10000[","[0,10000[",*
2850,"[2500,3000[","[2000,3000[","[2000,4000[","[0,4000[","[0,10000[","[0,10000[",*
2851,"[2500,3000[","[2000,3000[","[2000,4000[","[0,4000[","[0,10000[","[0,10000[",*
2852,"[2500,3000[","[2000,3000[","[2000,4000[","[0,4000[","[0,10000[","[0,10000[",*
2853,"[2500,3000[","[2000,3000[","[2000,4000[","[0,4000[","[0,10000[","[0,10000[",*
2854,"[2500,3000[","[2000,3000[","[2000,4000[","[0,4000[","[0,10000[","[0,10000[",*
2855,"[2500,3000[","[2000,3000[","[2000,4000[","[0,4000[","[0,10000[","[0,10000[",*
2856,"[2500,3000[","[2000,3000[","[2000,4000[","[0,4000[","[0,10000[","[0,10000[",*
2857,"[2500,3000[","[2000,3000[","[2000,4000[","[0,4000[","[0,10000[","[0,10000[",*
2858,"[2500,3000[","[2000,3000[","[2000,4000[","[0,4000[","[0,10000[","[0,10000[",*
2859,"[2500,3000[","[2000,3000[","[2000,4000[","[0,4000[","[0,10000[","[0,10000[",*
2860,"[2500,3000[","[2000,3000[","[2000,4000[","[0,4000[","[0,10000[","[0,10000[",*
2861,"[2500,3000[","[2000,3000[","[2000,4000[","[0,4000[","[0,10000[","[0,10000[",*
2862,"[2500,3000[","[2000,3000[","[2000,4000[","[0,4000[","[0,10000[","[0,10000[",*
2863,"[2500,3000[","[2000,3000[","[2000,4000[","[0,4000[","[0,10000[","[0,10000[",*
2868,"[2500,3000[","[2000,3000[","[2000,4000[","[0,4000[","[0,10000[","[0,10000[",*
2869,"[2500,3000[","[2000,3000[","[2000,4000[","[0,4000[","[0,10000[","[0,10000[",*
2870,"[2500,3000[","[2000,3000[","[2000,4000[","[0,4000[","[0,10000[","[0,10000[",*
2873,"[2500,3000[","[2000,3000[","[2000,4000[","[0,4000[","[0,10000[","[0,10000[",*
2875,"[2500,3000[","[2000,3000[","[2000,4000[","[0,4000[","[0,10000[","[0,10000[",*
2876,"[2500,3000[","[2000,3000[","[2000,4000[","[0,4000[","[0,10000[","[0,10000[",*
2877,"[2500,3000[","[2000,3000[","[2000,4000[","[0,4000[","[0,10000[","[0,10000[",*
2878,"[2500,3000[","[2000,3000[","[2000,4000[","[0,4000[","[0,10000[","[0,10000[",*
2879,"[2500,3000[","[2000,3000[","[2000,4000[","[0,4000[","[0,10000[","[0,10000[",*
2880,"[2500,3000[","[2000,3000[","[2000,4000[","[0,4000[","[0,10000[","[0,10000[",*
2881,"[2500,3000[","[2000,3000[","[2000,4000[","[0,4000[","[0,10000[","[0,10000[",*
2882,"[2500,3000[","[2000,3000[","[2000,4000[","[0,4000[","[0,10000[","[0,10000[",*
2883,"[2500,3000[","[2000,3000[","[2000,4000[","[0,4000[","[0,10000[","[0,10000[",*
2884,"[2500,3000[","[2000,3000[","[2000,4000[","[0,4000[","[0,10000[","[0,10000[",*
2885,"[2500,3000[","[2000,3000[","[2000,4000[","[0,4000[","[0,10000[","[0,10000[",*
2886,"[2500,3000[","[2000,3000[","[2000,4000[","[0,4000[","[0,10000[","[0,10000[",*
2887,"[2500,3000[","[2000,3000[","[2000,4000[","[0,4000[","[0,10000[","[0,10000[",*
2889,"[2500,3000[","[2000,3000[","[2000,4000[","[0,4000[","[0,10000[","[0,10000[",*
2891,"[2500,3000[","[2000,3000[","[2000,4000[","[0,4000[","[0,10000[","[0,10000[",*
2892,"[2500,3000[","[2000,3000[","[2000,4000[","[0,4000[","[0,10000[","[0,10000[",*
2893,"[2500,3000[","[2000,3000[","[2000,4000[","[0,4000[","[0,10000[","[0,10000[",*
2894,"[2500,3000[","[2000,3000[","[2000,4000[","[0,4000[","[0,10000[","[0,10000[",*
2895,"[2500,3000[","[2000,3000[","[2000,4000[","[0,4000[","[0,10000[","[0,10000[",*
2896,"[2500,3000[","[2000,3000[","[2000,4000[","[0,4000[","[0,10000[","[0,10000[",*
2897,"[2500,3000[","[2000,3000[","[2000,4000[","[0,4000[","[0,10000[","[0,10000[",*
2899,"[2500,3000[","[2000,3000[","[2000,4000[","[0,4000[","[0,10000[","[0,10000[",*
2900,"[2500,3000[","[2000,3000[","[2000,4000[","[0,4000[","[0,10000[","[0,10000[",*
2901,"[2500,3000[","[2000,3000[","[2000,4000[","[0,4000[","[0,10000[","[0,10000[",*
2903,"[2500,3000[","[2000,3000[","[2000,4000[","[0,4000[","[0,10000[","[0,10000[",*
2904,"[2500,3000[","[2000,3000[","[2000,4000[","[0,4000[","[0,10000[","[0,10000[",*
2906,"[2500,3000[","[2000,3000[","[2000,4000[","[0,4000[","[0,10000[","[0,10000[",*
2907,"[2500,3000[","[2000,3000[","[2000,4000[","[0,4000[","[0,10000[","[0,10000[",*
2908,"[2500,3000[","[2000,3000[","[2000,4000[","[0,4000[","[0,10000[","[0,10000[",*
2909,"[2500,3000[","[2000,3000[","[2000,4000[","[0,4000[","[0,10000[","[0,10000[",*
2910,"[2500,3000[","[2000,3000[","[2000,4000[","[0,4000[","[0,10000[","[0,10000[",*
2911,"[2500,3000[","[2000,3000[","[2000,4000[","[0,4000[","[0,10000[","[0,10000[",*
2913,"[2500,3000[","[2000,3000[","[2000,4000[","[0,4000[","[0,10000[","[0,10000[",*
2914,"[2500,3000[","[2000,3000[","[2000,4000[","[0,4000[","[0,10000[","[0,10000[",*
2915,"[2500,3000[","[2000,3000[","[2000,4000[","[0,4000[","[0,10000[","[0,10000[",*
2916,"[2500,3000[","[2000,3000[","[2000,4000[","[0,4000[","[0,10000[","[0,10000[",*
2917,"[2500,3000[","[2000,3000[","[2000,4000[","[0,4000[","[0,10000[","[0,10000[",*
2918,"[2500,3000[","[2000,3000[","[2000,4000[","[0,4000[","[0,10000[","[0,10000[",*
2919,"[2500,3000[","[2000,3000[","[2000,4000[","[0,4000[","[0,10000[","[0,10000[",*
2920,"[2500,3000[","[2000,3000[","[2000,4000[","[0,4000[","[0,10000[","[0,10000[",*
2921,"[2500,3000[","[2000,3000[","[2000,4000[","[0,4000[","[0,10000[","[0,10000[",*
2922,"[2500,3000[","[2000,3000[","[2000,4000[","[0,4000[","[0,10000[","[0,10000[",*
2923,"[2500,3000[","[2000,3000[","[2000,4000[","[0,4000[","[0,10000[","[0,10000[",*
2924,"[2500,3000[","[2000,3000[","[2000,4000[","[0,4000[","[0,10000[","[0,10000[",*
2925,"[2500,3000[","[2000,3000[","[2000,4000[","[0,4000[","[0,10000[","[0,10000[",*
2926,"[2500,3000[","[2000,3000[","[2000,4000[","[0,4000[","[0,10000[","[0,10000[",*
2927,"[2500,3000[","[2000,3000[","[2000,4000[","[0,4000[","[0,10000[","[0,10000[",*
2928,"[2500,3000[","[2000,3000[","[2000,4000[","[0,4000[","[0,10000[","[0,10000[",*
2929,"[2500,3000[","[2000,3000[","[2000,4000[","[0,4000[","[0,10000[","[0,10000[",*
2931,"[2500,3000[","[2000,3000[","[2000,4000[","[0,4000[","[0,10000[","[0,10000[",*
2932,"[2500,3000[","[2000,3000[","[2000,4000[","[0,4000[","[0,10000[","[0,10000[",*
2933,"[2500,3000[","[2000,3000[","[2000,4000[","[0,4000[","[0,10000[","[0,10000[",*
2934,"[2500,3000[","[2000,3000[","[2000,4000[","[0,4000[","[0,10000[","[0,10000[",*
2935,"[2500,3000[","[2000,3000[","[2000,4000[","[0,4000[","[0,10000[","[0,10000[",*
2936,"[2500,3000[","[2000,3000[","[2000,4000[","[0,4000[","[0,10000[","[0,10000[",*
2937,"[2500,3000[","[2000,3000[","[2000,4000[","[0,4000[","[0,10000[","[0,10000[",*
2938,"[2500,3000[","[2000,3000[","[2000,4000[","[0,4000[","[0,10000[","[0,10000[",*
2939,"[2500,3000[","[2000,3000[","[2000,4000[","[0,4000[","[0,10000[","[0,10000[",*
2940,"[2500,3000[","[2000,3000[","[2000,4000[","[0,4000[","[0,10000[","[0,10000[",*
2944,"[2500,3000[","[2000,3000[","[2000,4000[","[0,4000[","[0,10000[","[0,10000[",*
2945,"[2500,3000[","[2000,3000[","[2000,4000[","[0,4000[","[0,10000[","[0,10000[",*
2946,"[2500,3000[","[2000,3000[","[2000,4000[","[0,4000[","[0,10000[","[0,10000[",*
2948,"[2500,3000[","[2000,3000[","[2000,4000[","[0,4000[","[0,10000[","[0,10000[",*
2950,"[2500,3000[","[2000,3000[","[2000,4000[","[0,4000[","[0,10000[","[0,10000[",*
2951,"[2500,3000[","[2000,3000[","[2000,4000[","[0,4000[","[0,10000[","[0,10000[",*
2952,"[2500,3000[","[2000,3000[","[2000,4000[","[0,4000[","[0,10000[","[0,10000[",*
2953,"[2500,3000[","[2000,3000[","[2000,4000[","[0,4000[","[0,10000[","[0,10000[",*
2954,"[2500,3000[","[2000,3000[","[2000,4000[","[0,4000[","[0,10000[","[0,10000[",*
2955,"[2500,3000[","[2000,3000[","[2000,4000[","[0,4000[","[0,10000[","[0,10000[",*
2956,"[2500,3000[","[2000,3000[","[2000,4000[","[0,4000[","[0,10000[","[0,10000[",*
2957,"[2500,3000[","[2000,3000[","[2000,4000[","[0,4000[","[0,10000[","[0,10000[",*
2958,"[2500,3000[","[2000,3000[","[2000,4000[","[0,4000[","[0,10000[","[0,10000[",*
2959,"[2500,3000[","[2000,3000[","[2000,4000[","[0,4000[","[0,10000[","[0,10000[",*
2960,"[2500,3000[","[2000,3000[","[2000,4000[","[0,4000[","[0,10000[","[0,10000[",*
2961,"[2500,3000[","[2000,3000[","[2000,4000[","[0,4000[","[0,10000[","[0,10000[",*
2962,"[2500,3000[","[2000,3000[","[2000,4000[","[0,4000[","[0,10000[","[0,10000[",*
2963,"[2500,3000[","[2000,3000[","[2000,4000[","[0,4000[","[0,10000[","[0,10000[",*
2964,"[2500,3000[","[2000,3000[","[2000,4000[","[0,4000[","[0,10000[","[0,10000[",*
2965,"[2500,3000[","[2000,3000[","[2000,4000[","[0,4000[","[0,10000[","[0,10000[",*
2967,"[2500,3000[","[2000,3000[","[2000,4000[","[0,4000[","[0,10000[","[0,10000[",*
2968,"[2500,3000[","[2000,3000[","[2000,4000[","[0,4000[","[0,10000[","[0,10000[",*
2969,"[2500,3000[","[2000,3000[","[2000,4000[","[0,4000[","[0,10000[","[0,10000[",*
2970,"[2500,3000[","[2000,3000[","[2000,4000[","[0,4000[","[0,10000[","[0,10000[",*
2971,"[2500,3000[","[2000,3000[","[2000,4000[","[0,4000[","[0,10000[","[0,10000[",*
2972,"[2500,3000[","[2000,3000[","[2000,4000[","[0,4000[","[0,10000[","[0,10000[",*
2974,"[2500,3000[","[2000,3000[","[2000,4000[","[0,4000[","[0,10000[","[0,10000[",*
2975,"[2500,3000[","[2000,3000[","[2000,4000[","[0,4000[","[0,10000[","[0,10000[",*
2976,"[2500,3000[","[2000,3000[","[2000,4000[","[0,4000[","[0,10000[","[0,10000[",*
2977,"[2500,3000[","[2000,3000[","[2000,4000[","[0,4000[","[0,10000[","[0,10000[",*
2978,"[2500,3000[","[2000,3000[","[2000,4000[","[0,4000[","[0,10000[","[0,10000[",*
2979,"[2500,3000[","[2000,3000[","[2000,4000[","[0,4000[","[0,10000[","[0,10000[",*
2980,"[2500,3000[","[2000,3000[","[2000,4000[","[0,4000[","[0,10000[","[0,10000[",*
2981,"[2500,3000[","[2000,3000[","[2000,4000[","[0,4000[","[0,10000[","[0,10000[",*
2982,"[2500,3000[","[2000,3000[","[2000,4000[","[0,4000[","[0,10000[","[0,10000[",*
2983,"[2500,3000[","[2000,3000[","[2000,4000[","[0,4000[","[0,10000[","[0,10000[",*
2984,"[2500,3000[","[2000,3000[","[2000,4000[","[0,4000[","[0,10000[","[0,10000[",*
2985,"[2500,3000[","[2000,3000[","[2000,4000[","[0,4000[","[0,10000[","[0,10000[",*
2986,"[2500,3000[","[2000,3000[","[2000,4000[","[0,4000[","[0,10000[","[0,10000[",*
2987,"[2500,3000[","[2000,3000[","[2000,4000[","[0,4000[","[0,10000[","[0,10000[",*
2988,"[2500,3000[","[2000,3000[","[2000,4000[","[0,4000[","[0,10000[","[0,10000[",*
2990,"[2500,3000[","[2000,3000[","[2000,4000[","[0,4000[","[0,10000[","[0,10000[",*
2991,"[2500,3000[","[2000,3000[","[2000,4000[","[0,4000[","[0,10000[","[0,10000[",*
2992,"[2500,3000[","[2000,3000[","[2000,4000[","[0,4000[","[0,10000[","[0,10000[",*
2993,"[2500,3000[","[2000,3000[","[2000,4000[","[0,4000[","[0,10000[","[0,10000[",*
2994,"[2500,3000[","[2000,3000[","[2000,4000[","[0,4000[","[0,10000[","[0,10000[",*
2995,"[2500,3000[","[2000,3000[","[2000,4000[","[0,4000[","[0,10000[","[0,10000[",*
2996,"[2500,3000[","[2000,3000[","[2000,4000[","[0,4000[","[0,10000[","[0,10000[",*
2997,"[2500,3000[","[2000,3000[","[2000,4000[","[0,4000[","[0,10000[","[0,10000[",*
2998,"[2500,3000[","[2000,3000[","[2000,4000[","[0,4000[","[0,10000[","[0,10000[",*
2999,"[2500,3000[","[2000,3000[","[2000,4000[","[0,4000[","[0,10000[","[0,10000[",*
3000,"[3000,3500[","[3000,4000[","[2000,4000[","[0,4000[","[0,10000[","[0,10000[",*
3002,"[3000,3500[","[3000,4000[","[2000,4000[","[0,4000[","[0,10000[","[0,10000[",*
3003,"[3000,3500[","[3000,4000[","[2000,4000[","[0,4000[","[0,10000[","[0,10000[",*
3004,"[3000,3500[","[3000,4000[","[2000,4000[","[0,4000[","[0,10000[","[0,10000[",*
3006,"[3000,3500[","[3000,4000[","[2000,4000[","[0,4000[","[0,10000[","[0,10000[",*
3007,"[3000,3500[","[3000,4000[","[2000,4000[","[0,4000[","[0,10000[","[0,10000[",*
3008,"[3000,3500[","[3000,4000[","[2000,4000[","[0,4000[","[0,10000[","[0,10000[",*
3009,"[3000,3500[","[3000,4000[","[2000,4000[","[0,4000[","[0,10000[","[0,10000[",*
3012,"[3000,3500[","[3000,4000[","[2000,4000[","[0,4000[","[0,10000[","[0,10000[",*
3013,"[3000,3500[","[3000,4000[","[2000,4000[","[0,4000[","[0,10000[","[0,10000[",*
3014,"[3000,3500[","[3000,4000[","[2000,4000[","[0,4000[","[0,10000[","[0,10000[",*
3015,"[3000,3500[","[3000,4000[","[2000,4000[","[0,4000[","[0,10000[","[0,10000[",*
3016,"[3000,3500[","[3000,4000[","[2000,4000[","[0,4000[","[0,10000[","[0,10000[",*
3017,"[3000,3500[","[3000,4000[","[2000,4000[","[0,4000[","[0,10000[","[0,10000[",*
3018,"[3000,3500[","[3000,4000[","[2000,4000[","[0,4000[","[0,10000[","[0,10000[",*
3019,"[3000,3500[","[3000,4000[","[2000,4000[","[0,4000[","[0,10000[","[0,10000[",*
3020,"[3000,3500[","[3000,4000[","[2000,4000[","[0,4000[","[0,10000[","[0,10000[",*
3021,"[3000,3500[","[3000,4000[","[2000,4000[","[0,4000[","[0,10000[","[0,10000[",*
3022,"[3000,3500[","[3000,4000[","[2000,4000[","[0,4000[","[0,10000[","[0,10000[",*
3023,"[3000,3500[","[3000,4000[","[2000,4000[","[0,4000[","[0,10000[","[0,10000[",*
3024,"[3000,3500[","[3000,4000[","[2000,4000[","[0,4000[","[0,10000[","[0,10000[",*
3025,"[3000,3500[","[3000,4000[","[2000,4000[","[0,4000[","[0,10000[","[0,10000[",*
3026,"[3000,3500[","[3000,4000[","[2000,4000[","[0,4000[","[0,10000[","[0,10000[",*
3027,"[3000,3500[","[3000,4000[","[2000,4000[","[0,4000[","[0,10000[","[0,10000[",*
3028,"[3000,3500[","[3000,4000[","[2000,4000[","[0,4000[","[0,10000[","[0,10000[",*
3029,"[3000,3500[","[3000,4000[","[2000,4000[","[0,4000[","[0,10000[","[0,10000[",*
3030,"[3000,3500[","[3000,4000[","[2000,4000[","[0,4000[","[0,10000[","[0,10000[",*
3031,"[3000,3500[","[3000,4000[","[2000,4000[","[0,4000[","[0,10000[","[0,10000[",*
3032,"[3000,3500[","[3000,4000[","[2000,4000[","[0,4000[","[0,10000[","[0,10000[",*
3033,"[3000,3500[","[3000,4000[","[2000,4000[","[0,4000[","[0,10000[","[0,10000[",*
3034,"[3000,3500[","[3000,4000[","[2000,4000[","[0,4000[","[0,10000[","[0,10000[",*
3035,"[3000,3500[","[3000,4000[","[2000,4000[","[0,4000[","[0,10000[","[0,10000[",*
3036,"[3000,3500[","[3000,4000[","[2000,4000[","[0,4000[","[0,10000[","[0,10000[",*
3037,"[3000,3500[","[3000,4000[","[2000,4000[","[0,4000[","[0,10000[","[0,10000[",*
3038,"[3000,3500[","[3000,4000[","[2000,4000[","[0,4000[","[0,10000[","[0,10000[",*
3039,"[3000,3500[","[3000,4000[","[2000,4000[","[0,4000[","[0,10000[","[0,10000[",*
3041,"[3000,3500[","[3000,4000[","[2000,4000[","[0,4000[","[0,10000[","[0,10000[",*
3043,"[3000,3500[","[3000,4000[","[2000,4000[","[0,4000[","[0,10000[","[0,10000[",*
3044,"[3000,3500[","[3000,4000[","[2000,4000[","[0,4000[","[0,10000[","[0,10000[",*
3045,"[3000,3500[","[3000,4000[","[2000,4000[","[0,4000[","[0,10000[","[0,10000[",*
3046,"[3000,3500[","[3000,4000[","[2000,4000[","[0,4000[","[0,10000[","[0,10000[",*
3047,"[3000,3500[","[3000,4000[","[2000,4000[","[0,4000[","[0,10000[","[0,10000[",*
3048,"[3000,3500[","[3000,4000[","[2000,4000[","[0,4000[","[0,10000[","[0,10000[",*
3049,"[3000,3500[","[3000,4000[","[2000,4000[","[0,4000[","[0,10000[","[0,10000[",*
3050,"[3000,3500[","[3000,4000[","[2000,4000[","[0,4000[","[0,10000[","[0,10000[",*
3051,"[3000,3500[","[3000,4000[","[2000,4000[","[0,4000[","[0,10000[","[0,10000[",*
3052,"[3000,3500[","[3000,4000[","[2000,4000[","[0,4000[","[0,10000[","[0,10000[",*
3053,"[3000,3500[","[3000,4000[","[2000,4000[","[0,4000[","[0,10000[","[0,10000[",*
3054,"[3000,3500[","[3000,4000[","[2000,4000[","[0,4000[","[0,10000[","[0,10000[",*
3056,"[3000,3500[","[3000,4000[","[2000,4000[","[0,4000[","[0,10000[","[0,10000[",*
3057,"[3000,3500[","[3000,4000[","[2000,4000[","[0,4000[","[0,10000[","[0,10000[",*
3058,"[3000,3500[","[3000,4000[","[2000,4000[","[0,4000[","[0,10000[","[0,10000[",*
3059,"[3000,3500[","[3000,4000[","[2000,4000[","[0,4000[","[0,10000[","[0,10000[",*
3060,"[3000,3500[","[3000,4000[","[2000,4000[","[0,4000[","[0,10000[","[0,10000[",*
3061,"[3000,3500[","[3000,4000[","[2000,4000[","[0,4000[","[0,10000[","[0,10000[",*
3062,"[3000,3500[","[3000,4000[","[2000,4000[","[0,4000[","[0,10000[","[0,10000[",*
3063,"[3000,3500[","[3000,4000[","[2000,4000[","[0,4000[","[0,10000[","[0,10000[",*
3064,"[3000,3500[","[3000,4000[","[2000,4000[","[0,4000[","[0,10000[","[0,10000[",*
3067,"[3000,3500[","[3000,4000[","[2000,4000[","[0,4000[","[0,10000[","[0,10000[",*
3068,"[3000,3500[","[3000,4000[","[2000,4000[","[0,4000[","[0,10000[","[0,10000[",*
3069,"[3000,3500[","[3000,4000[","[2000,4000[","[0,4000[","[0,10000[","[0,10000[",*
3070,"[3000,3500[","[3000,4000[","[2000,4000[","[0,4000[","[0,10000[","[0,10000[",*
3071,"[3000,3500[","[3000,4000[","[2000,4000[","[0,4000[","[0,10000[","[0,10000[",*
3072,"[3000,3500[","[3000,4000[","[2000,4000[","[0,4000[","[0,10000[","[0,10000[",*
3073,"[3000,3500[","[3000,4000[","[2000,4000[","[0,4000[","[0,10000[","[0,10000[",*
3074,"[3000,3500[","[3000,4000[","[2000,4000[","[0,4000[","[0,10000[","[0,10000[",*
3075,"[3000,3500[","[3000,4000[","[2000,4000[","[0,4000[","[0,10000[","[0,10000[",*
3076,"[3000,3500[","[3000,4000[","[2000,4000[","[0,4000[","[0,10000[","[0,10000[",*
3079,"[3000,3500[","[3000,4000[","[2000,4000[","[0,4000[","[0,10000[","[0,10000[",*
3080,"[3000,3500[","[3000,4000[","[2000,4000[","[0,4000[","[0,10000[","[0,10000[",*
3082,"[3000,3500[","[3000,4000[","[2000,4000[","[0,4000[","[0,10000[","[0,10000[",*
3083,"[3000,3500[","[3000,4000[","[2000,4000[","[0,4000[","[0,10000[","[0,10000[",*
3086,"[3000,3500[","[3000,4000[","[2000,4000[","[0,4000[","[0,10000[","[0,10000[",*
3087,"[3000,3500[","[3000,4000[","[2000,4000[","[0,4000[","[0,10000[","[0,10000[",*
3090,"[3000,3500[","[3000,4000[","[2000,4000[","[0,4000[","[0,10000[","[0,10000[",*
3091,"[3000,3500[","[3000,4000[","[2000,4000[","[0,4000[","[0,10000[","[0,10000[",*
3092,"[3000,3500[","[3000,4000[","[2000,4000[","[0,4000[","[0,10000[","[0,10000[",*
3094,"[3000,3500[","[3000,4000[","[2000,4000[","[0,4000[","[0,10000[","[0,10000[",*
3095,"[3000,3500[","[3000,4000[","[2000,4000[","[0,4000[","[0,10000[","[0,10000[",*
3096,"[3000,3500[","[3000,4000[","[2000,4000[","[0,4000[","[0,10000[","[0,10000[",*
3097,"[3000,3500[","[3000,4000[","[2000,4000[","[0,4000[","[0,10000[","[0,10000[",*
3098,"[3000,3500[","[3000,4000[","[2000,4000[","[0,4000[","[0,10000[","[0,10000[",*
3100,"[3000,3500[","[3000,4000[","[2000,4000[","[0,4000[","[0,10000[","[0,10000[",*
3102,"[3000,3500[","[3000,4000[","[2000,4000[","[0,4000[","[0,10000[","[0,10000[",*
3103,"[3000,3500[","[3000,4000[","[2000,4000[","[0,4000[","[0,10000[","[0,10000[",*
3104,"[3000,3500[","[3000,4000[","[2000,4000[","[0,4000[","[0,10000[","[0,10000[",*
3105,"[3000,3500[","[3000,4000[","[2000,4000[","[0,4000[","[0,10000[","[0,10000[",*
3107,"[3000,3500[","[3000,4000[","[2000,4000[","[0,4000[","[0,10000[","[0,10000[",*
3108,"[3000,3500[","[3000,4000[","[2000,4000[","[0,4000[","[0,10000[","[0,10000[",*
3109,"[3000,3500[","[3000,4000[","[2000,4000[","[0,4000[","[0,10000[","[0,10000[",*
3110,"[3000,3500[","[3000,4000[","[2000,4000[","[0,4000[","[0,10000[","[0,10000[",*
3111,"[3000,3500[","[3000,4000[","[2000,4000[","[0,4000[","[0,10000[","[0,10000[",*
3112,"[3000,3500[","[3000,4000[","[2000,4000[","[0,4000[","[0,10000[","[0,10000[",*
3113,"[3000,3500[","[3000,4000[","[2000,4000[","[0,4000[","[0,10000[","[0,10000[",*
3114,"[3000,3500[","[3000,4000[","[2000,4000[","[0,4000[","[0,10000[","[0,10000[",*
3115,"[3000,3500[","[3000,4000[","[2000,4000[","[0,4000[","[0,10000[","[0,10000[",*
3117,"[3000,3500[","[3000,4000[","[2000,4000[","[0,4000[","[0,10000[","[0,10000[",*
3118,"[3000,3500[","[3000,4000[","[2000,4000[","[0,4000[","[0,10000[","[0,10000[",*
3119,"[3000,3500[","[3000,4000[","[2000,4000[","[0,4000[","[0,10000[","[0,10000[",*
3120,"[3000,3500[","[3000,4000[","[2000,4000[","[0,4000[","[0,10000[","[0,10000[",*
3122,"[3000,3500[","[3000,4000[","[2000,4000[","[0,4000[","[0,10000[","[0,10000[",*
3123,"[3000,3500[","[3000,4000[","[2000,4000[","[0,4000[","[0,10000[","[0,10000[",*
3126,"[3000,3500[","[3000,4000[","[2000,4000[","[0,4000[","[0,10000[","[0,10000[",*
3127,"[3000,3500[","[3000,4000[","[2000,4000[","[0,4000[","[0,10000[","[0,10000[",*
3129,"[3000,3500[","[3000,4000[","[2000,4000[","[0,4000[","[0,10000[","[0,10000[",*
3131,"[3000,3500[","[3000,4000[","[2000,4000[","[0,4000[","[0,10000[","[0,10000[",*
3132,"[3000,3500[","[3000,4000[","[2000,4000[","[0,4000[","[0,10000[","[0,10000[",*
3133,"[3000,3500[","[3000,4000[","[2000,4000[","[0,4000[","[0,10000[","[0,10000[",*
3134,"[3000,3500[","[3000,4000[","[2000,4000[","[0,4000[","[0,10000[","[0,10000[",*
3135,"[3000,3500[","[3000,4000[","[2000,4000[","[0,4000[","[0,10000[","[0,10000[",*
3136,"[3000,3500[","[3000,4000[","[2000,4000[","[0,4000[","[0,10000[","[0,10000[",*
3137,"[3000,3500[","[3000,4000[","[2000,4000[","[0,4000[","[0,10000[","[0,10000[",*
3138,"[3000,3500[","[3000,4000[","[2000,4000[","[0,4000[","[0,10000[","[0,10000[",*
3139,"[3000,3500[","[3000,4000[","[2000,4000[","[0,4000[","[0,10000[","[0,10000[",*
3140,"[3000,3500[","[3000,4000[","[2000,4000[","[0,4000[","[0,10000[","[0,10000[",*
3141,"[3000,3500[","[3000,4000[","[2000,4000[","[0,4000[","[0,10000[","[0,10000[",*
3142,"[3000,3500[","[3000,4000[","[2000,4000[","[0,4000[","[0,10000[","[0,10000[",*
3143,"[3000,3500[","[3000,4000[","[2000,4000[","[0,4000[","[0,10000[","[0,10000[",*
3144,"[3000,3500[","[3000,4000[","[2000,4000[","[0,4000[","[0,10000[","[0,10000[",*
3145,"[3000,3500[","[3000,4000[","[2000,4000[","[0,4000[","[0,10000[","[0,10000[",*
3148,"[3000,3500[","[3000,4000[","[2000,4000[","[0,4000[","[0,10000[","[0,10000[",*
3149,"[3000,3500[","[3000,4000[","[2000,4000[","[0,4000[","[0,10000[","[0,10000[",*
3150,"[3000,3500[","[3000,4000[","[2000,4000[","[0,4000[","[0,10000[","[0,10000[",*
3151,"[3000,3500[","[3000,4000[","[2000,4000[","[0,4000[","[0,10000[","[0,10000[",*
3154,"[3000,3500[","[3000,4000[","[2000,4000[","[0,4000[","[0,10000[","[0,10000[",*
3155,"[3000,3500[","[3000,4000[","[2000,4000[","[0,4000[","[0,10000[","[0,10000[",*
3156,"[3000,3500[","[3000,4000[","[2000,4000[","[0,4000[","[0,10000[","[0,10000[",*
3157,"[3000,3500[","[3000,4000[","[2000,4000[","[0,4000[","[0,10000[","[0,10000[",*
3158,"[3000,3500[","[3000,4000[","[2000,4000[","[0,4000[","[0,10000[","[0,10000[",*
3160,"[3000,3500[","[3000,4000[","[2000,4000[","[0,4000[","[0,10000[","[0,10000[",*
3161,"[3000,3500[","[3000,4000[","[2000,4000[","[0,4000[","[0,10000[","[0,10000[",*
3163,"[3000,3500[","[3000,4000[","[2000,4000[","[0,4000[","[0,10000[","[0,10000[",*
3164,"[3000,3500[","[3000,4000[","[2000,4000[","[0,4000[","[0,10000[","[0,10000[",*
3165,"[3000,3500[","[3000,4000[","[2000,4000[","[0,4000[","[0,10000[","[0,10000[",*
3166,"[3000,3500[","[3000,4000[","[2000,4000[","[0,4000[","[0,10000[","[0,10000[",*
3167,"[3000,3500[","[3000,4000[","[2000,4000[","[0,4000[","[0,10000[","[0,10000[",*
3168,"[3000,3500[","[3000,4000[","[2000,4000[","[0,4000[","[0,10000[","[0,10000[",*
3169,"[3000,3500[","[3000,4000[","[2000,4000[","[0,4000[","[0,10000[","[0,10000[",*
3170,"[3000,3500[","[3000,4000[","[2000,4000[","[0,4000[","[0,10000[","[0,10000[",*
3172,"[3000,3500[","[3000,4000[","[2000,4000[","[0,4000[","[0,10000[","[0,10000[",*
3173,"[3000,3500[","[3000,4000[","[2000,4000[","[0,4000[","[0,10000[","[0,10000[",*
3175,"[3000,3500[","[3000,4000[","[2000,4000[","[0,4000[","[0,10000[","[0,10000[",*
3176,"[3000,3500[","[3000,4000[","[2000,4000[","[0,4000[","[0,10000[","[0,10000[",*
3177,"[3000,3500[","[3000,4000[","[2000,4000[","[0,4000[","[0,10000[","[0,10000[",*
3178,"[3000,3500[","[3000,4000[","[2000,4000[","[0,4000[","[0,10000[","[0,10000[",*
3180,"[3000,3500[","[3000,4000[","[2000,4000[","[0,4000[","[0,10000[","[0,10000[",*
3181,"[3000,3500[","[3000,4000[","[2000,4000[","[0,4000[","[0,10000[","[0,10000[",*
3184,"[3000,3500[","[3000,4000[","[2000,4000[","[0,4000[","[0,10000[","[0,10000[",*
3185,"[3000,3500[","[3000,4000[","[2000,4000[","[0,4000[","[0,10000[","[0,10000[",*
3186,"[3000,3500[","[3000,4000[","[2000,4000[","[0,4000[","[0,10000[","[0,10000[",*
3187,"[3000,3500[","[3000,4000[","[2000,4000[","[0,4000[","[0,10000[","[0,10000[",*
3188,"[3000,3500[","[3000,4000[","[2000,4000[","[0,4000[","[0,10000[","[0,10000[",*
3189,"[3000,3500[","[3000,4000[","[2000,4000[","[0,4000[","[0,10000[","[0,10000[",*
3190,"[3000,3500[","[3000,4000[","[2000,4000[","[0,4000[","[0,10000[","[0,10000[",*
3191,"[3000,3500[","[3000,4000[","[2000,4000[","[0,4000[","[0,10000[","[0,10000[",*
3192,"[3000,3500[","[3000,4000[","[2000,4000[","[0,4000[","[0,10000[","[0,10000[",*
3194,"[3000,3500[","[3000,4000[","[2000,4000[","[0,4000[","[0,10000[","[0,10000[",*
3195,"[3000,3500[","[3000,4000[","[2000,4000[","[0,4000[","[0,10000[","[0,10000[",*
3196,"[3000,3500[","[3000,4000[","[2000,4000[","[0,4000[","[0,10000[","[0,10000[",*
3197,"[3000,3500[","[3000,4000[","[2000,4000[","[0,4000[","[0,10000[","[0,10000[",*
3198,"[3000,3500[","[3000,4000[","[2000,4000[","[0,4000[","[0,10000[","[0,10000[",*
3199,"[3000,3500[","[3000,4000[","[2000,4000[","[0,4000[","[0,10000[","[0,10000[",*
3201,"[3000,3500[","[3000,4000[","[2000,4000[","[0,4000[","[0,10000[","[0,10000[",*
3202,"[3000,3500[","[3000,4000[","[2000,4000[","[0,4000[","[0,10000[","[0,10000[",*
3203,"[3000,3500[","[3000,4000[","[2000,4000[","[0,4000[","[0,10000[","[0,10000[",*
3204,"[3000,3500[","[3000,4000[","[2000,4000[","[0,4000[","[0,10000[","[0,10000[",*
3206,"[3000,3500[","[3000,4000[","[2000,4000[","[0,4000[","[0,10000[","[0,10000[",*
3207,"[3000,3500[","[3000,4000[","[2000,4000[","[0,4000[","[0,10000[","[0,10000[",*
3208,"[3000,3500[","[3000,4000[","[2000,4000[","[0,4000[","[0,10000[","[0,10000[",*
3211,"[3000,3500[","[3000,4000[","[2000,4000[","[0,4000[","[0,10000[","[0,10000[",*
3213,"[3000,3500[","[3000,4000[","[2000,4000[","[0,4000[","[0,10000[","[0,10000[",*
3214,"[3000,3500[","[3000,4000[","[2000,4000[","[0,4000[","[0,10000[","[0,10000[",*
3215,"[3000,3500[","[3000,4000[","[2000,4000[","[0,4000[","[0,10000[","[0,10000[",*
3216,"[3000,3500[","[3000,4000[","[2000,4000[","[0,4000[","[0,10000[","[0,10000[",*
3217,"[3000,3500[","[3000,4000[","[2000,4000[","[0,4000[","[0,10000[","[0,10000[",*
3219,"[3000,3500[","[3000,4000[","[2000,4000[","[0,4000[","[0,10000[","[0,10000[",*
3220,"[3000,3500[","[3000,4000[","[2000,4000[","[0,4000[","[0,10000[","[0,10000[",*
3221,"[3000,3500[","[3000,4000[","[2000,4000[","[0,4000[","[0,10000[","[0,10000[",*
3222,"[3000,3500[","[3000,4000[","[2000,4000[","[0,4000[","[0,10000[","[0,10000[",*
3224,"[3000,3500[","[3000,4000[","[2000,4000[","[0,4000[","[0,10000[","[0,10000[",*
3226,"[3000,3500[","[3000,4000[","[2000,4000[","[0,4000[","[0,10000[","[0,10000[",*
3228,"[3000,3500[","[3000,4000[","[2000,4000[","[0,4000[","[0,10000[","[0,10000[",*
3229,"[3000,3500[","[3000,4000[","[2000,4000[","[0,4000[","[0,10000[","[0,10000[",*
3230,"[3000,3500[","[3000,4000[","[2000,4000[","[0,4000[","[0,10000[","[0,10000[",*
3231,"[3000,3500[","[3000,4000[","[2000,4000[","[0,4000[","[0,10000[","[0,10000[",*
3232,"[3000,3500[","[3000,4000[","[2000,4000[","[0,4000[","[0,10000[","[0,10000[",*
3233,"[3000,3500[","[3000,4000[","[2000,4000[","[0,4000[","[0,10000[","[0,10000[",*
3234,"[3000,3500[","[3000,4000[","[2000,4000[","[0,4000[","[0,10000[","[0,10000[",*
3236,"[3000,3500[","[3000,4000[","[2000,4000[","[0,4000[","[0,10000[","[0,10000[",*
3237,"[3000,3500[","[3000,4000[","[2000,4000[","[0,4000[","[0,10000[","[0,10000[",*
3238,"[3000,3500[","[3000,4000[","[2000,4000[","[0,4000[","[0,10000[","[0,10000[",*
3239,"[3000,3500[","[3000,4000[","[2000,4000[","[0,4000[","[0,10000[","[0,10000[",*
3240,"[3000,3500[","[3000,4000[","[2000,4000[","[0,4000[","[0,10000[","[0,10000[",*
3241,"[3000,3500[","[3000,4000[","[2000,4000[","[0,4000[","[0,10000[","[0,10000[",*
3242,"[3000,3500[","[3000,4000[","[2000,4000[","[0,4000[","[0,10000[","[0,10000[",*
3243,"[3000,3500[","[3000,4000[","[2000,4000[","[0,4000[","[0,10000[","[0,10000[",*
3244,"[3000,3500[","[3000,4000[","[2000,4000[","[0,4000[","[0,10000[","[0,10000[",*
3246,"[3000,3500[","[3000,4000[","[2000,4000[","[0,4000[","[0,10000[","[0,10000[",*
3247,"[3000,3500[","[3000,4000[","[2000,4000[","[0,4000[","[0,10000[","[0,10000[",*
3249,"[3000,3500[","[3000,4000[","[2000,4000[","[0,4000[","[0,10000[","[0,10000[",*
3250,"[3000,3500[","[3000,4000[","[2000,4000[","[0,4000[","[0,10000[","[0,10000[",*
3252,"[3000,3500[","[3000,4000[","[2000,4000[","[0,4000[","[0,10000[","[0,10000[",*
3253,"[3000,3500[","[3000,4000[","[2000,4000[","[0,4000[","[0,10000[","[0,10000[",*
3254,"[3000,3500[","[3000,4000[","[2000,4000[","[0,4000[","[0,10000[","[0,10000[",*
3255,"[3000,3500[","[3000,4000[","[2000,4000[","[0,4000[","[0,10000[","[0,10000[",*
3257,"[3000,3500[","[3000,4000[","[2000,4000[","[0,4000[","[0,10000[","[0,10000[",*
3258,"[3000,3500[","[3000,4000[","[2000,4000[","[0,4000[","[0,10000[","[0,10000[",*
3259,"[3000,3500[","[3000,4000[","[2000,4000[","[0,4000[","[0,10000[","[0,10000[",*
3260,"[3000,3500[","[3000,4000[","[2000,4000[","[0,4000[","[0,10000[","[0,10000[",*
3261,"[3000,3500[","[3000,4000[","[2000,4000[","[0,4000[","[0,10000[","[0,10000[",*
3262,"[3000,3500[","[3000,4000[","[2000,4000[","[0,4000[","[0,10000[","[0,10000[",*
3263,"[3000,3500[","[3000,4000[","[2000,4000[","[0,4000[","[0,10000[","[0,10000[",*
3264,"[3000,3500[","[3000,4000[","[2000,4000[","[0,4000[","[0,10000[","[0,10000[",*
3266,"[3000,3500[","[3000,4000[","[2000,4000[","[0,4000[","[0,10000[","[0,10000[",*
3267,"[3000,3500[","[3000,4000[","[2000,4000[","[0,4000[","[0,10000[","[0,10000[",*
3268,"[3000,3500[","[3000,4000[","[2000,4000[","[0,4000[","[0,10000[","[0,10000[",*
3269,"[3000,3500[","[3000,4000[","[2000,4000[","[0,4000[","[0,10000[","[0,10000[",*
3270,"[3000,3500[","[3000,4000[","[2000,4000[","[0,4000[","[0,10000[","[0,10000[",*
3271,"[3000,3500[","[3000,4000[","[2000,4000[","[0,4000[","[0,10000[","[0,10000[",*
3274,"[3000,3500[","[3000,4000[","[2000,4000[","[0,4000[","[0,10000[","[0,10000[",*
3275,"[3000,3500[","[3000,4000[","[2000,4000[","[0,4000[","[0,10000[","[0,10000[",*
3276,"[3000,3500[","[3000,4000[","[2000,4000[","[0,4000[","[0,10000[","[0,10000[",*
3277,"[3000,3500[","[3000,4000[","[2000,4000[","[0,4000[","[0,10000[","[0,10000[",*
3278,"[3000,3500[","[3000,4000[","[2000,4000[","[0,4000[","[0,10000[","[0,10000[",*
3279,"[3000,3500[","[3000,4000[","[2000,4000[","[0,4000[","[0,10000[","[0,10000[",*
3280,"[3000,3500[","[3000,4000[","[2000,4000[","[0,4000[","[0,10000[","[0,10000[",*
3281,"[3000,3500[","[3000,4000[","[2000,4000[","[0,4000[","[0,10000[","[0,10000[",*
3282,"[3000,3500[","[3000,4000[","[2000,4000[","[0,4000[","[0,10000[","[0,10000[",*
3283,"[3000,3500[","[3000,4000[","[2000,4000[","[0,4000[","[0,10000[","[0,10000[",*
3284,"[3000,3500[","[3000,4000[","[2000,4000[","[0,4000[","[0,10000[","[0,10000[",*
3285,"[3000,3500[","[3000,4000[","[2000,4000[","[0,4000[","[0,10000[","[0,10000[",*
3286,"[3000,3500[","[3000,4000[","[2000,4000[","[0,4000[","[0,10000[","[0,10000[",*
3287,"[3000,3500[","[3000,4000[","[2000,4000[","[0,4000[","[0,10000[","[0,10000[",*
3288,"[3000,3500[","[3000,4000[","[2000,4000[","[0,4000[","[0,10000[","[0,10000[",*
3289,"[3000,3500[","[3000,4000[","[2000,4000[","[0,4000[","[0,10000[","[0,10000[",*
3290,"[3000,3500[","[3000,4000[","[2000,4000[","[0,4000[","[0,10000[","[0,10000[",*
3291,"[3000,3500[","[3000,4000[","[2000,4000[","[0,4000[","[0,10000[","[0,10000[",*
3293,"[3000,3500[","[3000,4000[","[2000,4000[","[0,4000[","[0,10000[","[0,10000[",*
3294,"[3000,3500[","[3000,4000[","[2000,4000[","[0,4000[","[0,10000[","[0,10000[",*
3295,"[3000,3500[","[3000,4000[","[2000,4000[","[0,4000[","[0,10000[","[0,10000[",*
3296,"[3000,3500[","[3000,4000[","[2000,4000[","[0,4000[","[0,10000[","[0,10000[",*
3297,"[3000,3500[","[3000,4000[","[2000,4000[","[0,4000[","[0,10000[","[0,10000[",*
3298,"[3000,3500[","[3000,4000[","[2000,4000[","[0,4000[","[0,10000[","[0,10000[",*
3300,"[3000,3500[","[3000,4000[","[2000,4000[","[0,4000[","[0,10000[","[0,10000[",*
3301,"[3000,3500[","[3000,4000[","[2000,4000[","[0,4000[","[0,10000[","[0,10000[",*
3302,"[3000,3500[","[3000,4000[","[2000,4000[","[0,4000[","[0,10000[","[0,10000[",*
3303,"[3000,3500[","[3000,4000[","[2000,4000[","[0,4000[","[0,10000[","[0,10000[",*
3304,"[3000,3500[","[3000,4000[","[2000,4000[","[0,4000[","[0,10000[","[0,10000[",*
3305,"[3000,3500[","[3000,4000[","[2000,4000[","[0,4000[","[0,10000[","[0,10000[",*
3307,"[3000,3500[","[3000,4000[","[2000,4000[","[0,4000[","[0,10000[","[0,10000[",*
3308,"[3000,3500[","[3000,4000[","[2000,4000[","[0,4000[","[0,10000[","[0,10000[",*
3309,"[3000,3500[","[3000,4000[","[2000,4000[","[0,4000[","[0,10000[","[0,10000[",*
3310,"[3000,3500[","[3000,4000[","[2000,4000[","[0,4000[","[0,10000[","[0,10000[",*
3311,"[3000,3500[","[3000,4000[","[2000,4000[","[0,4000[","[0,10000[","[0,10000[",*
3313,"[3000,3500[","[3000,4000[","[2000,4000[","[0,4000[","[0,10000[","[0,10000[",*
3314,"[3000,3500[","[3000,4000[","[2000,4000[","[0,4000[","[0,10000[","[0,10000[",*
3315,"[3000,3500[","[3000,4000[","[2000,4000[","[0,4000[","[0,10000[","[0,10000[",*
3316,"[3000,3500[","[3000,4000[","[2000,4000[","[0,4000[","[0,10000[","[0,10000[",*
3317,"[3000,3500[","[3000,4000[","[2000,4000[","[0,4000[","[0,10000[","[0,10000[",*
3321,"[3000,3500[","[3000,4000[","[2000,4000[","[0,4000[","[0,10000[","[0,10000[",*
3322,"[3000,3500[","[3000,4000[","[2000,4000[","[0,4000[","[0,10000[","[0,10000[",*
3323,"[3000,3500[","[3000,4000[","[2000,4000[","[0,4000[","[0,10000[","[0,10000[",*
3324,"[3000,3500[","[3000,4000[","[2000,4000[","[0,4000[","[0,10000[","[0,10000[",*
3326,"[3000,3500[","[3000,4000[","[2000,4000[","[0,4000[","[0,10000[","[0,10000[",*
3327,"[3000,3500[","[3000,4000[","[2000,4000[","[0,4000[","[0,10000[","[0,10000[",*
3329,"[3000,3500[","[3000,4000[","[2000,4000[","[0,4000[","[0,10000[","[0,10000[",*
3330,"[3000,3500[","[3000,4000[","[2000,4000[","[0,4000[","[0,10000[","[0,10000[",*
3331,"[3000,3500[","[3000,4000[","[2000,4000[","[0,4000[","[0,10000[","[0,10000[",*
3332,"[3000,3500[","[3000,4000[","[2000,4000[","[0,4000[","[0,10000[","[0,10000[",*
3333,"[3000,3500[","[3000,4000[","[2000,4000[","[0,4000[","[0,10000[","[0,10000[",*
3334,"[3000,3500[","[3000,4000[","[2000,4000[","[0,4000[","[0,10000[","[0,10000[",*
3335,"[3000,3500[","[3000,4000[","[2000,4000[","[0,4000[","[0,10000[","[0,10000[",*
3337,"[3000,3500[","[3000,4000[","[2000,4000[","[0,4000[","[0,10000[","[0,10000[",*
3338,"[3000,3500[","[3000,4000[","[2000,4000[","[0,4000[","[0,10000[","[0,10000[",*
3339,"[3000,3500[","[3000,4000[","[2000,4000[","[0,4000[","[0,10000[","[0,10000[",*
3340,"[3000,3500[","[3000,4000[","[2000,4000[","[0,4000[","[0,10000[","[0,10000[",*
3342,"[3000,3500[","[3000,4000[","[2000,4000[","[0,4000[","[0,10000[","[0,10000[",*
3343,"[3000,3500[","[3000,4000[","[2000,4000[","[0,4000[","[0,10000[","[0,10000[",*
3344,"[3000,3500[","[3000,4000[","[2000,4000[","[0,4000[","[0,10000[","[0,10000[",*
3345,"[3000,3500[","[3000,4000[","[2000,4000[","[0,4000[","[0,10000[","[0,10000[",*
3346,"[3000,3500[","[3000,4000[","[2000,4000[","[0,4000[","[0,10000[","[0,10000[",*
3347,"[3000,3500[","[3000,4000[","[2000,4000[","[0,4000[","[0,10000[","[0,10000[",*
3348,"[3000,3500[","[3000,4000[","[2000,4000[","[0,4000[","[0,10000[","[0,10000[",*
3349,"[3000,3500[","[3000,4000[","[2000,4000[","[0,4000[","[0,10000[","[0,10000[",*
3350,"[3000,3500[","[3000,4000[","[2000,4000[","[0,4000[","[0,10000[","[0,10000[",*
3352,"[3000,3500[","[3000,4000[","[2000,4000[","[0,4000[","[0,10000[","[0,10000[",*
3353,"[3000,3500[","[3000,4000[","[2000,4000[","[0,4000[","[0,10000[","[0,10000[",*
3354,"[3000,3500[","[3000,4000[","[2000,4000[","[0,4000[","[0,10000[","[0,10000[",*
3355,"[3000,3500[","[3000,4000[","[2000,4000[","[0,4000[","[0,10000[","[0,10000[",*
3357,"[3000,3500[","[3000,4000[","[2000,4000[","[0,4000[","[0,10000[","[0,10000[",*
3358,"[3000,3500[","[3000,4000[","[2000,4000[","[0,4000[","[0,10000[","[0,10000[",*
3360,"[3000,3500[","[3000,4000[","[2000,4000[","[0,4000[","[0,10000[","[0,10000[",*
3361,"[3000,3500[","[3000,4000[","[2000,4000[","[0,4000[","[0,10000[","[0,10000[",*
3362,"[3000,3500[","[3000,4000[","[2000,4000[","[0,4000[","[0,10000[","[0,10000[",*
3363,"[3000,3500[","[3000,4000[","[2000,4000[","[0,4000[","[0,10000[","[0,10000[",*
3364,"[3000,3500[","[3000,4000[","[2000,4000[","[0,4000[","[0,10000[","[0,10000[",*
3366,"[3000,3500[","[3000,4000[","[2000,4000[","[0,4000[","[0,10000[","[0,10000[",*
3367,"[3000,3500[","[3000,4000[","[2000,4000[","[0,4000[","[0,10000[","[0,10000[",*
3368,"[3000,3500[","[3000,4000[","[2000,4000[","[0,4000[","[0,10000[","[0,10000[",*
3369,"[3000,3500[","[3000,4000[","[2000,4000[","[0,4000[","[0,10000[","[0,10000[",*
3370,"[3000,3500[","[3000,4000[","[2000,4000[","[0,4000[","[0,10000[","[0,10000[",*
3371,"[3000,3500[","[3000,4000[","[2000,4000[","[0,4000[","[0,10000[","[0,10000[",*
3372,"[3000,3500[","[3000,4000[","[2000,4000[","[0,4000[","[0,10000[","[0,10000[",*
3373,"[3000,3500[","[3000,4000[","[2000,4000[","[0,4000[","[0,10000[","[0,10000[",*
3374,"[3000,3500[","[3000,4000[","[2000,4000[","[0,4000[","[0,10000[","[0,10000[",*
3376,"[3000,3500[","[3000,4000[","[2000,4000[","[0,4000[","[0,10000[","[0,10000[",*
3377,"[3000,3500[","[3000,4000[","[2000,4000[","[0,4000[","[0,10000[","[0,10000[",*
3379,"[3000,3500[","[3000,4000[","[2000,4000[","[0,4000[","[0,10000[","[0,10000[",*
3381,"[3000,3500[","[3000,4000[","[2000,4000[","[0,4000[","[0,10000[","[0,10000[",*
3382,"[3000,3500[","[3000,4000[","[2000,4000[","[0,4000[","[0,10000[","[0,10000[",*
3384,"[3000,3500[","[3000,4000[","[2000,4000[","[0,4000[","[0,10000[","[0,10000[",*
3386,"[3000,3500[","[3000,4000[","[2000,4000[","[0,4000[","[0,10000[","[0,10000[",*
3387,"[3000,3500[","[3000,4000[","[2000,4000[","[0,4000[","[0,10000[","[0,10000[",*
3388,"[3000,3500[","[3000,4000[","[2000,4000[","[0,4000[","[0,10000[","[0,10000[",*
3390,"[3000,3500[","[3000,4000[","[2000,4000[","[0,4000[","[0,10000[","[0,10000[",*
3391,"[3000,3500[","[3000,4000[","[2000,4000[","[0,4000[","[0,10000[","[0,10000[",*
3392,"[3000,3500[","[3000,4000[","[2000,4000[","[0,4000[","[0,10000[","[0,10000[",*
3394,"[3000,3500[","[3000,4000[","[2000,4000[","[0,4000[","[0,10000[","[0,10000[",*
3395,"[3000,3500[","[3000,4000[","[2000,4000[","[0,4000[","[0,10000[","[0,10000[",*
3396,"[3000,3500[","[3000,4000[","[2000,4000[","[0,4000[","[0,10000[","[0,10000[",*
3397,"[3000,3500[","[3000,4000[","[2000,4000[","[0,4000[","[0,10000[","[0,10000[",*
3398,"[3000,3500[","[3000,4000[","[2000,4000[","[0,4000[","[0,10000[","[0,10000[",*
3399,"[3000,3500[","[3000,4000[","[2000,4000[","[0,4000[","[0,10000[","[0,10000[",*
3400,"[3000,3500[","[3000,4000[","[2000,4000[","[0,4000[","[0,10000[","[0,10000[",*
3401,"[3000,3500[","[3000,4000[","[2000,4000[","[0,4000[","[0,10000[","[0,10000[",*
3402,"[3000,3500[","[3000,4000[","[2000,4000[","[0,4000[","[0,10000[","[0,10000[",*
3403,"[3000,3500[","[3000,4000[","[2000,4000[","[0,4000[","[0,10000[","[0,10000[",*
3404,"[3000,3500[","[3000,4000[","[2000,4000[","[0,4000[","[0,10000[","[0,10000[",*
3405,"[3000,3500[","[3000,4000[","[2000,4000[","[0,4000[","[0,10000[","[0,10000[",*
3406,"[3000,3500[","[3000,4000[","[2000,4000[","[0,4000[","[0,10000[","[0,10000[",*
3407,"[3000,3500[","[3000,4000[","[2000,4000[","[0,4000[","[0,10000[","[0,10000[",*
3409,"[3000,3500[","[3000,4000[","[2000,4000[","[0,4000[","[0,10000[","[0,10000[",*
3410,"[3000,3500[","[3000,4000[","[2000,4000[","[0,4000[","[0,10000[","[0,10000[",*
3411,"[3000,3500[","[3000,4000[","[2000,4000[","[0,4000[","[0,10000[","[0,10000[",*
3412,"[3000,3500[","[3000,4000[","[2000,4000[","[0,4000[","[0,10000[","[0,10000[",*
3413,"[3000,3500[","[3000,4000[","[2000,4000[","[0,4000[","[0,10000[","[0,10000[",*
3414,"[3000,3500[","[3000,4000[","[2000,4000[","[0,4000[","[0,10000[","[0,10000[",*
3415,"[3000,3500[","[3000,4000[","[2000,4000[","[0,4000[","[0,10000[","[0,10000[",*
3417,"[3000,3500[","[3000,4000[","[2000,4000[","[0,4000[","[0,10000[","[0,10000[",*
3418,"[3000,3500[","[3000,4000[","[2000,4000[","[0,4000[","[0,10000[","[0,10000[",*
3419,"[3000,3500[","[3000,4000[","[2000,4000[","[0,4000[","[0,10000[","[0,10000[",*
3420,"[3000,3500[","[3000,4000[","[2000,4000[","[0,4000[","[0,10000[","[0,10000[",*
3421,"[3000,3500[","[3000,4000[","[2000,4000[","[0,4000[","[0,10000[","[0,10000[",*
3422,"[3000,3500[","[3000,4000[","[2000,4000[","[0,4000[","[0,10000[","[0,10000[",*
3423,"[3000,3500[","[3000,4000[","[2000,4000[","[0,4000[","[0,10000[","[0,10000[",*
3426,"[3000,3500[","[3000,4000[","[2000,4000[","[0,4000[","[0,10000[","[0,10000[",*
3427,"[3000,3500[","[3000,4000[","[2000,4000[","[0,4000[","[0,10000[","[0,10000[",*
3428,"[3000,3500[","[3000,4000[","[2000,4000[","[0,4000[","[0,10000[","[0,10000[",*
3429,"[3000,3500[","[3000,4000[","[2000,4000[","[0,4000[","[0,10000[","[0,10000[",*
3430,"[3000,3500[","[3000,4000[","[2000,4000[","[0,4000[","[0,10000[","[0,10000[",*
3431,"[3000,3500[","[3000,4000[","[2000,4000[","[0,4000[","[0,10000[","[0,10000[",*
3432,"[3000,3500[","[3000,4000[","[2000,4000[","[0,4000[","[0,10000[","[0,10000[",*
3433,"[3000,3500[","[3000,4000[","[2000,4000[","[0,4000[","[0,10000[","[0,10000[",*
3434,"[3000,3500[","[3000,4000[","[2000,4000[","[0,4000[","[0,10000[","[0,10000[",*
3436,"[3000,3500[","[3000,4000[","[2000,4000[","[0,4000[","[0,10000[","[0,10000[",*
3438,"[3000,3500[","[3000,4000[","[2000,4000[","[0,4000[","[0,10000[","[0,10000[",*
3440,"[3000,3500[","[3000,4000[","[2000,4000[","[0,4000[","[0,10000[","[0,10000[",*
3442,"[3000,3500[","[3000,4000[","[2000,4000[","[0,4000[","[0,10000[","[0,10000[",*
3443,"[3000,3500[","[3000,4000[","[2000,4000[","[0,4000[","[0,10000[","[0,10000[",*
3444,"[3000,3500[","[3000,4000[","[2000,4000[","[0,4000[","[0,10000[","[0,10000[",*
3445,"[3000,3500[","[3000,4000[","[2000,4000[","[0,4000[","[0,10000[","[0,10000[",*
3446,"[3000,3500[","[3000,4000[","[2000,4000[","[0,4000[","[0,10000[","[0,10000[",*
3450,"[3000,3500[","[3000,4000[","[2000,4000[","[0,4000[","[0,10000[","[0,10000[",*
3451,"[3000,3500[","[3000,4000[","[2000,4000[","[0,4000[","[0,10000[","[0,10000[",*
3452,"[3000,3500[","[3000,4000[","[2000,4000[","[0,4000[","[0,10000[","[0,10000[",*
3455,"[3000,3500[","[3000,4000[","[2000,4000[","[0,4000[","[0,10000[","[0,10000[",*
3456,"[3000,3500[","[3000,4000[","[2000,4000[","[0,4000[","[0,10000[","[0,10000[",*
3457,"[3000,3500[","[3000,4000[","[2000,4000[","[0,4000[","[0,10000[","[0,10000[",*
3458,"[3000,3500[","[3000,4000[","[2000,4000[","[0,4000[","[0,10000[","[0,10000[",*
3459,"[3000,3500[","[3000,4000[","[2000,4000[","[0,4000[","[0,10000[","[0,10000[",*
3460,"[3000,3500[","[3000,4000[","[2000,4000[","[0,4000[","[0,10000[","[0,10000[",*
3461,"[3000,3500[","[3000,4000[","[2000,4000[","[0,4000[","[0,10000[","[0,10000[",*
3462,"[3000,3500[","[3000,4000[","[2000,4000[","[0,4000[","[0,10000[","[0,10000[",*
3463,"[3000,3500[","[3000,4000[","[2000,4000[","[0,4000[","[0,10000[","[0,10000[",*
3465,"[3000,3500[","[3000,4000[","[2000,4000[","[0,4000[","[0,10000[","[0,10000[",*
3466,"[3000,3500[","[3000,4000[","[2000,4000[","[0,4000[","[0,10000[","[0,10000[",*
3467,"[3000,3500[","[3000,4000[","[2000,4000[","[0,4000[","[0,10000[","[0,10000[",*
3468,"[3000,3500[","[3000,4000[","[2000,4000[","[0,4000[","[0,10000[","[0,10000[",*
3469,"[3000,3500[","[3000,4000[","[2000,4000[","[0,4000[","[0,10000[","[0,10000[",*
3470,"[3000,3500[","[3000,4000[","[2000,4000[","[0,4000[","[0,10000[","[0,10000[",*
3471,"[3000,3500[","[3000,4000[","[2000,4000[","[0,4000[","[0,10000[","[0,10000[",*
3472,"[3000,3500[","[3000,4000[","[2000,4000[","[0,4000[","[0,10000[","[0,10000[",*
3473,"[3000,3500[","[3000,4000[","[2000,4000[","[0,4000[","[0,10000[","[0,10000[",*
3478,"[3000,3500[","[3000,4000[","[2000,4000[","[0,4000[","[0,10000[","[0,10000[",*
3480,"[3000,3500[","[3000,4000[","[2000,4000[","[0,4000[","[0,10000[","[0,10000[",*
3481,"[3000,3500[","[3000,4000[","[2000,4000[","[0,4000[","[0,10000[","[0,10000[",*
3485,"[3000,3500[","[3000,4000[","[2000,4000[","[0,4000[","[0,10000[","[0,10000[",*
3486,"[3000,3500[","[3000,4000[","[2000,4000[","[0,4000[","[0,10000[","[0,10000[",*
3487,"[3000,3500[","[3000,4000[","[2000,4000[","[0,4000[","[0,10000[","[0,10000[",*
3490,"[3000,3500[","[3000,4000[","[2000,4000[","[0,4000[","[0,10000[","[0,10000[",*
3492,"[3000,3500[","[3000,4000[","[2000,4000[","[0,4000[","[0,10000[","[0,10000[",*
3493,"[3000,3500[","[3000,4000[","[2000,4000[","[0,4000[","[0,10000[","[0,10000[",*
3494,"[3000,3500[","[3000,4000[","[2000,4000[","[0,4000[","[0,10000[","[0,10000[",*
3495,"[3000,3500[","[3000,4000[","[2000,4000[","[0,4000[","[0,10000[","[0,10000[",*
3496,"[3000,3500[","[3000,4000[","[2000,4000[","[0,4000[","[0,10000[","[0,10000[",*
3498,"[3000,3500[","[3000,4000[","[2000,4000[","[0,4000[","[0,10000[","[0,10000[",*
3499,"[3000,3500[","[3000,4000[","[2000,4000[","[0,4000[","[0,10000[","[0,10000[",*
3500,"[3500,4000[","[3000,4000[","[2000,4000[","[0,4000[","[0,10000[","[0,10000[",*
3501,"[3500,4000[","[3000,4000[","[2000,4000[","[0,4000[","[0,10000[","[0,10000[",*
3503,"[3500,4000[","[3000,4000[","[2000,4000[","[0,4000[","[0,10000[","[0,10000[",*
3504,"[3500,4000[","[3000,4000[","[2000,4000[","[0,4000[","[0,10000[","[0,10000[",*
3505,"[3500,4000[","[3000,4000[","[2000,4000[","[0,4000[","[0,10000[","[0,10000[",*
3507,"[3500,4000[","[3000,4000[","[2000,4000[","[0,4000[","[0,10000[","[0,10000[",*
3508,"[3500,4000[","[3000,4000[","[2000,4000[","[0,4000[","[0,10000[","[0,10000[",*
3510,"[3500,4000[","[3000,4000[","[2000,4000[","[0,4000[","[0,10000[","[0,10000[",*
3511,"[3500,4000[","[3000,4000[","[2000,4000[","[0,4000[","[0,10000[","[0,10000[",*
3512,"[3500,4000[","[3000,4000[","[2000,4000[","[0,4000[","[0,10000[","[0,10000[",*
3514,"[3500,4000[","[3000,4000[","[2000,4000[","[0,4000[","[0,10000[","[0,10000[",*
3516,"[3500,4000[","[3000,4000[","[2000,4000[","[0,4000[","[0,10000[","[0,10000[",*
3517,"[3500,4000[","[3000,4000[","[2000,4000[","[0,4000[","[0,10000[","[0,10000[",*
3518,"[3500,4000[","[3000,4000[","[2000,4000[","[0,4000[","[0,10000[","[0,10000[",*
3519,"[3500,4000[","[3000,4000[","[2000,4000[","[0,4000[","[0,10000[","[0,10000[",*
3520,"[3500,4000[","[3000,4000[","[2000,4000[","[0,4000[","[0,10000[","[0,10000[",*
3524,"[3500,4000[","[3000,4000[","[2000,4000[","[0,4000[","[0,10000[","[0,10000[",*
3527,"[3500,4000[","[3000,4000[","[2000,4000[","[0,4000[","[0,10000[","[0,10000[",*
3528,"[3500,4000[","[3000,4000[","[2000,4000[","[0,4000[","[0,10000[","[0,10000[",*
3529,"[3500,4000[","[3000,4000[","[2000,4000[","[0,4000[","[0,10000[","[0,10000[",*
3530,"[3500,4000[","[3000,4000[","[2000,4000[","[0,4000[","[0,10000[","[0,10000[",*
3531,"[3500,4000[","[3000,4000[","[2000,4000[","[0,4000[","[0,10000[","[0,10000[",*
3532,"[3500,4000[","[3000,4000[","[2000,4000[","[0,4000[","[0,10000[","[0,10000[",*
3533,"[3500,4000[","[3000,4000[","[2000,4000[","[0,4000[","[0,10000[","[0,10000[",*
3534,"[3500,4000[","[3000,4000[","[2000,4000[","[0,4000[","[0,10000[","[0,10000[",*
3536,"[3500,4000[","[3000,4000[","[2000,4000[","[0,4000[","[0,10000[","[0,10000[",*
3537,"[3500,4000[","[3000,4000[","[2000,4000[","[0,4000[","[0,10000[","[0,10000[",*
3538,"[3500,4000[","[3000,4000[","[2000,4000[","[0,4000[","[0,10000[","[0,10000[",*
3540,"[3500,4000[","[3000,4000[","[2000,4000[","[0,4000[","[0,10000[","[0,10000[",*
3542,"[3500,4000[","[3000,4000[","[2000,4000[","[0,4000[","[0,10000[","[0,10000[",*
3544,"[3500,4000[","[3000,4000[","[2000,4000[","[0,4000[","[0,10000[","[0,10000[",*
3545,"[3500,4000[","[3000,4000[","[2000,4000[","[0,4000[","[0,10000[","[0,10000[",*
3546,"[3500,4000[","[3000,4000[","[2000,4000[","[0,4000[","[0,10000[","[0,10000[",*
3547,"[3500,4000[","[3000,4000[","[2000,4000[","[0,4000[","[0,10000[","[0,10000[",*
3549,"[3500,4000[","[3000,4000[","[2000,4000[","[0,4000[","[0,10000[","[0,10000[",*
3550,"[3500,4000[","[3000,4000[","[2000,4000[","[0,4000[","[0,10000[","[0,10000[",*
3551,"[3500,4000[","[3000,4000[","[2000,4000[","[0,4000[","[0,10000[","[0,10000[",*
3552,"[3500,4000[","[3000,4000[","[2000,4000[","[0,4000[","[0,10000[","[0,10000[",*
3554,"[3500,4000[","[3000,4000[","[2000,4000[","[0,4000[","[0,10000[","[0,10000[",*
3556,"[3500,4000[","[3000,4000[","[2000,4000[","[0,4000[","[0,10000[","[0,10000[",*
3557,"[3500,4000[","[3000,4000[","[2000,4000[","[0,4000[","[0,10000[","[0,10000[",*
3558,"[3500,4000[","[3000,4000[","[2000,4000[","[0,4000[","[0,10000[","[0,10000[",*
3559,"[3500,4000[","[3000,4000[","[2000,4000[","[0,4000[","[0,10000[","[0,10000[",*
3560,"[3500,4000[","[3000,4000[","[2000,4000[","[0,4000[","[0,10000[","[0,10000[",*
3561,"[3500,4000[","[3000,4000[","[2000,4000[","[0,4000[","[0,10000[","[0,10000[",*
3562,"[3500,4000[","[3000,4000[","[2000,4000[","[0,4000[","[0,10000[","[0,10000[",*
3563,"[3500,4000[","[3000,4000[","[2000,4000[","[0,4000[","[0,10000[","[0,10000[",*
3564,"[3500,4000[","[3000,4000[","[2000,4000[","[0,4000[","[0,10000[","[0,10000[",*
3567,"[3500,4000[","[3000,4000[","[2000,4000[","[0,4000[","[0,10000[","[0,10000[",*
3568,"[3500,4000[","[3000,4000[","[2000,4000[","[0,4000[","[0,10000[","[0,10000[",*
3570,"[3500,4000[","[3000,4000[","[2000,4000[","[0,4000[","[0,10000[","[0,10000[",*
3571,"[3500,4000[","[3000,4000[","[2000,4000[","[0,4000[","[0,10000[","[0,10000[",*
3572,"[3500,4000[","[3000,4000[","[2000,4000[","[0,4000[","[0,10000[","[0,10000[",*
3573,"[3500,4000[","[3000,4000[","[2000,4000[","[0,4000[","[0,10000[","[0,10000[",*
3574,"[3500,4000[","[3000,4000[","[2000,4000[","[0,4000[","[0,10000[","[0,10000[",*
3575,"[3500,4000[","[3000,4000[","[2000,4000[","[0,4000[","[0,10000[","[0,10000[",*
3576,"[3500,4000[","[3000,4000[","[2000,4000[","[0,4000[","[0,10000[","[0,10000[",*
3577,"[3500,4000[","[3000,4000[","[2000,4000[","[0,4000[","[0,10000[","[0,10000[",*
3578,"[3500,4000[","[3000,4000[","[2000,4000[","[0,4000[","[0,10000[","[0,10000[",*
3579,"[3500,4000[","[3000,4000[","[2000,4000[","[0,4000[","[0,10000[","[0,10000[",*
3583,"[3500,4000[","[3000,4000[","[2000,4000[","[0,4000[","[0,10000[","[0,10000[",*
3584,"[3500,4000[","[3000,4000[","[2000,4000[","[0,4000[","[0,10000[","[0,10000[",*
3585,"[3500,4000[","[3000,4000[","[2000,4000[","[0,4000[","[0,10000[","[0,10000[",*
3586,"[3500,4000[","[3000,4000[","[2000,4000[","[0,4000[","[0,10000[","[0,10000[",*
3587,"[3500,4000[","[3000,4000[","[2000,4000[","[0,4000[","[0,10000[","[0,10000[",*
3588,"[3500,4000[","[3000,4000[","[2000,4000[","[0,4000[","[0,10000[","[0,10000[",*
3589,"[3500,4000[","[3000,4000[","[2000,4000[","[0,4000[","[0,10000[","[0,10000[",*
3590,"[3500,4000[","[3000,4000[","[2000,4000[","[0,4000[","[0,10000[","[0,10000[",*
3591,"[3500,4000[","[3000,4000[","[2000,4000[","[0,4000[","[0,10000[","[0,10000[",*
3594,"[3500,4000[","[3000,4000[","[2000,4000[","[0,4000[","[0,10000[","[0,10000[",*
3595,"[3500,4000[","[3000,4000[","[2000,4000[","[0,4000[","[0,10000[","[0,10000[",*
3598,"[3500,4000[","[3000,4000[","[2000,4000[","[0,4000[","[0,10000[","[0,10000[",*
3601,"[3500,4000[","[3000,4000[","[2000,4000[","[0,4000[","[0,10000[","[0,10000[",*
3603,"[3500,4000[","[3000,4000[","[2000,4000[","[0,4000[","[0,10000[","[0,10000[",*
3604,"[3500,4000[","[3000,4000[","[2000,4000[","[0,4000[","[0,10000[","[0,10000[",*
3605,"[3500,4000[","[3000,4000[","[2000,4000[","[0,4000[","[0,10000[","[0,10000[",*
3608,"[3500,4000[","[3000,4000[","[2000,4000[","[0,4000[","[0,10000[","[0,10000[",*
3610,"[3500,4000[","[3000,4000[","[2000,4000[","[0,4000[","[0,10000[","[0,10000[",*
3611,"[3500,4000[","[3000,4000[","[2000,4000[","[0,4000[","[0,10000[","[0,10000[",*
3612,"[3500,4000[","[3000,4000[","[2000,4000[","[0,4000[","[0,10000[","[0,10000[",*
3615,"[3500,4000[","[3000,4000[","[2000,4000[","[0,4000[","[0,10000[","[0,10000[",*
3616,"[3500,4000[","[3000,4000[","[2000,4000[","[0,4000[","[0,10000[","[0,10000[",*
3620,"[3500,4000[","[3000,4000[","[2000,4000[","[0,4000[","[0,10000[","[0,10000[",*
3622,"[3500,4000[","[3000,4000[","[2000,4000[","[0,4000[","[0,10000[","[0,10000[",*
3623,"[3500,4000[","[3000,4000[","[2000,4000[","[0,4000[","[0,10000[","[0,10000[",*
3624,"[3500,4000[","[3000,4000[","[2000,4000[","[0,4000[","[0,10000[","[0,10000[",*
3625,"[3500,4000[","[3000,4000[","[2000,4000[","[0,4000[","[0,10000[","[0,10000[",*
3626,"[3500,4000[","[3000,4000[","[2000,4000[","[0,4000[","[0,10000[","[0,10000[",*
3628,"[3500,4000[","[3000,4000[","[2000,4000[","[0,4000[","[0,10000[","[0,10000[",*
3629,"[3500,4000[","[3000,4000[","[2000,4000[","[0,4000[","[0,10000[","[0,10000[",*
3630,"[3500,4000[","[3000,4000[","[2000,4000[","[0,4000[","[0,10000[","[0,10000[",*
3632,"[3500,4000[","[3000,4000[","[2000,4000[","[0,4000[","[0,10000[","[0,10000[",*
3634,"[3500,4000[","[3000,4000[","[2000,4000[","[0,4000[","[0,10000[","[0,10000[",*
3635,"[3500,4000[","[3000,4000[","[2000,4000[","[0,4000[","[0,10000[","[0,10000[",*
3636,"[3500,4000[","[3000,4000[","[2000,4000[","[0,4000[","[0,10000[","[0,10000[",*
3638,"[3500,4000[","[3000,4000[","[2000,4000[","[0,4000[","[0,10000[","[0,10000[",*
3640,"[3500,4000[","[3000,4000[","[2000,4000[","[0,4000[","[0,10000[","[0,10000[",*
3641,"[3500,4000[","[3000,4000[","[2000,4000[","[0,4000[","[0,10000[","[0,10000[",*
3643,"[3500,4000[","[3000,4000[","[2000,4000[","[0,4000[","[0,10000[","[0,10000[",*
3644,"[3500,4000[","[3000,4000[","[2000,4000[","[0,4000[","[0,10000[","[0,10000[",*
3646,"[3500,4000[","[3000,4000[","[2000,4000[","[0,4000[","[0,10000[","[0,10000[",*
3648,"[3500,4000[","[3000,4000[","[2000,4000[","[0,4000[","[0,10000[","[0,10000[",*
3649,"[3500,4000[","[3000,4000[","[2000,4000[","[0,4000[","[0,10000[","[0,10000[",*
3651,"[3500,4000[","[3000,4000[","[2000,4000[","[0,4000[","[0,10000[","[0,10000[",*
3652,"[3500,4000[","[3000,4000[","[2000,4000[","[0,4000[","[0,10000[","[0,10000[",*
3653,"[3500,4000[","[3000,4000[","[2000,4000[","[0,4000[","[0,10000[","[0,10000[",*
3654,"[3500,4000[","[3000,4000[","[2000,4000[","[0,4000[","[0,10000[","[0,10000[",*
3655,"[3500,4000[","[3000,4000[","[2000,4000[","[0,4000[","[0,10000[","[0,10000[",*
3656,"[3500,4000[","[3000,4000[","[2000,4000[","[0,4000[","[0,10000[","[0,10000[",*
3657,"[3500,4000[","[3000,4000[","[2000,4000[","[0,4000[","[0,10000[","[0,10000[",*
3658,"[3500,4000[","[3000,4000[","[2000,4000[","[0,4000[","[0,10000[","[0,10000[",*
3659,"[3500,4000[","[3000,4000[","[2000,4000[","[0,4000[","[0,10000[","[0,10000[",*
3662,"[3500,4000[","[3000,4000[","[2000,4000[","[0,4000[","[0,10000[","[0,10000[",*
3663,"[3500,4000[","[3000,4000[","[2000,4000[","[0,4000[","[0,10000[","[0,10000[",*
3664,"[3500,4000[","[3000,4000[","[2000,4000[","[0,4000[","[0,10000[","[0,10000[",*
3665,"[3500,4000[","[3000,4000[","[2000,4000[","[0,4000[","[0,10000[","[0,10000[",*
3669,"[3500,4000[","[3000,4000[","[2000,4000[","[0,4000[","[0,10000[","[0,10000[",*
3670,"[3500,4000[","[3000,4000[","[2000,4000[","[0,4000[","[0,10000[","[0,10000[",*
3671,"[3500,4000[","[3000,4000[","[2000,4000[","[0,4000[","[0,10000[","[0,10000[",*
3672,"[3500,4000[","[3000,4000[","[2000,4000[","[0,4000[","[0,10000[","[0,10000[",*
3674,"[3500,4000[","[3000,4000[","[2000,4000[","[0,4000[","[0,10000[","[0,10000[",*
3675,"[3500,4000[","[3000,4000[","[2000,4000[","[0,4000[","[0,10000[","[0,10000[",*
3676,"[3500,4000[","[3000,4000[","[2000,4000[","[0,4000[","[0,10000[","[0,10000[",*
3677,"[3500,4000[","[3000,4000[","[2000,4000[","[0,4000[","[0,10000[","[0,10000[",*
3679,"[3500,4000[","[3000,4000[","[2000,4000[","[0,4000[","[0,10000[","[0,10000[",*
3680,"[3500,4000[","[3000,4000[","[2000,4000[","[0,4000[","[0,10000[","[0,10000[",*
3681,"[3500,4000[","[3000,4000[","[2000,4000[","[0,4000[","[0,10000[","[0,10000[",*
3684,"[3500,4000[","[3000,4000[","[2000,4000[","[0,4000[","[0,10000[","[0,10000[",*
3685,"[3500,4000[","[3000,4000[","[2000,4000[","[0,4000[","[0,10000[","[0,10000[",*
3687,"[3500,4000[","[3000,4000[","[2000,4000[","[0,4000[","[0,10000[","[0,10000[",*
3688,"[3500,4000[","[3000,4000[","[2000,4000[","[0,4000[","[0,10000[","[0,10000[",*
3689,"[3500,4000[","[3000,4000[","[2000,4000[","[0,4000[","[0,10000[","[0,10000[",*
3690,"[3500,4000[","[3000,4000[","[2000,4000[","[0,4000[","[0,10000[","[0,10000[",*
3693,"[3500,4000[","[3000,4000[","[2000,4000[","[0,4000[","[0,10000[","[0,10000[",*
3694,"[3500,4000[","[3000,4000[","[2000,4000[","[0,4000[","[0,10000[","[0,10000[",*
3695,"[3500,4000[","[3000,4000[","[2000,4000[","[0,4000[","[0,10000[","[0,10000[",*
3696,"[3500,4000[","[3000,4000[","[2000,4000[","[0,4000[","[0,10000[","[0,10000[",*
3698,"[3500,4000[","[3000,4000[","[2000,4000[","[0,4000[","[0,10000[","[0,10000[",*
3700,"[3500,4000[","[3000,4000[","[2000,4000[","[0,4000[","[0,10000[","[0,10000[",*
3701,"[3500,4000[","[3000,4000[","[2000,4000[","[0,4000[","[0,10000[","[0,10000[",*
3702,"[3500,4000[","[3000,4000[","[2000,4000[","[0,4000[","[0,10000[","[0,10000[",*
3703,"[3500,4000[","[3000,4000[","[2000,4000[","[0,4000[","[0,10000[","[0,10000[",*
3704,"[3500,4000[","[3000,4000[","[2000,4000[","[0,4000[","[0,10000[","[0,10000[",*
3705,"[3500,4000[","[3000,4000[","[2000,4000[","[0,4000[","[0,10000[","[0,10000[",*
3706,"[3500,4000[","[3000,4000[","[2000,4000[","[0,4000[","[0,10000[","[0,10000[",*
3708,"[3500,4000[","[3000,4000[","[2000,4000[","[0,4000[","[0,10000[","[0,10000[",*
3710,"[3500,4000[","[3000,4000[","[2000,4000[","[0,4000[","[0,10000[","[0,10000[",*
3711,"[3500,4000[","[3000,4000[","[2000,4000[","[0,4000[","[0,10000[","[0,10000[",*
3713,"[3500,4000[","[3000,4000[","[2000,4000[","[0,4000[","[0,10000[","[0,10000[",*
3714,"[3500,4000[","[3000,4000[","[2000,4000[","[0,4000[","[0,10000[","[0,10000[",*
3715,"[3500,4000[","[3000,4000[","[2000,4000[","[0,4000[","[0,10000[","[0,10000[",*
3717,"[3500,4000[","[3000,4000[","[2000,4000[","[0,4000[","[0,10000[","[0,10000[",*
3718,"[3500,4000[","[3000,4000[","[2000,4000[","[0,4000[","[0,10000[","[0,10000[",*
3720,"[3500,4000[","[3000,4000[","[2000,4000[","[0,4000[","[0,10000[","[0,10000[",*
3721,"[3500,4000[","[3000,4000[","[2000,4000[","[0,4000[","[0,10000[","[0,10000[",*
3722,"[3500,4000[","[3000,4000[","[2000,4000[","[0,4000[","[0,10000[","[0,10000[",*
3723,"[3500,4000[","[3000,4000[","[2000,4000[","[0,4000[","[0,10000[","[0,10000[",*
3724,"[3500,4000[","[3000,4000[","[2000,4000[","[0,4000[","[0,10000[","[0,10000[",*
3726,"[3500,4000[","[3000,4000[","[2000,4000[","[0,4000[","[0,10000[","[0,10000[",*
3727,"[3500,4000[","[3000,4000[","[2000,4000[","[0,4000[","[0,10000[","[0,10000[",*
3728,"[3500,4000[","[3000,4000[","[2000,4000[","[0,4000[","[0,10000[","[0,10000[",*
3729,"[3500,4000[","[3000,4000[","[2000,4000[","[0,4000[","[0,10000[","[0,10000[",*
3730,"[3500,4000[","[3000,4000[","[2000,4000[","[0,4000[","[0,10000[","[0,10000[",*
3732,"[3500,4000[","[3000,4000[","[2000,4000[","[0,4000[","[0,10000[","[0,10000[",*
3733,"[3500,4000[","[3000,4000[","[2000,4000[","[0,4000[","[0,10000[","[0,10000[",*
3735,"[3500,4000[","[3000,4000[","[2000,4000[","[0,4000[","[0,10000[","[0,10000[",*
3736,"[3500,4000[","[3000,4000[","[2000,4000[","[0,4000[","[0,10000[","[0,10000[",*
3737,"[3500,4000[","[3000,4000[","[2000,4000[","[0,4000[","[0,10000[","[0,10000[",*
3738,"[3500,4000[","[3000,4000[","[2000,4000[","[0,4000[","[0,10000[","[0,10000[",*
3739,"[3500,4000[","[3000,4000[","[2000,4000[","[0,4000[","[0,10000[","[0,10000[",*
3740,"[3500,4000[","[3000,4000[","[2000,4000[","[0,4000[","[0,10000[","[0,10000[",*
3743,"[3500,4000[","[3000,4000[","[2000,4000[","[0,4000[","[0,10000[","[0,10000[",*
3744,"[3500,4000[","[3000,4000[","[2000,4000[","[0,4000[","[0,10000[","[0,10000[",*
3745,"[3500,4000[","[3000,4000[","[2000,4000[","[0,4000[","[0,10000[","[0,10000[",*
3748,"[3500,4000[","[3000,4000[","[2000,4000[","[0,4000[","[0,10000[","[0,10000[",*
3749,"[3500,4000[","[3000,4000[","[2000,4000[","[0,4000[","[0,10000[","[0,10000[",*
3750,"[3500,4000[","[3000,4000[","[2000,4000[","[0,4000[","[0,10000[","[0,10000[",*
3751,"[3500,4000[","[3000,4000[","[2000,4000[","[0,4000[","[0,10000[","[0,10000[",*
3752,"[3500,4000[","[3000,4000[","[2000,4000[","[0,4000[","[0,10000[","[0,10000[",*
3753,"[3500,4000[","[3000,4000[","[2000,4000[","[0,4000[","[0,10000[","[0,10000[",*
3754,"[3500,4000[","[3000,4000[","[2000,4000[","[0,4000[","[0,10000[","[0,10000[",*
3756,"[3500,4000[","[3000,4000[","[2000,4000[","[0,4000[","[0,10000[","[0,10000[",*
3759,"[3500,4000[","[3000,4000[","[2000,4000[","[0,4000[","[0,10000[","[0,10000[",*
3760,"[3500,4000[","[3000,4000[","[2000,4000[","[0,4000[","[0,10000[","[0,10000[",*
3761,"[3500,4000[","[3000,4000[","[2000,4000[","[0,4000[","[0,10000[","[0,10000[",*
3762,"[3500,4000[","[3000,4000[","[2000,4000[","[0,4000[","[0,10000[","[0,10000[",*
3763,"[3500,4000[","[3000,4000[","[2000,4000[","[0,4000[","[0,10000[","[0,10000[",*
3764,"[3500,4000[","[3000,4000[","[2000,4000[","[0,4000[","[0,10000[","[0,10000[",*
3765,"[3500,4000[","[3000,4000[","[2000,4000[","[0,4000[","[0,10000[","[0,10000[",*
3766,"[3500,4000[","[3000,4000[","[2000,4000[","[0,4000[","[0,10000[","[0,10000[",*
3767,"[3500,4000[","[3000,4000[","[2000,4000[","[0,4000[","[0,10000[","[0,10000[",*
3768,"[3500,4000[","[3000,4000[","[2000,4000[","[0,4000[","[0,10000[","[0,10000[",*
3769,"[3500,4000[","[3000,4000[","[2000,4000[","[0,4000[","[0,10000[","[0,10000[",*
3770,"[3500,4000[","[3000,4000[","[2000,4000[","[0,4000[","[0,10000[","[0,10000[",*
3771,"[3500,4000[","[3000,4000[","[2000,4000[","[0,4000[","[0,10000[","[0,10000[",*
3773,"[3500,4000[","[3000,4000[","[2000,4000[","[0,4000[","[0,10000[","[0,10000[",*
3774,"[3500,4000[","[3000,4000[","[2000,4000[","[0,4000[","[0,10000[","[0,10000[",*
3776,"[3500,4000[","[3000,4000[","[2000,4000[","[0,4000[","[0,10000[","[0,10000[",*
3777,"[3500,4000[","[3000,4000[","[2000,4000[","[0,4000[","[0,10000[","[0,10000[",*
3778,"[3500,4000[","[3000,4000[","[2000,4000[","[0,4000[","[0,10000[","[0,10000[",*
3779,"[3500,4000[","[3000,4000[","[2000,4000[","[0,4000[","[0,10000[","[0,10000[",*
3780,"[3500,4000[","[3000,4000[","[2000,4000[","[0,4000[","[0,10000[","[0,10000[",*
3782,"[3500,4000[","[3000,4000[","[2000,4000[","[0,4000[","[0,10000[","[0,10000[",*
3783,"[3500,4000[","[3000,4000[","[2000,4000[","[0,4000[","[0,10000[","[0,10000[",*
3784,"[3500,4000[","[3000,4000[","[2000,4000[","[0,4000[","[0,10000[","[0,10000[",*
3786,"[3500,4000[","[3000,4000[","[2000,4000[","[0,4000[","[0,10000[","[0,10000[",*
3790,"[3500,4000[","[3000,4000[","[2000,4000[","[0,4000[","[0,10000[","[0,10000[",*
3791,"[3500,4000[","[3000,4000[","[2000,4000[","[0,4000[","[0,10000[","[0,10000[",*
3792,"[3500,4000[","[3000,4000[","[2000,4000[","[0,4000[","[0,10000[","[0,10000[",*
3794,"[3500,4000[","[3000,4000[","[2000,4000[","[0,4000[","[0,10000[","[0,10000[",*
3795,"[3500,4000[","[3000,4000[","[2000,4000[","[0,4000[","[0,10000[","[0,10000[",*
3796,"[3500,4000[","[3000,4000[","[2000,4000[","[0,4000[","[0,10000[","[0,10000[",*
3797,"[3500,4000[","[3000,4000[","[2000,4000[","[0,4000[","[0,10000[","[0,10000[",*
3798,"[3500,4000[","[3000,4000[","[2000,4000[","[0,4000[","[0,10000[","[0,10000[",*
3800,"[3500,4000[","[3000,4000[","[2000,4000[","[0,4000[","[0,10000[","[0,10000[",*
3803,"[3500,4000[","[3000,4000[","[2000,4000[","[0,4000[","[0,10000[","[0,10000[",*
3805,"[3500,4000[","[3000,4000[","[2000,4000[","[0,4000[","[0,10000[","[0,10000[",*
3806,"[3500,4000[","[3000,4000[","[2000,4000[","[0,4000[","[0,10000[","[0,10000[",*
3809,"[3500,4000[","[3000,4000[","[2000,4000[","[0,4000[","[0,10000[","[0,10000[",*
3810,"[3500,4000[","[3000,4000[","[2000,4000[","[0,4000[","[0,10000[","[0,10000[",*
3812,"[3500,4000[","[3000,4000[","[2000,4000[","[0,4000[","[0,10000[","[0,10000[",*
3813,"[3500,4000[","[3000,4000[","[2000,4000[","[0,4000[","[0,10000[","[0,10000[",*
3814,"[3500,4000[","[3000,4000[","[2000,4000[","[0,4000[","[0,10000[","[0,10000[",*
3815,"[3500,4000[","[3000,4000[","[2000,4000[","[0,4000[","[0,10000[","[0,10000[",*
3816,"[3500,4000[","[3000,4000[","[2000,4000[","[0,4000[","[0,10000[","[0,10000[",*
3817,"[3500,4000[","[3000,4000[","[2000,4000[","[0,4000[","[0,10000[","[0,10000[",*
3818,"[3500,4000[","[3000,4000[","[2000,4000[","[0,4000[","[0,10000[","[0,10000[",*
3819,"[3500,4000[","[3000,4000[","[2000,4000[","[0,4000[","[0,10000[","[0,10000[",*
3820,"[3500,4000[","[3000,4000[","[2000,4000[","[0,4000[","[0,10000[","[0,10000[",*
3821,"[3500,4000[","[3000,4000[","[2000,4000[","[0,4000[","[0,10000[","[0,10000[",*
3823,"[3500,4000[","[3000,4000[","[2000,4000[","[0,4000[","[0,10000[","[0,10000[",*
3824,"[3500,4000[","[3000,4000[","[2000,4000[","[0,4000[","[0,10000[","[0,10000[",*
3825,"[3500,4000[","[3000,4000[","[2000,4000[","[0,4000[","[0,10000[","[0,10000[",*
3827,"[3500,4000[","[3000,4000[","[2000,4000[","[0,4000[","[0,10000[","[0,10000[",*
3829,"[3500,4000[","[3000,4000[","[2000,4000[","[0,4000[","[0,10000[","[0,10000[",*
3831,"[3500,4000[","[3000,4000[","[2000,4000[","[0,4000[","[0,10000[","[0,10000[",*
3832,"[3500,4000[","[3000,4000[","[2000,4000[","[0,4000[","[0,10000[","[0,10000[",*
3834,"[3500,4000[","[3000,4000[","[2000,4000[","[0,4000[","[0,10000[","[0,10000[",*
3837,"[3500,4000[","[3000,4000[","[2000,4000[","[0,4000[","[0,10000[","[0,10000[",*
3839,"[3500,4000[","[3000,4000[","[2000,4000[","[0,4000[","[0,10000[","[0,10000[",*
3840,"[3500,4000[","[3000,4000[","[2000,4000[","[0,4000[","[0,10000[","[0,10000[",*
3841,"[3500,4000[","[3000,4000[","[2000,4000[","[0,4000[","[0,10000[","[0,10000[",*
3842,"[3500,4000[","[3000,4000[","[2000,4000[","[0,4000[","[0,10000[","[0,10000[",*
3843,"[3500,4000[","[3000,4000[","[2000,4000[","[0,4000[","[0,10000[","[0,10000[",*
3844,"[3500,4000[","[3000,4000[","[2000,4000[","[0,4000[","[0,10000[","[0,10000[",*
3845,"[3500,4000[","[3000,4000[","[2000,4000[","[0,4000[","[0,10000[","[0,10000[",*
3846,"[3500,4000[","[3000,4000[","[2000,4000[","[0,4000[","[0,10000[","[0,10000[",*
3848,"[3500,4000[","[3000,4000[","[2000,4000[","[0,4000[","[0,10000[","[0,10000[",*
3849,"[3500,4000[","[3000,4000[","[2000,4000[","[0,4000[","[0,10000[","[0,10000[",*
3850,"[3500,4000[","[3000,4000[","[2000,4000[","[0,4000[","[0,10000[","[0,10000[",*
3851,"[3500,4000[","[3000,4000[","[2000,4000[","[0,4000[","[0,10000[","[0,10000[",*
3854,"[3500,4000[","[3000,4000[","[2000,4000[","[0,4000[","[0,10000[","[0,10000[",*
3855,"[3500,4000[","[3000,4000[","[2000,4000[","[0,4000[","[0,10000[","[0,10000[",*
3856,"[3500,4000[","[3000,4000[","[2000,4000[","[0,4000[","[0,10000[","[0,10000[",*
3857,"[3500,4000[","[3000,4000[","[2000,4000[","[0,4000[","[0,10000[","[0,10000[",*
3858,"[3500,4000[","[3000,4000[","[2000,4000[","[0,4000[","[0,10000[","[0,10000[",*
3859,"[3500,4000[","[3000,4000[","[2000,4000[","[0,4000[","[0,10000[","[0,10000[",*
3862,"[3500,4000[","[3000,4000[","[2000,4000[","[0,4000[","[0,10000[","[0,10000[",*
3863,"[3500,4000[","[3000,4000[","[2000,4000[","[0,4000[","[0,10000[","[0,10000[",*
3864,"[3500,4000[","[3000,4000[","[2000,4000[","[0,4000[","[0,10000[","[0,10000[",*
3867,"[3500,4000[","[3000,4000[","[2000,4000[","[0,4000[","[0,10000[","[0,10000[",*
3868,"[3500,4000[","[3000,4000[","[2000,4000[","[0,4000[","[0,10000[","[0,10000[",*
3869,"[3500,4000[","[3000,4000[","[2000,4000[","[0,4000[","[0,10000[","[0,10000[",*
3870,"[3500,4000[","[3000,4000[","[2000,4000[","[0,4000[","[0,10000[","[0,10000[",*
3872,"[3500,4000[","[3000,4000[","[2000,4000[","[0,4000[","[0,10000[","[0,10000[",*
3873,"[3500,4000[","[3000,4000[","[2000,4000[","[0,4000[","[0,10000[","[0,10000[",*
3874,"[3500,4000[","[3000,4000[","[2000,4000[","[0,4000[","[0,10000[","[0,10000[",*
3875,"[3500,4000[","[3000,4000[","[2000,4000[","[0,4000[","[0,10000[","[0,10000[",*
3876,"[3500,4000[","[3000,4000[","[2000,4000[","[0,4000[","[0,10000[","[0,10000[",*
3877,"[3500,4000[","[3000,4000[","[2000,4000[","[0,4000[","[0,10000[","[0,10000[",*
3881,"[3500,4000[","[3000,4000[","[2000,4000[","[0,4000[","[0,10000[","[0,10000[",*
3884,"[3500,4000[","[3000,4000[","[2000,4000[","[0,4000[","[0,10000[","[0,10000[",*
3885,"[3500,4000[","[3000,4000[","[2000,4000[","[0,4000[","[0,10000[","[0,10000[",*
3886,"[3500,4000[","[3000,4000[","[2000,4000[","[0,4000[","[0,10000[","[0,10000[",*
3888,"[3500,4000[","[3000,4000[","[2000,4000[","[0,4000[","[0,10000[","[0,10000[",*
3889,"[3500,4000[","[3000,4000[","[2000,4000[","[0,4000[","[0,10000[","[0,10000[",*
3895,"[3500,4000[","[3000,4000[","[2000,4000[","[0,4000[","[0,10000[","[0,10000[",*
3897,"[3500,4000[","[3000,4000[","[2000,4000[","[0,4000[","[0,10000[","[0,10000[",*
3899,"[3500,4000[","[3000,4000[","[2000,4000[","[0,4000[","[0,10000[","[0,10000[",*
3902,"[3500,4000[","[3000,4000[","[2000,4000[","[0,4000[","[0,10000[","[0,10000[",*
3904,"[3500,4000[","[3000,4000[","[2000,4000[","[0,4000[","[0,10000[","[0,10000[",*
3905,"[3500,4000[","[3000,4000[","[2000,4000[","[0,4000[","[0,10000[","[0,10000[",*
3908,"[3500,4000[","[3000,4000[","[2000,4000[","[0,4000[","[0,10000[","[0,10000[",*
3909,"[3500,4000[","[3000,4000[","[2000,4000[","[0,4000[","[0,10000[","[0,10000[",*
3910,"[3500,4000[","[3000,4000[","[2000,4000[","[0,4000[","[0,10000[","[0,10000[",*
3911,"[3500,4000[","[3000,4000[","[2000,4000[","[0,4000[","[0,10000[","[0,10000[",*
3912,"[3500,4000[","[3000,4000[","[2000,4000[","[0,4000[","[0,10000[","[0,10000[",*
3913,"[3500,4000[","[3000,4000[","[2000,4000[","[0,4000[","[0,10000[","[0,10000[",*
3914,"[3500,4000[","[3000,4000[","[2000,4000[","[0,4000[","[0,10000[","[0,10000[",*
3915,"[3500,4000[","[3000,4000[","[2000,4000[","[0,4000[","[0,10000[","[0,10000[",*
3916,"[3500,4000[","[3000,4000[","[2000,4000[","[0,4000[","[0,10000[","[0,10000[",*
3917,"[3500,4000[","[3000,4000[","[2000,4000[","[0,4000[","[0,10000[","[0,10000[",*
3918,"[3500,4000[","[3000,4000[","[2000,4000[","[0,4000[","[0,10000[","[0,10000[",*
3919,"[3500,4000[","[3000,4000[","[2000,4000[","[0,4000[","[0,10000[","[0,10000[",*
3921,"[3500,4000[","[3000,4000[","[2000,4000[","[0,4000[","[0,10000[","[0,10000[",*
3923,"[3500,4000[","[3000,4000[","[2000,4000[","[0,4000[","[0,10000[","[0,10000[",*
3924,"[3500,4000[","[3000,4000[","[2000,4000[","[0,4000[","[0,10000[","[0,10000[",*
3926,"[3500,4000[","[3000,4000[","[2000,4000[","[0,4000[","[0,10000[","[0,10000[",*
3927,"[3500,4000[","[3000,4000[","[2000,4000[","[0,4000[","[0,10000[","[0,10000[",*
3929,"[3500,4000[","[3000,4000[","[2000,4000[","[0,4000[","[0,10000[","[0,10000[",*
3931,"[3500,4000[","[3000,4000[","[2000,4000[","[0,4000[","[0,10000[","[0,10000[",*
3932,"[3500,4000[","[3000,4000[","[2000,4000[","[0,4000[","[0,10000[","[0,10000[",*
3933,"[3500,4000[","[3000,4000[","[2000,4000[","[0,4000[","[0,10000[","[0,10000[",*
3935,"[3500,4000[","[3000,4000[","[2000,4000[","[0,4000[","[0,10000[","[0,10000[",*
3936,"[3500,4000[","[3000,4000[","[2000,4000[","[0,4000[","[0,10000[","[0,10000[",*
3938,"[3500,4000[","[3000,4000[","[2000,4000[","[0,4000[","[0,10000[","[0,10000[",*
3939,"[3500,4000[","[3000,4000[","[2000,4000[","[0,4000[","[0,10000[","[0,10000[",*
3940,"[3500,4000[","[3000,4000[","[2000,4000[","[0,4000[","[0,10000[","[0,10000[",*
3941,"[3500,4000[","[3000,4000[","[2000,4000[","[0,4000[","[0,10000[","[0,10000[",*
3942,"[3500,4000[","[3000,4000[","[2000,4000[","[0,4000[","[0,10000[","[0,10000[",*
3943,"[3500,4000[","[3000,4000[","[2000,4000[","[0,4000[","[0,10000[","[0,10000[",*
3944,"[3500,4000[","[3000,4000[","[2000,4000[","[0,4000[","[0,10000[","[0,10000[",*
3945,"[3500,4000[","[3000,4000[","[2000,4000[","[0,4000[","[0,10000[","[0,10000[",*
3947,"[3500,4000[","[3000,4000[","[2000,4000[","[0,4000[","[0,10000[","[0,10000[",*
3948,"[3500,4000[","[3000,4000[","[2000,4000[","[0,4000[","[0,10000[","[0,10000[",*
3949,"[3500,4000[","[3000,4000[","[2000,4000[","[0,4000[","[0,10000[","[0,10000[",*
3950,"[3500,4000[","[3000,4000[","[2000,4000[","[0,4000[","[0,10000[","[0,10000[",*
3951,"[3500,4000[","[3000,4000[","[2000,4000[","[0,4000[","[0,10000[","[0,10000[",*
3952,"[3500,4000[","[3000,4000[","[2000,4000[","[0,4000[","[0,10000[","[0,10000[",*
3953,"[3500,4000[","[3000,4000[","[2000,4000[","[0,4000[","[0,10000[","[0,10000[",*
3954,"[3500,4000[","[3000,4000[","[2000,4000[","[0,4000[","[0,10000[","[0,10000[",*
3955,"[3500,4000[","[3000,4000[","[2000,4000[","[0,4000[","[0,10000[","[0,10000[",*
3957,"[3500,4000[","[3000,4000[","[2000,4000[","[0,4000[","[0,10000[","[0,10000[",*
3959,"[3500,4000[","[3000,4000[","[2000,4000[","[0,4000[","[0,10000[","[0,10000[",*
3960,"[3500,4000[","[3000,4000[","[2000,4000[","[0,4000[","[0,10000[","[0,10000[",*
3962,"[3500,4000[","[3000,4000[","[2000,4000[","[0,4000[","[0,10000[","[0,10000[",*
3965,"[3500,4000[","[3000,4000[","[2000,4000[","[0,4000[","[0,10000[","[0,10000[",*
3967,"[3500,4000[","[3000,4000[","[2000,4000[","[0,4000[","[0,10000[","[0,10000[",*
3969,"[3500,4000[","[3000,4000[","[2000,4000[","[0,4000[","[0,10000[","[0,10000[",*
3970,"[3500,4000[","[3000,4000[","[2000,4000[","[0,4000[","[0,10000[","[0,10000[",*
3972,"[3500,4000[","[3000,4000[","[2000,4000[","[0,4000[","[0,10000[","[0,10000[",*
3973,"[3500,4000[","[3000,4000[","[2000,4000[","[0,4000[","[0,10000[","[0,10000[",*
3975,"[3500,4000[","[3000,4000[","[2000,4000[","[0,4000[","[0,10000[","[0,10000[",*
3977,"[3500,4000[","[3000,4000[","[2000,4000[","[0,4000[","[0,10000[","[0,10000[",*
3981,"[3500,4000[","[3000,4000[","[2000,4000[","[0,4000[","[0,10000[","[0,10000[",*
3982,"[3500,4000[","[3000,4000[","[2000,4000[","[0,4000[","[0,10000[","[0,10000[",*
3984,"[3500,4000[","[3000,4000[","[2000,4000[","[0,4000[","[0,10000[","[0,10000[",*
3986,"[3500,4000[","[3000,4000[","[2000,4000[","[0,4000[","[0,10000[","[0,10000[",*
3988,"[3500,4000[","[3000,4000[","[2000,4000[","[0,4000[","[0,10000[","[0,10000[",*
3990,"[3500,4000[","[3000,4000[","[2000,4000[","[0,4000[","[0,10000[","[0,10000[",*
3992,"[3500,4000[","[3000,4000[","[2000,4000[","[0,4000[","[0,10000[","[0,10000[",*
3993,"[3500,4000[","[3000,4000[","[2000,4000[","[0,4000[","[0,10000[","[0,10000[",*
3994,"[3500,4000[","[3000,4000[","[2000,4000[","[0,4000[","[0,10000[","[0,10000[",*
3995,"[3500,4000[","[3000,4000[","[2000,4000[","[0,4000[","[0,10000[","[0,10000[",*
3997,"[3500,4000[","[3000,4000[","[2000,4000[","[0,4000[","[0,10000[","[0,10000[",*
3998,"[3500,4000[","[3000,4000[","[2000,4000[","[0,4000[","[0,10000[","[0,10000[",*
3999,"[3500,4000[","[3000,4000[","[2000,4000[","[0,4000[","[0,10000[","[0,10000[",*
4000,"[4000,4500[","[4000,5000[","[4000,6000[","[4000,8000[","[0,10000[","[0,10000[",*
4003,"[4000,4500[","[4000,5000[","[4000,6000[","[4000,8000[","[0,10000[","[0,10000[",*
4004,"[4000,4500[","[4000,5000[","[4000,6000[","[4000,8000[","[0,10000[","[0,10000[",*
4005,"[4000,4500[","[4000,5000[","[4000,6000[","[4000,8000[","[0,10000[","[0,10000[",*
4006,"[4000,4500[","[4000,5000[","[4000,6000[","[4000,8000[","[0,10000[","[0,10000[",*
4007,"[4000,4500[","[4000,5000[","[4000,6000[","[4000,8000[","[0,10000[","[0,10000[",*
4009,"[4000,4500[","[4000,5000[","[4000,6000[","[4000,8000[","[0,10000[","[0,10000[",*
4011,"[4000,4500[","[4000,5000[","[4000,6000[","[4000,8000[","[0,10000[","[0,10000[",*
4012,"[4000,4500[","[4000,5000[","[4000,6000[","[4000,8000[","[0,10000[","[0,10000[",*
4013,"[4000,4500[","[4000,5000[","[4000,6000[","[4000,8000[","[0,10000[","[0,10000[",*
4014,"[4000,4500[","[4000,5000[","[4000,6000[","[4000,8000[","[0,10000[","[0,10000[",*
4015,"[4000,4500[","[4000,5000[","[4000,6000[","[4000,8000[","[0,10000[","[0,10000[",*
4016,"[4000,4500[","[4000,5000[","[4000,6000[","[4000,8000[","[0,10000[","[0,10000[",*
4017,"[4000,4500[","[4000,5000[","[4000,6000[","[4000,8000[","[0,10000[","[0,10000[",*
4020,"[4000,4500[","[4000,5000[","[4000,6000[","[4000,8000[","[0,10000[","[0,10000[",*
4022,"[4000,4500[","[4000,5000[","[4000,6000[","[4000,8000[","[0,10000[","[0,10000[",*
4023,"[4000,4500[","[4000,5000[","[4000,6000[","[4000,8000[","[0,10000[","[0,10000[",*
4024,"[4000,4500[","[4000,5000[","[4000,6000[","[4000,8000[","[0,10000[","[0,10000[",*
4025,"[4000,4500[","[4000,5000[","[4000,6000[","[4000,8000[","[0,10000[","[0,10000[",*
4028,"[4000,4500[","[4000,5000[","[4000,6000[","[4000,8000[","[0,10000[","[0,10000[",*
4030,"[4000,4500[","[4000,5000[","[4000,6000[","[4000,8000[","[0,10000[","[0,10000[",*
4031,"[4000,4500[","[4000,5000[","[4000,6000[","[4000,8000[","[0,10000[","[0,10000[",*
4037,"[4000,4500[","[4000,5000[","[4000,6000[","[4000,8000[","[0,10000[","[0,10000[",*
4038,"[4000,4500[","[4000,5000[","[4000,6000[","[4000,8000[","[0,10000[","[0,10000[",*
4039,"[4000,4500[","[4000,5000[","[4000,6000[","[4000,8000[","[0,10000[","[0,10000[",*
4040,"[4000,4500[","[4000,5000[","[4000,6000[","[4000,8000[","[0,10000[","[0,10000[",*
4041,"[4000,4500[","[4000,5000[","[4000,6000[","[4000,8000[","[0,10000[","[0,10000[",*
4043,"[4000,4500[","[4000,5000[","[4000,6000[","[4000,8000[","[0,10000[","[0,10000[",*
4044,"[4000,4500[","[4000,5000[","[4000,6000[","[4000,8000[","[0,10000[","[0,10000[",*
4045,"[4000,4500[","[4000,5000[","[4000,6000[","[4000,8000[","[0,10000[","[0,10000[",*
4046,"[4000,4500[","[4000,5000[","[4000,6000[","[4000,8000[","[0,10000[","[0,10000[",*
4047,"[4000,4500[","[4000,5000[","[4000,6000[","[4000,8000[","[0,10000[","[0,10000[",*
4048,"[4000,4500[","[4000,5000[","[4000,6000[","[4000,8000[","[0,10000[","[0,10000[",*
4050,"[4000,4500[","[4000,5000[","[4000,6000[","[4000,8000[","[0,10000[","[0,10000[",*
4053,"[4000,4500[","[4000,5000[","[4000,6000[","[4000,8000[","[0,10000[","[0,10000[",*
4054,"[4000,4500[","[4000,5000[","[4000,6000[","[4000,8000[","[0,10000[","[0,10000[",*
4056,"[4000,4500[","[4000,5000[","[4000,6000[","[4000,8000[","[0,10000[","[0,10000[",*
4060,"[4000,4500[","[4000,5000[","[4000,6000[","[4000,8000[","[0,10000[","[0,10000[",*
4062,"[4000,4500[","[4000,5000[","[4000,6000[","[4000,8000[","[0,10000[","[0,10000[",*
4063,"[4000,4500[","[4000,5000[","[4000,6000[","[4000,8000[","[0,10000[","[0,10000[",*
4064,"[4000,4500[","[4000,5000[","[4000,6000[","[4000,8000[","[0,10000[","[0,10000[",*
4066,"[4000,4500[","[4000,5000[","[4000,6000[","[4000,8000[","[0,10000[","[0,10000[",*
4068,"[4000,4500[","[4000,5000[","[4000,6000[","[4000,8000[","[0,10000[","[0,10000[",*
4069,"[4000,4500[","[4000,5000[","[4000,6000[","[4000,8000[","[0,10000[","[0,10000[",*
4070,"[4000,4500[","[4000,5000[","[4000,6000[","[4000,8000[","[0,10000[","[0,10000[",*
4071,"[4000,4500[","[4000,5000[","[4000,6000[","[4000,8000[","[0,10000[","[0,10000[",*
4073,"[4000,4500[","[4000,5000[","[4000,6000[","[4000,8000[","[0,10000[","[0,10000[",*
4075,"[4000,4500[","[4000,5000[","[4000,6000[","[4000,8000[","[0,10000[","[0,10000[",*
4079,"[4000,4500[","[4000,5000[","[4000,6000[","[4000,8000[","[0,10000[","[0,10000[",*
4080,"[4000,4500[","[4000,5000[","[4000,6000[","[4000,8000[","[0,10000[","[0,10000[",*
4082,"[4000,4500[","[4000,5000[","[4000,6000[","[4000,8000[","[0,10000[","[0,10000[",*
4083,"[4000,4500[","[4000,5000[","[4000,6000[","[4000,8000[","[0,10000[","[0,10000[",*
4084,"[4000,4500[","[4000,5000[","[4000,6000[","[4000,8000[","[0,10000[","[0,10000[",*
4086,"[4000,4500[","[4000,5000[","[4000,6000[","[4000,8000[","[0,10000[","[0,10000[",*
4087,"[4000,4500[","[4000,5000[","[4000,6000[","[4000,8000[","[0,10000[","[0,10000[",*
4089,"[4000,4500[","[4000,5000[","[4000,6000[","[4000,8000[","[0,10000[","[0,10000[",*
4091,"[4000,4500[","[4000,5000[","[4000,6000[","[4000,8000[","[0,10000[","[0,10000[",*
4092,"[4000,4500[","[4000,5000[","[4000,6000[","[4000,8000[","[0,10000[","[0,10000[",*
4094,"[4000,4500[","[4000,5000[","[4000,6000[","[4000,8000[","[0,10000[","[0,10000[",*
4095,"[4000,4500[","[4000,5000[","[4000,6000[","[4000,8000[","[0,10000[","[0,10000[",*
4096,"[4000,4500[","[4000,5000[","[4000,6000[","[4000,8000[","[0,10000[","[0,10000[",*
4099,"[4000,4500[","[4000,5000[","[4000,6000[","[4000,8000[","[0,10000[","[0,10000[",*
4101,"[4000,4500[","[4000,5000[","[4000,6000[","[4000,8000[","[0,10000[","[0,10000[",*
4103,"[4000,4500[","[4000,5000[","[4000,6000[","[4000,8000[","[0,10000[","[0,10000[",*
4104,"[4000,4500[","[4000,5000[","[4000,6000[","[4000,8000[","[0,10000[","[0,10000[",*
4105,"[4000,4500[","[4000,5000[","[4000,6000[","[4000,8000[","[0,10000[","[0,10000[",*
4108,"[4000,4500[","[4000,5000[","[4000,6000[","[4000,8000[","[0,10000[","[0,10000[",*
4110,"[4000,4500[","[4000,5000[","[4000,6000[","[4000,8000[","[0,10000[","[0,10000[",*
4111,"[4000,4500[","[4000,5000[","[4000,6000[","[4000,8000[","[0,10000[","[0,10000[",*
4112,"[4000,4500[","[4000,5000[","[4000,6000[","[4000,8000[","[0,10000[","[0,10000[",*
4116,"[4000,4500[","[4000,5000[","[4000,6000[","[4000,8000[","[0,10000[","[0,10000[",*
4117,"[4000,4500[","[4000,5000[","[4000,6000[","[4000,8000[","[0,10000[","[0,10000[",*
4118,"[4000,4500[","[4000,5000[","[4000,6000[","[4000,8000[","[0,10000[","[0,10000[",*
4119,"[4000,4500[","[4000,5000[","[4000,6000[","[4000,8000[","[0,10000[","[0,10000[",*
4120,"[4000,4500[","[4000,5000[","[4000,6000[","[4000,8000[","[0,10000[","[0,10000[",*
4121,"[4000,4500[","[4000,5000[","[4000,6000[","[4000,8000[","[0,10000[","[0,10000[",*
4123,"[4000,4500[","[4000,5000[","[4000,6000[","[4000,8000[","[0,10000[","[0,10000[",*
4124,"[4000,4500[","[4000,5000[","[4000,6000[","[4000,8000[","[0,10000[","[0,10000[",*
4126,"[4000,4500[","[4000,5000[","[4000,6000[","[4000,8000[","[0,10000[","[0,10000[",*
4127,"[4000,4500[","[4000,5000[","[4000,6000[","[4000,8000[","[0,10000[","[0,10000[",*
4128,"[4000,4500[","[4000,5000[","[4000,6000[","[4000,8000[","[0,10000[","[0,10000[",*
4129,"[4000,4500[","[4000,5000[","[4000,6000[","[4000,8000[","[0,10000[","[0,10000[",*
4130,"[4000,4500[","[4000,5000[","[4000,6000[","[4000,8000[","[0,10000[","[0,10000[",*
4131,"[4000,4500[","[4000,5000[","[4000,6000[","[4000,8000[","[0,10000[","[0,10000[",*
4132,"[4000,4500[","[4000,5000[","[4000,6000[","[4000,8000[","[0,10000[","[0,10000[",*
4133,"[4000,4500[","[4000,5000[","[4000,6000[","[4000,8000[","[0,10000[","[0,10000[",*
4134,"[4000,4500[","[4000,5000[","[4000,6000[","[4000,8000[","[0,10000[","[0,10000[",*
4135,"[4000,4500[","[4000,5000[","[4000,6000[","[4000,8000[","[0,10000[","[0,10000[",*
4136,"[4000,4500[","[4000,5000[","[4000,6000[","[4000,8000[","[0,10000[","[0,10000[",*
4137,"[4000,4500[","[4000,5000[","[4000,6000[","[4000,8000[","[0,10000[","[0,10000[",*
4138,"[4000,4500[","[4000,5000[","[4000,6000[","[4000,8000[","[0,10000[","[0,10000[",*
4139,"[4000,4500[","[4000,5000[","[4000,6000[","[4000,8000[","[0,10000[","[0,10000[",*
4140,"[4000,4500[","[4000,5000[","[4000,6000[","[4000,8000[","[0,10000[","[0,10000[",*
4143,"[4000,4500[","[4000,5000[","[4000,6000[","[4000,8000[","[0,10000[","[0,10000[",*
4144,"[4000,4500[","[4000,5000[","[4000,6000[","[4000,8000[","[0,10000[","[0,10000[",*
4145,"[4000,4500[","[4000,5000[","[4000,6000[","[4000,8000[","[0,10000[","[0,10000[",*
4146,"[4000,4500[","[4000,5000[","[4000,6000[","[4000,8000[","[0,10000[","[0,10000[",*
4147,"[4000,4500[","[4000,5000[","[4000,6000[","[4000,8000[","[0,10000[","[0,10000[",*
4148,"[4000,4500[","[4000,5000[","[4000,6000[","[4000,8000[","[0,10000[","[0,10000[",*
4149,"[4000,4500[","[4000,5000[","[4000,6000[","[4000,8000[","[0,10000[","[0,10000[",*
4150,"[4000,4500[","[4000,5000[","[4000,6000[","[4000,8000[","[0,10000[","[0,10000[",*
4151,"[4000,4500[","[4000,5000[","[4000,6000[","[4000,8000[","[0,10000[","[0,10000[",*
4152,"[4000,4500[","[4000,5000[","[4000,6000[","[4000,8000[","[0,10000[","[0,10000[",*
4153,"[4000,4500[","[4000,5000[","[4000,6000[","[4000,8000[","[0,10000[","[0,10000[",*
4157,"[4000,4500[","[4000,5000[","[4000,6000[","[4000,8000[","[0,10000[","[0,10000[",*
4158,"[4000,4500[","[4000,5000[","[4000,6000[","[4000,8000[","[0,10000[","[0,10000[",*
4162,"[4000,4500[","[4000,5000[","[4000,6000[","[4000,8000[","[0,10000[","[0,10000[",*
4166,"[4000,4500[","[4000,5000[","[4000,6000[","[4000,8000[","[0,10000[","[0,10000[",*
4168,"[4000,4500[","[4000,5000[","[4000,6000[","[4000,8000[","[0,10000[","[0,10000[",*
4170,"[4000,4500[","[4000,5000[","[4000,6000[","[4000,8000[","[0,10000[","[0,10000[",*
4173,"[4000,4500[","[4000,5000[","[4000,6000[","[4000,8000[","[0,10000[","[0,10000[",*
4174,"[4000,4500[","[4000,5000[","[4000,6000[","[4000,8000[","[0,10000[","[0,10000[",*
4176,"[4000,4500[","[4000,5000[","[4000,6000[","[4000,8000[","[0,10000[","[0,10000[",*
4177,"[4000,4500[","[4000,5000[","[4000,6000[","[4000,8000[","[0,10000[","[0,10000[",*
4178,"[4000,4500[","[4000,5000[","[4000,6000[","[4000,8000[","[0,10000[","[0,10000[",*
4182,"[4000,4500[","[4000,5000[","[4000,6000[","[4000,8000[","[0,10000[","[0,10000[",*
4185,"[4000,4500[","[4000,5000[","[4000,6000[","[4000,8000[","[0,10000[","[0,10000[",*
4186,"[4000,4500[","[4000,5000[","[4000,6000[","[4000,8000[","[0,10000[","[0,10000[",*
4189,"[4000,4500[","[4000,5000[","[4000,6000[","[4000,8000[","[0,10000[","[0,10000[",*
4190,"[4000,4500[","[4000,5000[","[4000,6000[","[4000,8000[","[0,10000[","[0,10000[",*
4191,"[4000,4500[","[4000,5000[","[4000,6000[","[4000,8000[","[0,10000[","[0,10000[",*
4194,"[4000,4500[","[4000,5000[","[4000,6000[","[4000,8000[","[0,10000[","[0,10000[",*
4196,"[4000,4500[","[4000,5000[","[4000,6000[","[4000,8000[","[0,10000[","[0,10000[",*
4198,"[4000,4500[","[4000,5000[","[4000,6000[","[4000,8000[","[0,10000[","[0,10000[",*
4200,"[4000,4500[","[4000,5000[","[4000,6000[","[4000,8000[","[0,10000[","[0,10000[",*
4204,"[4000,4500[","[4000,5000[","[4000,6000[","[4000,8000[","[0,10000[","[0,10000[",*
4207,"[4000,4500[","[4000,5000[","[4000,6000[","[4000,8000[","[0,10000[","[0,10000[",*
4209,"[4000,4500[","[4000,5000[","[4000,6000[","[4000,8000[","[0,10000[","[0,10000[",*
4210,"[4000,4500[","[4000,5000[","[4000,6000[","[4000,8000[","[0,10000[","[0,10000[",*
4211,"[4000,4500[","[4000,5000[","[4000,6000[","[4000,8000[","[0,10000[","[0,10000[",*
4213,"[4000,4500[","[4000,5000[","[4000,6000[","[4000,8000[","[0,10000[","[0,10000[",*
4216,"[4000,4500[","[4000,5000[","[4000,6000[","[4000,8000[","[0,10000[","[0,10000[",*
4222,"[4000,4500[","[4000,5000[","[4000,6000[","[4000,8000[","[0,10000[","[0,10000[",*
4223,"[4000,4500[","[4000,5000[","[4000,6000[","[4000,8000[","[0,10000[","[0,10000[",*
4227,"[4000,4500[","[4000,5000[","[4000,6000[","[4000,8000[","[0,10000[","[0,10000[",*
4229,"[4000,4500[","[4000,5000[","[4000,6000[","[4000,8000[","[0,10000[","[0,10000[",*
4230,"[4000,4500[","[4000,5000[","[4000,6000[","[4000,8000[","[0,10000[","[0,10000[",*
4231,"[4000,4500[","[4000,5000[","[4000,6000[","[4000,8000[","[0,10000[","[0,10000[",*
4232,"[4000,4500[","[4000,5000[","[4000,6000[","[4000,8000[","[0,10000[","[0,10000[",*
4233,"[4000,4500[","[4000,5000[","[4000,6000[","[4000,8000[","[0,10000[","[0,10000[",*
4235,"[4000,4500[","[4000,5000[","[4000,6000[","[4000,8000[","[0,10000[","[0,10000[",*
4236,"[4000,4500[","[4000,5000[","[4000,6000[","[4000,8000[","[0,10000[","[0,10000[",*
4239,"[4000,4500[","[4000,5000[","[4000,6000[","[4000,8000[","[0,10000[","[0,10000[",*
4240,"[4000,4500[","[4000,5000[","[4000,6000[","[4000,8000[","[0,10000[","[0,10000[",*
4243,"[4000,4500[","[4000,5000[","[4000,6000[","[4000,8000[","[0,10000[","[0,10000[",*
4244,"[4000,4500[","[4000,5000[","[4000,6000[","[4000,8000[","[0,10000[","[0,10000[",*
4246,"[4000,4500[","[4000,5000[","[4000,6000[","[4000,8000[","[0,10000[","[0,10000[",*
4247,"[4000,4500[","[4000,5000[","[4000,6000[","[4000,8000[","[0,10000[","[0,10000[",*
4248,"[4000,4500[","[4000,5000[","[4000,6000[","[4000,8000[","[0,10000[","[0,10000[",*
4253,"[4000,4500[","[4000,5000[","[4000,6000[","[4000,8000[","[0,10000[","[0,10000[",*
4254,"[4000,4500[","[4000,5000[","[4000,6000[","[4000,8000[","[0,10000[","[0,10000[",*
4256,"[4000,4500[","[4000,5000[","[4000,6000[","[4000,8000[","[0,10000[","[0,10000[",*
4259,"[4000,4500[","[4000,5000[","[4000,6000[","[4000,8000[","[0,10000[","[0,10000[",*
4260,"[4000,4500[","[4000,5000[","[4000,6000[","[4000,8000[","[0,10000[","[0,10000[",*
4262,"[4000,4500[","[4000,5000[","[4000,6000[","[4000,8000[","[0,10000[","[0,10000[",*
4263,"[4000,4500[","[4000,5000[","[4000,6000[","[4000,8000[","[0,10000[","[0,10000[",*
4264,"[4000,4500[","[4000,5000[","[4000,6000[","[4000,8000[","[0,10000[","[0,10000[",*
4265,"[4000,4500[","[4000,5000[","[4000,6000[","[4000,8000[","[0,10000[","[0,10000[",*
4266,"[4000,4500[","[4000,5000[","[4000,6000[","[4000,8000[","[0,10000[","[0,10000[",*
4269,"[4000,4500[","[4000,5000[","[4000,6000[","[4000,8000[","[0,10000[","[0,10000[",*
4274,"[4000,4500[","[4000,5000[","[4000,6000[","[4000,8000[","[0,10000[","[0,10000[",*
4276,"[4000,4500[","[4000,5000[","[4000,6000[","[4000,8000[","[0,10000[","[0,10000[",*
4278,"[4000,4500[","[4000,5000[","[4000,6000[","[4000,8000[","[0,10000[","[0,10000[",*
4279,"[4000,4500[","[4000,5000[","[4000,6000[","[4000,8000[","[0,10000[","[0,10000[",*
4280,"[4000,4500[","[4000,5000[","[4000,6000[","[4000,8000[","[0,10000[","[0,10000[",*
4281,"[4000,4500[","[4000,5000[","[4000,6000[","[4000,8000[","[0,10000[","[0,10000[",*
4283,"[4000,4500[","[4000,5000[","[4000,6000[","[4000,8000[","[0,10000[","[0,10000[",*
4286,"[4000,4500[","[4000,5000[","[4000,6000[","[4000,8000[","[0,10000[","[0,10000[",*
4287,"[4000,4500[","[4000,5000[","[4000,6000[","[4000,8000[","[0,10000[","[0,10000[",*
4289,"[4000,4500[","[4000,5000[","[4000,6000[","[4000,8000[","[0,10000[","[0,10000[",*
4290,"[4000,4500[","[4000,5000[","[4000,6000[","[4000,8000[","[0,10000[","[0,10000[",*
4291,"[4000,4500[","[4000,5000[","[4000,6000[","[4000,8000[","[0,10000[","[0,10000[",*
4293,"[4000,4500[","[4000,5000[","[4000,6000[","[4000,8000[","[0,10000[","[0,10000[",*
4294,"[4000,4500[","[4000,5000[","[4000,6000[","[4000,8000[","[0,10000[","[0,10000[",*
4295,"[4000,4500[","[4000,5000[","[4000,6000[","[4000,8000[","[0,10000[","[0,10000[",*
4297,"[4000,4500[","[4000,5000[","[4000,6000[","[4000,8000[","[0,10000[","[0,10000[",*
4298,"[4000,4500[","[4000,5000[","[4000,6000[","[4000,8000[","[0,10000[","[0,10000[",*
4299,"[4000,4500[","[4000,5000[","[4000,6000[","[4000,8000[","[0,10000[","[0,10000[",*
4300,"[4000,4500[","[4000,5000[","[4000,6000[","[4000,8000[","[0,10000[","[0,10000[",*
4301,"[4000,4500[","[4000,5000[","[4000,6000[","[4000,8000[","[0,10000[","[0,10000[",*
4303,"[4000,4500[","[4000,5000[","[4000,6000[","[4000,8000[","[0,10000[","[0,10000[",*
4305,"[4000,4500[","[4000,5000[","[4000,6000[","[4000,8000[","[0,10000[","[0,10000[",*
4306,"[4000,4500[","[4000,5000[","[4000,6000[","[4000,8000[","[0,10000[","[0,10000[",*
4307,"[4000,4500[","[4000,5000[","[4000,6000[","[4000,8000[","[0,10000[","[0,10000[",*
4309,"[4000,4500[","[4000,5000[","[4000,6000[","[4000,8000[","[0,10000[","[0,10000[",*
4311,"[4000,4500[","[4000,5000[","[4000,6000[","[4000,8000[","[0,10000[","[0,10000[",*
4312,"[4000,4500[","[4000,5000[","[4000,6000[","[4000,8000[","[0,10000[","[0,10000[",*
4313,"[4000,4500[","[4000,5000[","[4000,6000[","[4000,8000[","[0,10000[","[0,10000[",*
4314,"[4000,4500[","[4000,5000[","[4000,6000[","[4000,8000[","[0,10000[","[0,10000[",*
4315,"[4000,4500[","[4000,5000[","[4000,6000[","[4000,8000[","[0,10000[","[0,10000[",*
4317,"[4000,4500[","[4000,5000[","[4000,6000[","[4000,8000[","[0,10000[","[0,10000[",*
4318,"[4000,4500[","[4000,5000[","[4000,6000[","[4000,8000[","[0,10000[","[0,10000[",*
4319,"[4000,4500[","[4000,5000[","[4000,6000[","[4000,8000[","[0,10000[","[0,10000[",*
4320,"[4000,4500[","[4000,5000[","[4000,6000[","[4000,8000[","[0,10000[","[0,10000[",*
4321,"[4000,4500[","[4000,5000[","[4000,6000[","[4000,8000[","[0,10000[","[0,10000[",*
4322,"[4000,4500[","[4000,5000[","[4000,6000[","[4000,8000[","[0,10000[","[0,10000[",*
4323,"[4000,4500[","[4000,5000[","[4000,6000[","[4000,8000[","[0,10000[","[0,10000[",*
4324,"[4000,4500[","[4000,5000[","[4000,6000[","[4000,8000[","[0,10000[","[0,10000[",*
4325,"[4000,4500[","[4000,5000[","[4000,6000[","[4000,8000[","[0,10000[","[0,10000[",*
4328,"[4000,4500[","[4000,5000[","[4000,6000[","[4000,8000[","[0,10000[","[0,10000[",*
4329,"[4000,4500[","[4000,5000[","[4000,6000[","[4000,8000[","[0,10000[","[0,10000[",*
4330,"[4000,4500[","[4000,5000[","[4000,6000[","[4000,8000[","[0,10000[","[0,10000[",*
4331,"[4000,4500[","[4000,5000[","[4000,6000[","[4000,8000[","[0,10000[","[0,10000[",*
4332,"[4000,4500[","[4000,5000[","[4000,6000[","[4000,8000[","[0,10000[","[0,10000[",*
4333,"[4000,4500[","[4000,5000[","[4000,6000[","[4000,8000[","[0,10000[","[0,10000[",*
4335,"[4000,4500[","[4000,5000[","[4000,6000[","[4000,8000[","[0,10000[","[0,10000[",*
4336,"[4000,4500[","[4000,5000[","[4000,6000[","[4000,8000[","[0,10000[","[0,10000[",*
4339,"[4000,4500[","[4000,5000[","[4000,6000[","[4000,8000[","[0,10000[","[0,10000[",*
4341,"[4000,4500[","[4000,5000[","[4000,6000[","[4000,8000[","[0,10000[","[0,10000[",*
4343,"[4000,4500[","[4000,5000[","[4000,6000[","[4000,8000[","[0,10000[","[0,10000[",*
4344,"[4000,4500[","[4000,5000[","[4000,6000[","[4000,8000[","[0,10000[","[0,10000[",*
4348,"[4000,4500[","[4000,5000[","[4000,6000[","[4000,8000[","[0,10000[","[0,10000[",*
4353,"[4000,4500[","[4000,5000[","[4000,6000[","[4000,8000[","[0,10000[","[0,10000[",*
4354,"[4000,4500[","[4000,5000[","[4000,6000[","[4000,8000[","[0,10000[","[0,10000[",*
4357,"[4000,4500[","[4000,5000[","[4000,6000[","[4000,8000[","[0,10000[","[0,10000[",*
4358,"[4000,4500[","[4000,5000[","[4000,6000[","[4000,8000[","[0,10000[","[0,10000[",*
4359,"[4000,4500[","[4000,5000[","[4000,6000[","[4000,8000[","[0,10000[","[0,10000[",*
4362,"[4000,4500[","[4000,5000[","[4000,6000[","[4000,8000[","[0,10000[","[0,10000[",*
4365,"[4000,4500[","[4000,5000[","[4000,6000[","[4000,8000[","[0,10000[","[0,10000[",*
4366,"[4000,4500[","[4000,5000[","[4000,6000[","[4000,8000[","[0,10000[","[0,10000[",*
4367,"[4000,4500[","[4000,5000[","[4000,6000[","[4000,8000[","[0,10000[","[0,10000[",*
4369,"[4000,4500[","[4000,5000[","[4000,6000[","[4000,8000[","[0,10000[","[0,10000[",*
4370,"[4000,4500[","[4000,5000[","[4000,6000[","[4000,8000[","[0,10000[","[0,10000[",*
4372,"[4000,4500[","[4000,5000[","[4000,6000[","[4000,8000[","[0,10000[","[0,10000[",*
4373,"[4000,4500[","[4000,5000[","[4000,6000[","[4000,8000[","[0,10000[","[0,10000[",*
4374,"[4000,4500[","[4000,5000[","[4000,6000[","[4000,8000[","[0,10000[","[0,10000[",*
4378,"[4000,4500[","[4000,5000[","[4000,6000[","[4000,8000[","[0,10000[","[0,10000[",*
4380,"[4000,4500[","[4000,5000[","[4000,6000[","[4000,8000[","[0,10000[","[0,10000[",*
4381,"[4000,4500[","[4000,5000[","[4000,6000[","[4000,8000[","[0,10000[","[0,10000[",*
4382,"[4000,4500[","[4000,5000[","[4000,6000[","[4000,8000[","[0,10000[","[0,10000[",*
4383,"[4000,4500[","[4000,5000[","[4000,6000[","[4000,8000[","[0,10000[","[0,10000[",*
4384,"[4000,4500[","[4000,5000[","[4000,6000[","[4000,8000[","[0,10000[","[0,10000[",*
4385,"[4000,4500[","[4000,5000[","[4000,6000[","[4000,8000[","[0,10000[","[0,10000[",*
4386,"[4000,4500[","[4000,5000[","[4000,6000[","[4000,8000[","[0,10000[","[0,10000[",*
4387,"[4000,4500[","[4000,5000[","[4000,6000[","[4000,8000[","[0,10000[","[0,10000[",*
4388,"[4000,4500[","[4000,5000[","[4000,6000[","[4000,8000[","[0,10000[","[0,10000[",*
4389,"[4000,4500[","[4000,5000[","[4000,6000[","[4000,8000[","[0,10000[","[0,10000[",*
4391,"[4000,4500[","[4000,5000[","[4000,6000[","[4000,8000[","[0,10000[","[0,10000[",*
4392,"[4000,4500[","[4000,5000[","[4000,6000[","[4000,8000[","[0,10000[","[0,10000[",*
4393,"[4000,4500[","[4000,5000[","[4000,6000[","[4000,8000[","[0,10000[","[0,10000[",*
4394,"[4000,4500[","[4000,5000[","[4000,6000[","[4000,8000[","[0,10000[","[0,10000[",*
4395,"[4000,4500[","[4000,5000[","[4000,6000[","[4000,8000[","[0,10000[","[0,10000[",*
4396,"[4000,4500[","[4000,5000[","[4000,6000[","[4000,8000[","[0,10000[","[0,10000[",*
4397,"[4000,4500[","[4000,5000[","[4000,6000[","[4000,8000[","[0,10000[","[0,10000[",*
4399,"[4000,4500[","[4000,5000[","[4000,6000[","[4000,8000[","[0,10000[","[0,10000[",*
4401,"[4000,4500[","[4000,5000[","[4000,6000[","[4000,8000[","[0,10000[","[0,10000[",*
4402,"[4000,4500[","[4000,5000[","[4000,6000[","[4000,8000[","[0,10000[","[0,10000[",*
4403,"[4000,4500[","[4000,5000[","[4000,6000[","[4000,8000[","[0,10000[","[0,10000[",*
4404,"[4000,4500[","[4000,5000[","[4000,6000[","[4000,8000[","[0,10000[","[0,10000[",*
4406,"[4000,4500[","[4000,5000[","[4000,6000[","[4000,8000[","[0,10000[","[0,10000[",*
4408,"[4000,4500[","[4000,5000[","[4000,6000[","[4000,8000[","[0,10000[","[0,10000[",*
4409,"[4000,4500[","[4000,5000[","[4000,6000[","[4000,8000[","[0,10000[","[0,10000[",*
4411,"[4000,4500[","[4000,5000[","[4000,6000[","[4000,8000[","[0,10000[","[0,10000[",*
4412,"[4000,4500[","[4000,5000[","[4000,6000[","[4000,8000[","[0,10000[","[0,10000[",*
4413,"[4000,4500[","[4000,5000[","[4000,6000[","[4000,8000[","[0,10000[","[0,10000[",*
4414,"[4000,4500[","[4000,5000[","[4000,6000[","[4000,8000[","[0,10000[","[0,10000[",*
4415,"[4000,4500[","[4000,5000[","[4000,6000[","[4000,8000[","[0,10000[","[0,10000[",*
4416,"[4000,4500[","[4000,5000[","[4000,6000[","[4000,8000[","[0,10000[","[0,10000[",*
4418,"[4000,4500[","[4000,5000[","[4000,6000[","[4000,8000[","[0,10000[","[0,10000[",*
4420,"[4000,4500[","[4000,5000[","[4000,6000[","[4000,8000[","[0,10000[","[0,10000[",*
4424,"[4000,4500[","[4000,5000[","[4000,6000[","[4000,8000[","[0,10000[","[0,10000[",*
4425,"[4000,4500[","[4000,5000[","[4000,6000[","[4000,8000[","[0,10000[","[0,10000[",*
4428,"[4000,4500[","[4000,5000[","[4000,6000[","[4000,8000[","[0,10000[","[0,10000[",*
4430,"[4000,4500[","[4000,5000[","[4000,6000[","[4000,8000[","[0,10000[","[0,10000[",*
4432,"[4000,4500[","[4000,5000[","[4000,6000[","[4000,8000[","[0,10000[","[0,10000[",*
4434,"[4000,4500[","[4000,5000[","[4000,6000[","[4000,8000[","[0,10000[","[0,10000[",*
4436,"[4000,4500[","[4000,5000[","[4000,6000[","[4000,8000[","[0,10000[","[0,10000[",*
4438,"[4000,4500[","[4000,5000[","[4000,6000[","[4000,8000[","[0,10000[","[0,10000[",*
4439,"[4000,4500[","[4000,5000[","[4000,6000[","[4000,8000[","[0,10000[","[0,10000[",*
4440,"[4000,4500[","[4000,5000[","[4000,6000[","[4000,8000[","[0,10000[","[0,10000[",*
4441,"[4000,4500[","[4000,5000[","[4000,6000[","[4000,8000[","[0,10000[","[0,10000[",*
4442,"[4000,4500[","[4000,5000[","[4000,6000[","[4000,8000[","[0,10000[","[0,10000[",*
4443,"[4000,4500[","[4000,5000[","[4000,6000[","[4000,8000[","[0,10000[","[0,10000[",*
4444,"[4000,4500[","[4000,5000[","[4000,6000[","[4000,8000[","[0,10000[","[0,10000[",*
4445,"[4000,4500[","[4000,5000[","[4000,6000[","[4000,8000[","[0,10000[","[0,10000[",*
4446,"[4000,4500[","[4000,5000[","[4000,6000[","[4000,8000[","[0,10000[","[0,10000[",*
4447,"[4000,4500[","[4000,5000[","[4000,6000[","[4000,8000[","[0,10000[","[0,10000[",*
4448,"[4000,4500[","[4000,5000[","[4000,6000[","[4000,8000[","[0,10000[","[0,10000[",*
4450,"[4000,4500[","[4000,5000[","[4000,6000[","[4000,8000[","[0,10000[","[0,10000[",*
4451,"[4000,4500[","[4000,5000[","[4000,6000[","[4000,8000[","[0,10000[","[0,10000[",*
4453,"[4000,4500[","[4000,5000[","[4000,6000[","[4000,8000[","[0,10000[","[0,10000[",*
4455,"[4000,4500[","[4000,5000[","[4000,6000[","[4000,8000[","[0,10000[","[0,10000[",*
4457,"[4000,4500[","[4000,5000[","[4000,6000[","[4000,8000[","[0,10000[","[0,10000[",*
4458,"[4000,4500[","[4000,5000[","[4000,6000[","[4000,8000[","[0,10000[","[0,10000[",*
4459,"[4000,4500[","[4000,5000[","[4000,6000[","[4000,8000[","[0,10000[","[0,10000[",*
4460,"[4000,4500[","[4000,5000[","[4000,6000[","[4000,8000[","[0,10000[","[0,10000[",*
4461,"[4000,4500[","[4000,5000[","[4000,6000[","[4000,8000[","[0,10000[","[0,10000[",*
4463,"[4000,4500[","[4000,5000[","[4000,6000[","[4000,8000[","[0,10000[","[0,10000[",*
4464,"[4000,4500[","[4000,5000[","[4000,6000[","[4000,8000[","[0,10000[","[0,10000[",*
4465,"[4000,4500[","[4000,5000[","[4000,6000[","[4000,8000[","[0,10000[","[0,10000[",*
4466,"[4000,4500[","[4000,5000[","[4000,6000[","[4000,8000[","[0,10000[","[0,10000[",*
4468,"[4000,4500[","[4000,5000[","[4000,6000[","[4000,8000[","[0,10000[","[0,10000[",*
4471,"[4000,4500[","[4000,5000[","[4000,6000[","[4000,8000[","[0,10000[","[0,10000[",*
4475,"[4000,4500[","[4000,5000[","[4000,6000[","[4000,8000[","[0,10000[","[0,10000[",*
4477,"[4000,4500[","[4000,5000[","[4000,6000[","[4000,8000[","[0,10000[","[0,10000[",*
4478,"[4000,4500[","[4000,5000[","[4000,6000[","[4000,8000[","[0,10000[","[0,10000[",*
4480,"[4000,4500[","[4000,5000[","[4000,6000[","[4000,8000[","[0,10000[","[0,10000[",*
4481,"[4000,4500[","[4000,5000[","[4000,6000[","[4000,8000[","[0,10000[","[0,10000[",*
4482,"[4000,4500[","[4000,5000[","[4000,6000[","[4000,8000[","[0,10000[","[0,10000[",*
4487,"[4000,4500[","[4000,5000[","[4000,6000[","[4000,8000[","[0,10000[","[0,10000[",*
4488,"[4000,4500[","[4000,5000[","[4000,6000[","[4000,8000[","[0,10000[","[0,10000[",*
4490,"[4000,4500[","[4000,5000[","[4000,6000[","[4000,8000[","[0,10000[","[0,10000[",*
4492,"[4000,4500[","[4000,5000[","[4000,6000[","[4000,8000[","[0,10000[","[0,10000[",*
4493,"[4000,4500[","[4000,5000[","[4000,6000[","[4000,8000[","[0,10000[","[0,10000[",*
4495,"[4000,4500[","[4000,5000[","[4000,6000[","[4000,8000[","[0,10000[","[0,10000[",*
4497,"[4000,4500[","[4000,5000[","[4000,6000[","[4000,8000[","[0,10000[","[0,10000[",*
4499,"[4000,4500[","[4000,5000[","[4000,6000[","[4000,8000[","[0,10000[","[0,10000[",*
4500,"[4500,5000[","[4000,5000[","[4000,6000[","[4000,8000[","[0,10000[","[0,10000[",*
4503,"[4500,5000[","[4000,5000[","[4000,6000[","[4000,8000[","[0,10000[","[0,10000[",*
4504,"[4500,5000[","[4000,5000[","[4000,6000[","[4000,8000[","[0,10000[","[0,10000[",*
4505,"[4500,5000[","[4000,5000[","[4000,6000[","[4000,8000[","[0,10000[","[0,10000[",*
4508,"[4500,5000[","[4000,5000[","[4000,6000[","[4000,8000[","[0,10000[","[0,10000[",*
4509,"[4500,5000[","[4000,5000[","[4000,6000[","[4000,8000[","[0,10000[","[0,10000[",*
4512,"[4500,5000[","[4000,5000[","[4000,6000[","[4000,8000[","[0,10000[","[0,10000[",*
4513,"[4500,5000[","[4000,5000[","[4000,6000[","[4000,8000[","[0,10000[","[0,10000[",*
4515,"[4500,5000[","[4000,5000[","[4000,6000[","[4000,8000[","[0,10000[","[0,10000[",*
4517,"[4500,5000[","[4000,5000[","[4000,6000[","[4000,8000[","[0,10000[","[0,10000[",*
4519,"[4500,5000[","[4000,5000[","[4000,6000[","[4000,8000[","[0,10000[","[0,10000[",*
4520,"[4500,5000[","[4000,5000[","[4000,6000[","[4000,8000[","[0,10000[","[0,10000[",*
4522,"[4500,5000[","[4000,5000[","[4000,6000[","[4000,8000[","[0,10000[","[0,10000[",*
4527,"[4500,5000[","[4000,5000[","[4000,6000[","[4000,8000[","[0,10000[","[0,10000[",*
4531,"[4500,5000[","[4000,5000[","[4000,6000[","[4000,8000[","[0,10000[","[0,10000[",*
4533,"[4500,5000[","[4000,5000[","[4000,6000[","[4000,8000[","[0,10000[","[0,10000[",*
4535,"[4500,5000[","[4000,5000[","[4000,6000[","[4000,8000[","[0,10000[","[0,10000[",*
4536,"[4500,5000[","[4000,5000[","[4000,6000[","[4000,8000[","[0,10000[","[0,10000[",*
4537,"[4500,5000[","[4000,5000[","[4000,6000[","[4000,8000[","[0,10000[","[0,10000[",*
4539,"[4500,5000[","[4000,5000[","[4000,6000[","[4000,8000[","[0,10000[","[0,10000[",*
4541,"[4500,5000[","[4000,5000[","[4000,6000[","[4000,8000[","[0,10000[","[0,10000[",*
4542,"[4500,5000[","[4000,5000[","[4000,6000[","[4000,8000[","[0,10000[","[0,10000[",*
4543,"[4500,5000[","[4000,5000[","[4000,6000[","[4000,8000[","[0,10000[","[0,10000[",*
4544,"[4500,5000[","[4000,5000[","[4000,6000[","[4000,8000[","[0,10000[","[0,10000[",*
4545,"[4500,5000[","[4000,5000[","[4000,6000[","[4000,8000[","[0,10000[","[0,10000[",*
4547,"[4500,5000[","[4000,5000[","[4000,6000[","[4000,8000[","[0,10000[","[0,10000[",*
4554,"[4500,5000[","[4000,5000[","[4000,6000[","[4000,8000[","[0,10000[","[0,10000[",*
4556,"[4500,5000[","[4000,5000[","[4000,6000[","[4000,8000[","[0,10000[","[0,10000[",*
4557,"[4500,5000[","[4000,5000[","[4000,6000[","[4000,8000[","[0,10000[","[0,10000[",*
4558,"[4500,5000[","[4000,5000[","[4000,6000[","[4000,8000[","[0,10000[","[0,10000[",*
4561,"[4500,5000[","[4000,5000[","[4000,6000[","[4000,8000[","[0,10000[","[0,10000[",*
4562,"[4500,5000[","[4000,5000[","[4000,6000[","[4000,8000[","[0,10000[","[0,10000[",*
4564,"[4500,5000[","[4000,5000[","[4000,6000[","[4000,8000[","[0,10000[","[0,10000[",*
4565,"[4500,5000[","[4000,5000[","[4000,6000[","[4000,8000[","[0,10000[","[0,10000[",*
4567,"[4500,5000[","[4000,5000[","[4000,6000[","[4000,8000[","[0,10000[","[0,10000[",*
4568,"[4500,5000[","[4000,5000[","[4000,6000[","[4000,8000[","[0,10000[","[0,10000[",*
4570,"[4500,5000[","[4000,5000[","[4000,6000[","[4000,8000[","[0,10000[","[0,10000[",*
4572,"[4500,5000[","[4000,5000[","[4000,6000[","[4000,8000[","[0,10000[","[0,10000[",*
4574,"[4500,5000[","[4000,5000[","[4000,6000[","[4000,8000[","[0,10000[","[0,10000[",*
4575,"[4500,5000[","[4000,5000[","[4000,6000[","[4000,8000[","[0,10000[","[0,10000[",*
4576,"[4500,5000[","[4000,5000[","[4000,6000[","[4000,8000[","[0,10000[","[0,10000[",*
4577,"[4500,5000[","[4000,5000[","[4000,6000[","[4000,8000[","[0,10000[","[0,10000[",*
4578,"[4500,5000[","[4000,5000[","[4000,6000[","[4000,8000[","[0,10000[","[0,10000[",*
4579,"[4500,5000[","[4000,5000[","[4000,6000[","[4000,8000[","[0,10000[","[0,10000[",*
4580,"[4500,5000[","[4000,5000[","[4000,6000[","[4000,8000[","[0,10000[","[0,10000[",*
4581,"[4500,5000[","[4000,5000[","[4000,6000[","[4000,8000[","[0,10000[","[0,10000[",*
4582,"[4500,5000[","[4000,5000[","[4000,6000[","[4000,8000[","[0,10000[","[0,10000[",*
4583,"[4500,5000[","[4000,5000[","[4000,6000[","[4000,8000[","[0,10000[","[0,10000[",*
4585,"[4500,5000[","[4000,5000[","[4000,6000[","[4000,8000[","[0,10000[","[0,10000[",*
4586,"[4500,5000[","[4000,5000[","[4000,6000[","[4000,8000[","[0,10000[","[0,10000[",*
4587,"[4500,5000[","[4000,5000[","[4000,6000[","[4000,8000[","[0,10000[","[0,10000[",*
4588,"[4500,5000[","[4000,5000[","[4000,6000[","[4000,8000[","[0,10000[","[0,10000[",*
4589,"[4500,5000[","[4000,5000[","[4000,6000[","[4000,8000[","[0,10000[","[0,10000[",*
4590,"[4500,5000[","[4000,5000[","[4000,6000[","[4000,8000[","[0,10000[","[0,10000[",*
4591,"[4500,5000[","[4000,5000[","[4000,6000[","[4000,8000[","[0,10000[","[0,10000[",*
4592,"[4500,5000[","[4000,5000[","[4000,6000[","[4000,8000[","[0,10000[","[0,10000[",*
4593,"[4500,5000[","[4000,5000[","[4000,6000[","[4000,8000[","[0,10000[","[0,10000[",*
4594,"[4500,5000[","[4000,5000[","[4000,6000[","[4000,8000[","[0,10000[","[0,10000[",*
4596,"[4500,5000[","[4000,5000[","[4000,6000[","[4000,8000[","[0,10000[","[0,10000[",*
4597,"[4500,5000[","[4000,5000[","[4000,6000[","[4000,8000[","[0,10000[","[0,10000[",*
4599,"[4500,5000[","[4000,5000[","[4000,6000[","[4000,8000[","[0,10000[","[0,10000[",*
4601,"[4500,5000[","[4000,5000[","[4000,6000[","[4000,8000[","[0,10000[","[0,10000[",*
4602,"[4500,5000[","[4000,5000[","[4000,6000[","[4000,8000[","[0,10000[","[0,10000[",*
4605,"[4500,5000[","[4000,5000[","[4000,6000[","[4000,8000[","[0,10000[","[0,10000[",*
4606,"[4500,5000[","[4000,5000[","[4000,6000[","[4000,8000[","[0,10000[","[0,10000[",*
4608,"[4500,5000[","[4000,5000[","[4000,6000[","[4000,8000[","[0,10000[","[0,10000[",*
4610,"[4500,5000[","[4000,5000[","[4000,6000[","[4000,8000[","[0,10000[","[0,10000[",*
4612,"[4500,5000[","[4000,5000[","[4000,6000[","[4000,8000[","[0,10000[","[0,10000[",*
4613,"[4500,5000[","[4000,5000[","[4000,6000[","[4000,8000[","[0,10000[","[0,10000[",*
4617,"[4500,5000[","[4000,5000[","[4000,6000[","[4000,8000[","[0,10000[","[0,10000[",*
4619,"[4500,5000[","[4000,5000[","[4000,6000[","[4000,8000[","[0,10000[","[0,10000[",*
4622,"[4500,5000[","[4000,5000[","[4000,6000[","[4000,8000[","[0,10000[","[0,10000[",*
4623,"[4500,5000[","[4000,5000[","[4000,6000[","[4000,8000[","[0,10000[","[0,10000[",*
4629,"[4500,5000[","[4000,5000[","[4000,6000[","[4000,8000[","[0,10000[","[0,10000[",*
4630,"[4500,5000[","[4000,5000[","[4000,6000[","[4000,8000[","[0,10000[","[0,10000[",*
4634,"[4500,5000[","[4000,5000[","[4000,6000[","[4000,8000[","[0,10000[","[0,10000[",*
4635,"[4500,5000[","[4000,5000[","[4000,6000[","[4000,8000[","[0,10000[","[0,10000[",*
4636,"[4500,5000[","[4000,5000[","[4000,6000[","[4000,8000[","[0,10000[","[0,10000[",*
4638,"[4500,5000[","[4000,5000[","[4000,6000[","[4000,8000[","[0,10000[","[0,10000[",*
4639,"[4500,5000[","[4000,5000[","[4000,6000[","[4000,8000[","[0,10000[","[0,10000[",*
4641,"[4500,5000[","[4000,5000[","[4000,6000[","[4000,8000[","[0,10000[","[0,10000[",*
4642,"[4500,5000[","[4000,5000[","[4000,6000[","[4000,8000[","[0,10000[","[0,10000[",*
4644,"[4500,5000[","[4000,5000[","[4000,6000[","[4000,8000[","[0,10000[","[0,10000[",*
4645,"[4500,5000[","[4000,5000[","[4000,6000[","[4000,8000[","[0,10000[","[0,10000[",*
4646,"[4500,5000[","[4000,5000[","[4000,6000[","[4000,8000[","[0,10000[","[0,10000[",*
4647,"[4500,5000[","[4000,5000[","[4000,6000[","[4000,8000[","[0,10000[","[0,10000[",*
4648,"[4500,5000[","[4000,5000[","[4000,6000[","[4000,8000[","[0,10000[","[0,10000[",*
4649,"[4500,5000[","[4000,5000[","[4000,6000[","[4000,8000[","[0,10000[","[0,10000[",*
4654,"[4500,5000[","[4000,5000[","[4000,6000[","[4000,8000[","[0,10000[","[0,10000[",*
4655,"[4500,5000[","[4000,5000[","[4000,6000[","[4000,8000[","[0,10000[","[0,10000[",*
4656,"[4500,5000[","[4000,5000[","[4000,6000[","[4000,8000[","[0,10000[","[0,10000[",*
4657,"[4500,5000[","[4000,5000[","[4000,6000[","[4000,8000[","[0,10000[","[0,10000[",*
4659,"[4500,5000[","[4000,5000[","[4000,6000[","[4000,8000[","[0,10000[","[0,10000[",*
4660,"[4500,5000[","[4000,5000[","[4000,6000[","[4000,8000[","[0,10000[","[0,10000[",*
4661,"[4500,5000[","[4000,5000[","[4000,6000[","[4000,8000[","[0,10000[","[0,10000[",*
4664,"[4500,5000[","[4000,5000[","[4000,6000[","[4000,8000[","[0,10000[","[0,10000[",*
4665,"[4500,5000[","[4000,5000[","[4000,6000[","[4000,8000[","[0,10000[","[0,10000[",*
4666,"[4500,5000[","[4000,5000[","[4000,6000[","[4000,8000[","[0,10000[","[0,10000[",*
4667,"[4500,5000[","[4000,5000[","[4000,6000[","[4000,8000[","[0,10000[","[0,10000[",*
4674,"[4500,5000[","[4000,5000[","[4000,6000[","[4000,8000[","[0,10000[","[0,10000[",*
4675,"[4500,5000[","[4000,5000[","[4000,6000[","[4000,8000[","[0,10000[","[0,10000[",*
4676,"[4500,5000[","[4000,5000[","[4000,6000[","[4000,8000[","[0,10000[","[0,10000[",*
4680,"[4500,5000[","[4000,5000[","[4000,6000[","[4000,8000[","[0,10000[","[0,10000[",*
4681,"[4500,5000[","[4000,5000[","[4000,6000[","[4000,8000[","[0,10000[","[0,10000[",*
4683,"[4500,5000[","[4000,5000[","[4000,6000[","[4000,8000[","[0,10000[","[0,10000[",*
4684,"[4500,5000[","[4000,5000[","[4000,6000[","[4000,8000[","[0,10000[","[0,10000[",*
4687,"[4500,5000[","[4000,5000[","[4000,6000[","[4000,8000[","[0,10000[","[0,10000[",*
4688,"[4500,5000[","[4000,5000[","[4000,6000[","[4000,8000[","[0,10000[","[0,10000[",*
4692,"[4500,5000[","[4000,5000[","[4000,6000[","[4000,8000[","[0,10000[","[0,10000[",*
4693,"[4500,5000[","[4000,5000[","[4000,6000[","[4000,8000[","[0,10000[","[0,10000[",*
4694,"[4500,5000[","[4000,5000[","[4000,6000[","[4000,8000[","[0,10000[","[0,10000[",*
4695,"[4500,5000[","[4000,5000[","[4000,6000[","[4000,8000[","[0,10000[","[0,10000[",*
4696,"[4500,5000[","[4000,5000[","[4000,6000[","[4000,8000[","[0,10000[","[0,10000[",*
4697,"[4500,5000[","[4000,5000[","[4000,6000[","[4000,8000[","[0,10000[","[0,10000[",*
4698,"[4500,5000[","[4000,5000[","[4000,6000[","[4000,8000[","[0,10000[","[0,10000[",*
4700,"[4500,5000[","[4000,5000[","[4000,6000[","[4000,8000[","[0,10000[","[0,10000[",*
4707,"[4500,5000[","[4000,5000[","[4000,6000[","[4000,8000[","[0,10000[","[0,10000[",*
4708,"[4500,5000[","[4000,5000[","[4000,6000[","[4000,8000[","[0,10000[","[0,10000[",*
4709,"[4500,5000[","[4000,5000[","[4000,6000[","[4000,8000[","[0,10000[","[0,10000[",*
4711,"[4500,5000[","[4000,5000[","[4000,6000[","[4000,8000[","[0,10000[","[0,10000[",*
4712,"[4500,5000[","[4000,5000[","[4000,6000[","[4000,8000[","[0,10000[","[0,10000[",*
4713,"[4500,5000[","[4000,5000[","[4000,6000[","[4000,8000[","[0,10000[","[0,10000[",*
4714,"[4500,5000[","[4000,5000[","[4000,6000[","[4000,8000[","[0,10000[","[0,10000[",*
4716,"[4500,5000[","[4000,5000[","[4000,6000[","[4000,8000[","[0,10000[","[0,10000[",*
4717,"[4500,5000[","[4000,5000[","[4000,6000[","[4000,8000[","[0,10000[","[0,10000[",*
4718,"[4500,5000[","[4000,5000[","[4000,6000[","[4000,8000[","[0,10000[","[0,10000[",*
4719,"[4500,5000[","[4000,5000[","[4000,6000[","[4000,8000[","[0,10000[","[0,10000[",*
4720,"[4500,5000[","[4000,5000[","[4000,6000[","[4000,8000[","[0,10000[","[0,10000[",*
4721,"[4500,5000[","[4000,5000[","[4000,6000[","[4000,8000[","[0,10000[","[0,10000[",*
4722,"[4500,5000[","[4000,5000[","[4000,6000[","[4000,8000[","[0,10000[","[0,10000[",*
4723,"[4500,5000[","[4000,5000[","[4000,6000[","[4000,8000[","[0,10000[","[0,10000[",*
4725,"[4500,5000[","[4000,5000[","[4000,6000[","[4000,8000[","[0,10000[","[0,10000[",*
4726,"[4500,5000[","[4000,5000[","[4000,6000[","[4000,8000[","[0,10000[","[0,10000[",*
4727,"[4500,5000[","[4000,5000[","[4000,6000[","[4000,8000[","[0,10000[","[0,10000[",*
4728,"[4500,5000[","[4000,5000[","[4000,6000[","[4000,8000[","[0,10000[","[0,10000[",*
4731,"[4500,5000[","[4000,5000[","[4000,6000[","[4000,8000[","[0,10000[","[0,10000[",*
4733,"[4500,5000[","[4000,5000[","[4000,6000[","[4000,8000[","[0,10000[","[0,10000[",*
4736,"[4500,5000[","[4000,5000[","[4000,6000[","[4000,8000[","[0,10000[","[0,10000[",*
4737,"[4500,5000[","[4000,5000[","[4000,6000[","[4000,8000[","[0,10000[","[0,10000[",*
4738,"[4500,5000[","[4000,5000[","[4000,6000[","[4000,8000[","[0,10000[","[0,10000[",*
4741,"[4500,5000[","[4000,5000[","[4000,6000[","[4000,8000[","[0,10000[","[0,10000[",*
4744,"[4500,5000[","[4000,5000[","[4000,6000[","[4000,8000[","[0,10000[","[0,10000[",*
4745,"[4500,5000[","[4000,5000[","[4000,6000[","[4000,8000[","[0,10000[","[0,10000[",*
4746,"[4500,5000[","[4000,5000[","[4000,6000[","[4000,8000[","[0,10000[","[0,10000[",*
4749,"[4500,5000[","[4000,5000[","[4000,6000[","[4000,8000[","[0,10000[","[0,10000[",*
4751,"[4500,5000[","[4000,5000[","[4000,6000[","[4000,8000[","[0,10000[","[0,10000[",*
4752,"[4500,5000[","[4000,5000[","[4000,6000[","[4000,8000[","[0,10000[","[0,10000[",*
4758,"[4500,5000[","[4000,5000[","[4000,6000[","[4000,8000[","[0,10000[","[0,10000[",*
4760,"[4500,5000[","[4000,5000[","[4000,6000[","[4000,8000[","[0,10000[","[0,10000[",*
4761,"[4500,5000[","[4000,5000[","[4000,6000[","[4000,8000[","[0,10000[","[0,10000[",*
4763,"[4500,5000[","[4000,5000[","[4000,6000[","[4000,8000[","[0,10000[","[0,10000[",*
4764,"[4500,5000[","[4000,5000[","[4000,6000[","[4000,8000[","[0,10000[","[0,10000[",*
4765,"[4500,5000[","[4000,5000[","[4000,6000[","[4000,8000[","[0,10000[","[0,10000[",*
4769,"[4500,5000[","[4000,5000[","[4000,6000[","[4000,8000[","[0,10000[","[0,10000[",*
4770,"[4500,5000[","[4000,5000[","[4000,6000[","[4000,8000[","[0,10000[","[0,10000[",*
4771,"[4500,5000[","[4000,5000[","[4000,6000[","[4000,8000[","[0,10000[","[0,10000[",*
4772,"[4500,5000[","[4000,5000[","[4000,6000[","[4000,8000[","[0,10000[","[0,10000[",*
4775,"[4500,5000[","[4000,5000[","[4000,6000[","[4000,8000[","[0,10000[","[0,10000[",*
4777,"[4500,5000[","[4000,5000[","[4000,6000[","[4000,8000[","[0,10000[","[0,10000[",*
4778,"[4500,5000[","[4000,5000[","[4000,6000[","[4000,8000[","[0,10000[","[0,10000[",*
4780,"[4500,5000[","[4000,5000[","[4000,6000[","[4000,8000[","[0,10000[","[0,10000[",*
4782,"[4500,5000[","[4000,5000[","[4000,6000[","[4000,8000[","[0,10000[","[0,10000[",*
4785,"[4500,5000[","[4000,5000[","[4000,6000[","[4000,8000[","[0,10000[","[0,10000[",*
4786,"[4500,5000[","[4000,5000[","[4000,6000[","[4000,8000[","[0,10000[","[0,10000[",*
4787,"[4500,5000[","[4000,5000[","[4000,6000[","[4000,8000[","[0,10000[","[0,10000[",*
4788,"[4500,5000[","[4000,5000[","[4000,6000[","[4000,8000[","[0,10000[","[0,10000[",*
4789,"[4500,5000[","[4000,5000[","[4000,6000[","[4000,8000[","[0,10000[","[0,10000[",*
4790,"[4500,5000[","[4000,5000[","[4000,6000[","[4000,8000[","[0,10000[","[0,10000[",*
4791,"[4500,5000[","[4000,5000[","[4000,6000[","[4000,8000[","[0,10000[","[0,10000[",*
4792,"[4500,5000[","[4000,5000[","[4000,6000[","[4000,8000[","[0,10000[","[0,10000[",*
4793,"[4500,5000[","[4000,5000[","[4000,6000[","[4000,8000[","[0,10000[","[0,10000[",*
4795,"[4500,5000[","[4000,5000[","[4000,6000[","[4000,8000[","[0,10000[","[0,10000[",*
4798,"[4500,5000[","[4000,5000[","[4000,6000[","[4000,8000[","[0,10000[","[0,10000[",*
4800,"[4500,5000[","[4000,5000[","[4000,6000[","[4000,8000[","[0,10000[","[0,10000[",*
4803,"[4500,5000[","[4000,5000[","[4000,6000[","[4000,8000[","[0,10000[","[0,10000[",*
4805,"[4500,5000[","[4000,5000[","[4000,6000[","[4000,8000[","[0,10000[","[0,10000[",*
4807,"[4500,5000[","[4000,5000[","[4000,6000[","[4000,8000[","[0,10000[","[0,10000[",*
4808,"[4500,5000[","[4000,5000[","[4000,6000[","[4000,8000[","[0,10000[","[0,10000[",*
4809,"[4500,5000[","[4000,5000[","[4000,6000[","[4000,8000[","[0,10000[","[0,10000[",*
4816,"[4500,5000[","[4000,5000[","[4000,6000[","[4000,8000[","[0,10000[","[0,10000[",*
4819,"[4500,5000[","[4000,5000[","[4000,6000[","[4000,8000[","[0,10000[","[0,10000[",*
4820,"[4500,5000[","[4000,5000[","[4000,6000[","[4000,8000[","[0,10000[","[0,10000[",*
4822,"[4500,5000[","[4000,5000[","[4000,6000[","[4000,8000[","[0,10000[","[0,10000[",*
4824,"[4500,5000[","[4000,5000[","[4000,6000[","[4000,8000[","[0,10000[","[0,10000[",*
4826,"[4500,5000[","[4000,5000[","[4000,6000[","[4000,8000[","[0,10000[","[0,10000[",*
4829,"[4500,5000[","[4000,5000[","[4000,6000[","[4000,8000[","[0,10000[","[0,10000[",*
4830,"[4500,5000[","[4000,5000[","[4000,6000[","[4000,8000[","[0,10000[","[0,10000[",*
4831,"[4500,5000[","[4000,5000[","[4000,6000[","[4000,8000[","[0,10000[","[0,10000[",*
4833,"[4500,5000[","[4000,5000[","[4000,6000[","[4000,8000[","[0,10000[","[0,10000[",*
4835,"[4500,5000[","[4000,5000[","[4000,6000[","[4000,8000[","[0,10000[","[0,10000[",*
4837,"[4500,5000[","[4000,5000[","[4000,6000[","[4000,8000[","[0,10000[","[0,10000[",*
4840,"[4500,5000[","[4000,5000[","[4000,6000[","[4000,8000[","[0,10000[","[0,10000[",*
4841,"[4500,5000[","[4000,5000[","[4000,6000[","[4000,8000[","[0,10000[","[0,10000[",*
4842,"[4500,5000[","[4000,5000[","[4000,6000[","[4000,8000[","[0,10000[","[0,10000[",*
4843,"[4500,5000[","[4000,5000[","[4000,6000[","[4000,8000[","[0,10000[","[0,10000[",*
4844,"[4500,5000[","[4000,5000[","[4000,6000[","[4000,8000[","[0,10000[","[0,10000[",*
4845,"[4500,5000[","[4000,5000[","[4000,6000[","[4000,8000[","[0,10000[","[0,10000[",*
4846,"[4500,5000[","[4000,5000[","[4000,6000[","[4000,8000[","[0,10000[","[0,10000[",*
4847,"[4500,5000[","[4000,5000[","[4000,6000[","[4000,8000[","[0,10000[","[0,10000[",*
4848,"[4500,5000[","[4000,5000[","[4000,6000[","[4000,8000[","[0,10000[","[0,10000[",*
4850,"[4500,5000[","[4000,5000[","[4000,6000[","[4000,8000[","[0,10000[","[0,10000[",*
4852,"[4500,5000[","[4000,5000[","[4000,6000[","[4000,8000[","[0,10000[","[0,10000[",*
4853,"[4500,5000[","[4000,5000[","[4000,6000[","[4000,8000[","[0,10000[","[0,10000[",*
4855,"[4500,5000[","[4000,5000[","[4000,6000[","[4000,8000[","[0,10000[","[0,10000[",*
4856,"[4500,5000[","[4000,5000[","[4000,6000[","[4000,8000[","[0,10000[","[0,10000[",*
4859,"[4500,5000[","[4000,5000[","[4000,6000[","[4000,8000[","[0,10000[","[0,10000[",*
4860,"[4500,5000[","[4000,5000[","[4000,6000[","[4000,8000[","[0,10000[","[0,10000[",*
4861,"[4500,5000[","[4000,5000[","[4000,6000[","[4000,8000[","[0,10000[","[0,10000[",*
4867,"[4500,5000[","[4000,5000[","[4000,6000[","[4000,8000[","[0,10000[","[0,10000[",*
4869,"[4500,5000[","[4000,5000[","[4000,6000[","[4000,8000[","[0,10000[","[0,10000[",*
4871,"[4500,5000[","[4000,5000[","[4000,6000[","[4000,8000[","[0,10000[","[0,10000[",*
4872,"[4500,5000[","[4000,5000[","[4000,6000[","[4000,8000[","[0,10000[","[0,10000[",*
4873,"[4500,5000[","[4000,5000[","[4000,6000[","[4000,8000[","[0,10000[","[0,10000[",*
4874,"[4500,5000[","[4000,5000[","[4000,6000[","[4000,8000[","[0,10000[","[0,10000[",*
4877,"[4500,5000[","[4000,5000[","[4000,6000[","[4000,8000[","[0,10000[","[0,10000[",*
4879,"[4500,5000[","[4000,5000[","[4000,6000[","[4000,8000[","[0,10000[","[0,10000[",*
4882,"[4500,5000[","[4000,5000[","[4000,6000[","[4000,8000[","[0,10000[","[0,10000[",*
4885,"[4500,5000[","[4000,5000[","[4000,6000[","[4000,8000[","[0,10000[","[0,10000[",*
4886,"[4500,5000[","[4000,5000[","[4000,6000[","[4000,8000[","[0,10000[","[0,10000[",*
4887,"[4500,5000[","[4000,5000[","[4000,6000[","[4000,8000[","[0,10000[","[0,10000[",*
4888,"[4500,5000[","[4000,5000[","[4000,6000[","[4000,8000[","[0,10000[","[0,10000[",*
4889,"[4500,5000[","[4000,5000[","[4000,6000[","[4000,8000[","[0,10000[","[0,10000[",*
4894,"[4500,5000[","[4000,5000[","[4000,6000[","[4000,8000[","[0,10000[","[0,10000[",*
4895,"[4500,5000[","[4000,5000[","[4000,6000[","[4000,8000[","[0,10000[","[0,10000[",*
4896,"[4500,5000[","[4000,5000[","[4000,6000[","[4000,8000[","[0,10000[","[0,10000[",*
4897,"[4500,5000[","[4000,5000[","[4000,6000[","[4000,8000[","[0,10000[","[0,10000[",*
4899,"[4500,5000[","[4000,5000[","[4000,6000[","[4000,8000[","[0,10000[","[0,10000[",*
4900,"[4500,5000[","[4000,5000[","[4000,6000[","[4000,8000[","[0,10000[","[0,10000[",*
4902,"[4500,5000[","[4000,5000[","[4000,6000[","[4000,8000[","[0,10000[","[0,10000[",*
4903,"[4500,5000[","[4000,5000[","[4000,6000[","[4000,8000[","[0,10000[","[0,10000[",*
4904,"[4500,5000[","[4000,5000[","[4000,6000[","[4000,8000[","[0,10000[","[0,10000[",*
4906,"[4500,5000[","[4000,5000[","[4000,6000[","[4000,8000[","[0,10000[","[0,10000[",*
4908,"[4500,5000[","[4000,5000[","[4000,6000[","[4000,8000[","[0,10000[","[0,10000[",*
4909,"[4500,5000[","[4000,5000[","[4000,6000[","[4000,8000[","[0,10000[","[0,10000[",*
4910,"[4500,5000[","[4000,5000[","[4000,6000[","[4000,8000[","[0,10000[","[0,10000[",*
4912,"[4500,5000[","[4000,5000[","[4000,6000[","[4000,8000[","[0,10000[","[0,10000[",*
4914,"[4500,5000[","[4000,5000[","[4000,6000[","[4000,8000[","[0,10000[","[0,10000[",*
4917,"[4500,5000[","[4000,5000[","[4000,6000[","[4000,8000[","[0,10000[","[0,10000[",*
4920,"[4500,5000[","[4000,5000[","[4000,6000[","[4000,8000[","[0,10000[","[0,10000[",*
4922,"[4500,5000[","[4000,5000[","[4000,6000[","[4000,8000[","[0,10000[","[0,10000[",*
4923,"[4500,5000[","[4000,5000[","[4000,6000[","[4000,8000[","[0,10000[","[0,10000[",*
4924,"[4500,5000[","[4000,5000[","[4000,6000[","[4000,8000[","[0,10000[","[0,10000[",*
4925,"[4500,5000[","[4000,5000[","[4000,6000[","[4000,8000[","[0,10000[","[0,10000[",*
4928,"[4500,5000[","[4000,5000[","[4000,6000[","[4000,8000[","[0,10000[","[0,10000[",*
4929,"[4500,5000[","[4000,5000[","[4000,6000[","[4000,8000[","[0,10000[","[0,10000[",*
4930,"[4500,5000[","[4000,5000[","[4000,6000[","[4000,8000[","[0,10000[","[0,10000[",*
4932,"[4500,5000[","[4000,5000[","[4000,6000[","[4000,8000[","[0,10000[","[0,10000[",*
4937,"[4500,5000[","[4000,5000[","[4000,6000[","[4000,8000[","[0,10000[","[0,10000[",*
4941,"[4500,5000[","[4000,5000[","[4000,6000[","[4000,8000[","[0,10000[","[0,10000[",*
4943,"[4500,5000[","[4000,5000[","[4000,6000[","[4000,8000[","[0,10000[","[0,10000[",*
4945,"[4500,5000[","[4000,5000[","[4000,6000[","[4000,8000[","[0,10000[","[0,10000[",*
4948,"[4500,5000[","[4000,5000[","[4000,6000[","[4000,8000[","[0,10000[","[0,10000[",*
4949,"[4500,5000[","[4000,5000[","[4000,6000[","[4000,8000[","[0,10000[","[0,10000[",*
4951,"[4500,5000[","[4000,5000[","[4000,6000[","[4000,8000[","[0,10000[","[0,10000[",*
4953,"[4500,5000[","[4000,5000[","[4000,6000[","[4000,8000[","[0,10000[","[0,10000[",*
4954,"[4500,5000[","[4000,5000[","[4000,6000[","[4000,8000[","[0,10000[","[0,10000[",*
4956,"[4500,5000[","[4000,5000[","[4000,6000[","[4000,8000[","[0,10000[","[0,10000[",*
4958,"[4500,5000[","[4000,5000[","[4000,6000[","[4000,8000[","[0,10000[","[0,10000[",*
4959,"[4500,5000[","[4000,5000[","[4000,6000[","[4000,8000[","[0,10000[","[0,10000[",*
4960,"[4500,5000[","[4000,5000[","[4000,6000[","[4000,8000[","[0,10000[","[0,10000[",*
4961,"[4500,5000[","[4000,5000[","[4000,6000[","[4000,8000[","[0,10000[","[0,10000[",*
4962,"[4500,5000[","[4000,5000[","[4000,6000[","[4000,8000[","[0,10000[","[0,10000[",*
4963,"[4500,5000[","[4000,5000[","[4000,6000[","[4000,8000[","[0,10000[","[0,10000[",*
4965,"[4500,5000[","[4000,5000[","[4000,6000[","[4000,8000[","[0,10000[","[0,10000[",*
4967,"[4500,5000[","[4000,5000[","[4000,6000[","[4000,8000[","[0,10000[","[0,10000[",*
4968,"[4500,5000[","[4000,5000[","[4000,6000[","[4000,8000[","[0,10000[","[0,10000[",*
4969,"[4500,5000[","[4000,5000[","[4000,6000[","[4000,8000[","[0,10000[","[0,10000[",*
4971,"[4500,5000[","[4000,5000[","[4000,6000[","[4000,8000[","[0,10000[","[0,10000[",*
4974,"[4500,5000[","[4000,5000[","[4000,6000[","[4000,8000[","[0,10000[","[0,10000[",*
4976,"[4500,5000[","[4000,5000[","[4000,6000[","[4000,8000[","[0,10000[","[0,10000[",*
4978,"[4500,5000[","[4000,5000[","[4000,6000[","[4000,8000[","[0,10000[","[0,10000[",*
4979,"[4500,5000[","[4000,5000[","[4000,6000[","[4000,8000[","[0,10000[","[0,10000[",*
4982,"[4500,5000[","[4000,5000[","[4000,6000[","[4000,8000[","[0,10000[","[0,10000[",*
4984,"[4500,5000[","[4000,5000[","[4000,6000[","[4000,8000[","[0,10000[","[0,10000[",*
4985,"[4500,5000[","[4000,5000[","[4000,6000[","[4000,8000[","[0,10000[","[0,10000[",*
4986,"[4500,5000[","[4000,5000[","[4000,6000[","[4000,8000[","[0,10000[","[0,10000[",*
4987,"[4500,5000[","[4000,5000[","[4000,6000[","[4000,8000[","[0,10000[","[0,10000[",*
4990,"[4500,5000[","[4000,5000[","[4000,6000[","[4000,8000[","[0,10000[","[0,10000[",*
4991,"[4500,5000[","[4000,5000[","[4000,6000[","[4000,8000[","[0,10000[","[0,10000[",*
4994,"[4500,5000[","[4000,5000[","[4000,6000[","[4000,8000[","[0,10000[","[0,10000[",*
4996,"[4500,5000[","[4000,5000[","[4000,6000[","[4000,8000[","[0,10000[","[0,10000[",*
4997,"[4500,5000[","[4000,5000[","[4000,6000[","[4000,8000[","[0,10000[","[0,10000[",*
4998,"[4500,5000[","[4000,5000[","[4000,6000[","[4000,8000[","[0,10000[","[0,10000[",*
5000,"[5000,5500[","[5000,6000[","[4000,6000[","[4000,8000[","[0,10000[","[0,10000[",*
5003,"[5000,5500[","[5000,6000[","[4000,6000[","[4000,8000[","[0,10000[","[0,10000[",*
5004,"[5000,5500[","[5000,6000[","[4000,6000[","[4000,8000[","[0,10000[","[0,10000[",*
5005,"[5000,5500[","[5000,6000[","[4000,6000[","[4000,8000[","[0,10000[","[0,10000[",*
5006,"[5000,5500[","[5000,6000[","[4000,6000[","[4000,8000[","[0,10000[","[0,10000[",*
5007,"[5000,5500[","[5000,6000[","[4000,6000[","[4000,8000[","[0,10000[","[0,10000[",*
5008,"[5000,5500[","[5000,6000[","[4000,6000[","[4000,8000[","[0,10000[","[0,10000[",*
5009,"[5000,5500[","[5000,6000[","[4000,6000[","[4000,8000[","[0,10000[","[0,10000[",*
5010,"[5000,5500[","[5000,6000[","[4000,6000[","[4000,8000[","[0,10000[","[0,10000[",*
5011,"[5000,5500[","[5000,6000[","[4000,6000[","[4000,8000[","[0,10000[","[0,10000[",*
5012,"[5000,5500[","[5000,6000[","[4000,6000[","[4000,8000[","[0,10000[","[0,10000[",*
5016,"[5000,5500[","[5000,6000[","[4000,6000[","[4000,8000[","[0,10000[","[0,10000[",*
5021,"[5000,5500[","[5000,6000[","[4000,6000[","[4000,8000[","[0,10000[","[0,10000[",*
5024,"[5000,5500[","[5000,6000[","[4000,6000[","[4000,8000[","[0,10000[","[0,10000[",*
5028,"[5000,5500[","[5000,6000[","[4000,6000[","[4000,8000[","[0,10000[","[0,10000[",*
5029,"[5000,5500[","[5000,6000[","[4000,6000[","[4000,8000[","[0,10000[","[0,10000[",*
5034,"[5000,5500[","[5000,6000[","[4000,6000[","[4000,8000[","[0,10000[","[0,10000[",*
5037,"[5000,5500[","[5000,6000[","[4000,6000[","[4000,8000[","[0,10000[","[0,10000[",*
5038,"[5000,5500[","[5000,6000[","[4000,6000[","[4000,8000[","[0,10000[","[0,10000[",*
5039,"[5000,5500[","[5000,6000[","[4000,6000[","[4000,8000[","[0,10000[","[0,10000[",*
5041,"[5000,5500[","[5000,6000[","[4000,6000[","[4000,8000[","[0,10000[","[0,10000[",*
5043,"[5000,5500[","[5000,6000[","[4000,6000[","[4000,8000[","[0,10000[","[0,10000[",*
5045,"[5000,5500[","[5000,6000[","[4000,6000[","[4000,8000[","[0,10000[","[0,10000[",*
5047,"[5000,5500[","[5000,6000[","[4000,6000[","[4000,8000[","[0,10000[","[0,10000[",*
5048,"[5000,5500[","[5000,6000[","[4000,6000[","[4000,8000[","[0,10000[","[0,10000[",*
5049,"[5000,5500[","[5000,6000[","[4000,6000[","[4000,8000[","[0,10000[","[0,10000[",*
5050,"[5000,5500[","[5000,6000[","[4000,6000[","[4000,8000[","[0,10000[","[0,10000[",*
5052,"[5000,5500[","[5000,6000[","[4000,6000[","[4000,8000[","[0,10000[","[0,10000[",*
5057,"[5000,5500[","[5000,6000[","[4000,6000[","[4000,8000[","[0,10000[","[0,10000[",*
5058,"[5000,5500[","[5000,6000[","[4000,6000[","[4000,8000[","[0,10000[","[0,10000[",*
5059,"[5000,5500[","[5000,6000[","[4000,6000[","[4000,8000[","[0,10000[","[0,10000[",*
5060,"[5000,5500[","[5000,6000[","[4000,6000[","[4000,8000[","[0,10000[","[0,10000[",*
5061,"[5000,5500[","[5000,6000[","[4000,6000[","[4000,8000[","[0,10000[","[0,10000[",*
5063,"[5000,5500[","[5000,6000[","[4000,6000[","[4000,8000[","[0,10000[","[0,10000[",*
5064,"[5000,5500[","[5000,6000[","[4000,6000[","[4000,8000[","[0,10000[","[0,10000[",*
5065,"[5000,5500[","[5000,6000[","[4000,6000[","[4000,8000[","[0,10000[","[0,10000[",*
5068,"[5000,5500[","[5000,6000[","[4000,6000[","[4000,8000[","[0,10000[","[0,10000[",*
5073,"[5000,5500[","[5000,6000[","[4000,6000[","[4000,8000[","[0,10000[","[0,10000[",*
5074,"[5000,5500[","[5000,6000[","[4000,6000[","[4000,8000[","[0,10000[","[0,10000[",*
5075,"[5000,5500[","[5000,6000[","[4000,6000[","[4000,8000[","[0,10000[","[0,10000[",*
5076,"[5000,5500[","[5000,6000[","[4000,6000[","[4000,8000[","[0,10000[","[0,10000[",*
5078,"[5000,5500[","[5000,6000[","[4000,6000[","[4000,8000[","[0,10000[","[0,10000[",*
5082,"[5000,5500[","[5000,6000[","[4000,6000[","[4000,8000[","[0,10000[","[0,10000[",*
5083,"[5000,5500[","[5000,6000[","[4000,6000[","[4000,8000[","[0,10000[","[0,10000[",*
5084,"[5000,5500[","[5000,6000[","[4000,6000[","[4000,8000[","[0,10000[","[0,10000[",*
5086,"[5000,5500[","[5000,6000[","[4000,6000[","[4000,8000[","[0,10000[","[0,10000[",*
5087,"[5000,5500[","[5000,6000[","[4000,6000[","[4000,8000[","[0,10000[","[0,10000[",*
5089,"[5000,5500[","[5000,6000[","[4000,6000[","[4000,8000[","[0,10000[","[0,10000[",*
5090,"[5000,5500[","[5000,6000[","[4000,6000[","[4000,8000[","[0,10000[","[0,10000[",*
5091,"[5000,5500[","[5000,6000[","[4000,6000[","[4000,8000[","[0,10000[","[0,10000[",*
5092,"[5000,5500[","[5000,6000[","[4000,6000[","[4000,8000[","[0,10000[","[0,10000[",*
5094,"[5000,5500[","[5000,6000[","[4000,6000[","[4000,8000[","[0,10000[","[0,10000[",*
5095,"[5000,5500[","[5000,6000[","[4000,6000[","[4000,8000[","[0,10000[","[0,10000[",*
5098,"[5000,5500[","[5000,6000[","[4000,6000[","[4000,8000[","[0,10000[","[0,10000[",*
5102,"[5000,5500[","[5000,6000[","[4000,6000[","[4000,8000[","[0,10000[","[0,10000[",*
5106,"[5000,5500[","[5000,6000[","[4000,6000[","[4000,8000[","[0,10000[","[0,10000[",*
5108,"[5000,5500[","[5000,6000[","[4000,6000[","[4000,8000[","[0,10000[","[0,10000[",*
5109,"[5000,5500[","[5000,6000[","[4000,6000[","[4000,8000[","[0,10000[","[0,10000[",*
5110,"[5000,5500[","[5000,6000[","[4000,6000[","[4000,8000[","[0,10000[","[0,10000[",*
5112,"[5000,5500[","[5000,6000[","[4000,6000[","[4000,8000[","[0,10000[","[0,10000[",*
5114,"[5000,5500[","[5000,6000[","[4000,6000[","[4000,8000[","[0,10000[","[0,10000[",*
5115,"[5000,5500[","[5000,6000[","[4000,6000[","[4000,8000[","[0,10000[","[0,10000[",*
5116,"[5000,5500[","[5000,6000[","[4000,6000[","[4000,8000[","[0,10000[","[0,10000[",*
5118,"[5000,5500[","[5000,6000[","[4000,6000[","[4000,8000[","[0,10000[","[0,10000[",*
5119,"[5000,5500[","[5000,6000[","[4000,6000[","[4000,8000[","[0,10000[","[0,10000[",*
5122,"[5000,5500[","[5000,6000[","[4000,6000[","[4000,8000[","[0,10000[","[0,10000[",*
5124,"[5000,5500[","[5000,6000[","[4000,6000[","[4000,8000[","[0,10000[","[0,10000[",*
5126,"[5000,5500[","[5000,6000[","[4000,6000[","[4000,8000[","[0,10000[","[0,10000[",*
5127,"[5000,5500[","[5000,6000[","[4000,6000[","[4000,8000[","[0,10000[","[0,10000[",*
5129,"[5000,5500[","[5000,6000[","[4000,6000[","[4000,8000[","[0,10000[","[0,10000[",*
5130,"[5000,5500[","[5000,6000[","[4000,6000[","[4000,8000[","[0,10000[","[0,10000[",*
5131,"[5000,5500[","[5000,6000[","[4000,6000[","[4000,8000[","[0,10000[","[0,10000[",*
5132,"[5000,5500[","[5000,6000[","[4000,6000[","[4000,8000[","[0,10000[","[0,10000[",*
5133,"[5000,5500[","[5000,6000[","[4000,6000[","[4000,8000[","[0,10000[","[0,10000[",*
5137,"[5000,5500[","[5000,6000[","[4000,6000[","[4000,8000[","[0,10000[","[0,10000[",*
5142,"[5000,5500[","[5000,6000[","[4000,6000[","[4000,8000[","[0,10000[","[0,10000[",*
5143,"[5000,5500[","[5000,6000[","[4000,6000[","[4000,8000[","[0,10000[","[0,10000[",*
5145,"[5000,5500[","[5000,6000[","[4000,6000[","[4000,8000[","[0,10000[","[0,10000[",*
5149,"[5000,5500[","[5000,6000[","[4000,6000[","[4000,8000[","[0,10000[","[0,10000[",*
5151,"[5000,5500[","[5000,6000[","[4000,6000[","[4000,8000[","[0,10000[","[0,10000[",*
5152,"[5000,5500[","[5000,6000[","[4000,6000[","[4000,8000[","[0,10000[","[0,10000[",*
5154,"[5000,5500[","[5000,6000[","[4000,6000[","[4000,8000[","[0,10000[","[0,10000[",*
5156,"[5000,5500[","[5000,6000[","[4000,6000[","[4000,8000[","[0,10000[","[0,10000[",*
5157,"[5000,5500[","[5000,6000[","[4000,6000[","[4000,8000[","[0,10000[","[0,10000[",*
5163,"[5000,5500[","[5000,6000[","[4000,6000[","[4000,8000[","[0,10000[","[0,10000[",*
5164,"[5000,5500[","[5000,6000[","[4000,6000[","[4000,8000[","[0,10000[","[0,10000[",*
5167,"[5000,5500[","[5000,6000[","[4000,6000[","[4000,8000[","[0,10000[","[0,10000[",*
5169,"[5000,5500[","[5000,6000[","[4000,6000[","[4000,8000[","[0,10000[","[0,10000[",*
5171,"[5000,5500[","[5000,6000[","[4000,6000[","[4000,8000[","[0,10000[","[0,10000[",*
5172,"[5000,5500[","[5000,6000[","[4000,6000[","[4000,8000[","[0,10000[","[0,10000[",*
5173,"[5000,5500[","[5000,6000[","[4000,6000[","[4000,8000[","[0,10000[","[0,10000[",*
5176,"[5000,5500[","[5000,6000[","[4000,6000[","[4000,8000[","[0,10000[","[0,10000[",*
5177,"[5000,5500[","[5000,6000[","[4000,6000[","[4000,8000[","[0,10000[","[0,10000[",*
5181,"[5000,5500[","[5000,6000[","[4000,6000[","[4000,8000[","[0,10000[","[0,10000[",*
5187,"[5000,5500[","[5000,6000[","[4000,6000[","[4000,8000[","[0,10000[","[0,10000[",*
5188,"[5000,5500[","[5000,6000[","[4000,6000[","[4000,8000[","[0,10000[","[0,10000[",*
5191,"[5000,5500[","[5000,6000[","[4000,6000[","[4000,8000[","[0,10000[","[0,10000[",*
5193,"[5000,5500[","[5000,6000[","[4000,6000[","[4000,8000[","[0,10000[","[0,10000[",*
5195,"[5000,5500[","[5000,6000[","[4000,6000[","[4000,8000[","[0,10000[","[0,10000[",*
5196,"[5000,5500[","[5000,6000[","[4000,6000[","[4000,8000[","[0,10000[","[0,10000[",*
5201,"[5000,5500[","[5000,6000[","[4000,6000[","[4000,8000[","[0,10000[","[0,10000[",*
5204,"[5000,5500[","[5000,6000[","[4000,6000[","[4000,8000[","[0,10000[","[0,10000[",*
5205,"[5000,5500[","[5000,6000[","[4000,6000[","[4000,8000[","[0,10000[","[0,10000[",*
5206,"[5000,5500[","[5000,6000[","[4000,6000[","[4000,8000[","[0,10000[","[0,10000[",*
5207,"[5000,5500[","[5000,6000[","[4000,6000[","[4000,8000[","[0,10000[","[0,10000[",*
5210,"[5000,5500[","[5000,6000[","[4000,6000[","[4000,8000[","[0,10000[","[0,10000[",*
5214,"[5000,5500[","[5000,6000[","[4000,6000[","[4000,8000[","[0,10000[","[0,10000[",*
5215,"[5000,5500[","[5000,6000[","[4000,6000[","[4000,8000[","[0,10000[","[0,10000[",*
5219,"[5000,5500[","[5000,6000[","[4000,6000[","[4000,8000[","[0,10000[","[0,10000[",*
5220,"[5000,5500[","[5000,6000[","[4000,6000[","[4000,8000[","[0,10000[","[0,10000[",*
5222,"[5000,5500[","[5000,6000[","[4000,6000[","[4000,8000[","[0,10000[","[0,10000[",*
5223,"[5000,5500[","[5000,6000[","[4000,6000[","[4000,8000[","[0,10000[","[0,10000[",*
5231,"[5000,5500[","[5000,6000[","[4000,6000[","[4000,8000[","[0,10000[","[0,10000[",*
5233,"[5000,5500[","[5000,6000[","[4000,6000[","[4000,8000[","[0,10000[","[0,10000[",*
5234,"[5000,5500[","[5000,6000[","[4000,6000[","[4000,8000[","[0,10000[","[0,10000[",*
5235,"[5000,5500[","[5000,6000[","[4000,6000[","[4000,8000[","[0,10000[","[0,10000[",*
5236,"[5000,5500[","[5000,6000[","[4000,6000[","[4000,8000[","[0,10000[","[0,10000[",*
5238,"[5000,5500[","[5000,6000[","[4000,6000[","[4000,8000[","[0,10000[","[0,10000[",*
5239,"[5000,5500[","[5000,6000[","[4000,6000[","[4000,8000[","[0,10000[","[0,10000[",*
5241,"[5000,5500[","[5000,6000[","[4000,6000[","[4000,8000[","[0,10000[","[0,10000[",*
5244,"[5000,5500[","[5000,6000[","[4000,6000[","[4000,8000[","[0,10000[","[0,10000[",*
5248,"[5000,5500[","[5000,6000[","[4000,6000[","[4000,8000[","[0,10000[","[0,10000[",*
5249,"[5000,5500[","[5000,6000[","[4000,6000[","[4000,8000[","[0,10000[","[0,10000[",*
5250,"[5000,5500[","[5000,6000[","[4000,6000[","[4000,8000[","[0,10000[","[0,10000[",*
5251,"[5000,5500[","[5000,6000[","[4000,6000[","[4000,8000[","[0,10000[","[0,10000[",*
5252,"[5000,5500[","[5000,6000[","[4000,6000[","[4000,8000[","[0,10000[","[0,10000[",*
5253,"[5000,5500[","[5000,6000[","[4000,6000[","[4000,8000[","[0,10000[","[0,10000[",*
5254,"[5000,5500[","[5000,6000[","[4000,6000[","[4000,8000[","[0,10000[","[0,10000[",*
5260,"[5000,5500[","[5000,6000[","[4000,6000[","[4000,8000[","[0,10000[","[0,10000[",*
5261,"[5000,5500[","[5000,6000[","[4000,6000[","[4000,8000[","[0,10000[","[0,10000[",*
5262,"[5000,5500[","[5000,6000[","[4000,6000[","[4000,8000[","[0,10000[","[0,10000[",*
5265,"[5000,5500[","[5000,6000[","[4000,6000[","[4000,8000[","[0,10000[","[0,10000[",*
5266,"[5000,5500[","[5000,6000[","[4000,6000[","[4000,8000[","[0,10000[","[0,10000[",*
5267,"[5000,5500[","[5000,6000[","[4000,6000[","[4000,8000[","[0,10000[","[0,10000[",*
5270,"[5000,5500[","[5000,6000[","[4000,6000[","[4000,8000[","[0,10000[","[0,10000[",*
5271,"[5000,5500[","[5000,6000[","[4000,6000[","[4000,8000[","[0,10000[","[0,10000[",*
5275,"[5000,5500[","[5000,6000[","[4000,6000[","[4000,8000[","[0,10000[","[0,10000[",*
5276,"[5000,5500[","[5000,6000[","[4000,6000[","[4000,8000[","[0,10000[","[0,10000[",*
5278,"[5000,5500[","[5000,6000[","[4000,6000[","[4000,8000[","[0,10000[","[0,10000[",*
5279,"[5000,5500[","[5000,6000[","[4000,6000[","[4000,8000[","[0,10000[","[0,10000[",*
5282,"[5000,5500[","[5000,6000[","[4000,6000[","[4000,8000[","[0,10000[","[0,10000[",*
5284,"[5000,5500[","[5000,6000[","[4000,6000[","[4000,8000[","[0,10000[","[0,10000[",*
5287,"[5000,5500[","[5000,6000[","[4000,6000[","[4000,8000[","[0,10000[","[0,10000[",*
5288,"[5000,5500[","[5000,6000[","[4000,6000[","[4000,8000[","[0,10000[","[0,10000[",*
5289,"[5000,5500[","[5000,6000[","[4000,6000[","[4000,8000[","[0,10000[","[0,10000[",*
5291,"[5000,5500[","[5000,6000[","[4000,6000[","[4000,8000[","[0,10000[","[0,10000[",*
5293,"[5000,5500[","[5000,6000[","[4000,6000[","[4000,8000[","[0,10000[","[0,10000[",*
5296,"[5000,5500[","[5000,6000[","[4000,6000[","[4000,8000[","[0,10000[","[0,10000[",*
5299,"[5000,5500[","[5000,6000[","[4000,6000[","[4000,8000[","[0,10000[","[0,10000[",*
5301,"[5000,5500[","[5000,6000[","[4000,6000[","[4000,8000[","[0,10000[","[0,10000[",*
5303,"[5000,5500[","[5000,6000[","[4000,6000[","[4000,8000[","[0,10000[","[0,10000[",*
5304,"[5000,5500[","[5000,6000[","[4000,6000[","[4000,8000[","[0,10000[","[0,10000[",*
5305,"[5000,5500[","[5000,6000[","[4000,6000[","[4000,8000[","[0,10000[","[0,10000[",*
5306,"[5000,5500[","[5000,6000[","[4000,6000[","[4000,8000[","[0,10000[","[0,10000[",*
5310,"[5000,5500[","[5000,6000[","[4000,6000[","[4000,8000[","[0,10000[","[0,10000[",*
5312,"[5000,5500[","[5000,6000[","[4000,6000[","[4000,8000[","[0,10000[","[0,10000[",*
5313,"[5000,5500[","[5000,6000[","[4000,6000[","[4000,8000[","[0,10000[","[0,10000[",*
5314,"[5000,5500[","[5000,6000[","[4000,6000[","[4000,8000[","[0,10000[","[0,10000[",*
5315,"[5000,5500[","[5000,6000[","[4000,6000[","[4000,8000[","[0,10000[","[0,10000[",*
5317,"[5000,5500[","[5000,6000[","[4000,6000[","[4000,8000[","[0,10000[","[0,10000[",*
5320,"[5000,5500[","[5000,6000[","[4000,6000[","[4000,8000[","[0,10000[","[0,10000[",*
5326,"[5000,5500[","[5000,6000[","[4000,6000[","[4000,8000[","[0,10000[","[0,10000[",*
5329,"[5000,5500[","[5000,6000[","[4000,6000[","[4000,8000[","[0,10000[","[0,10000[",*
5331,"[5000,5500[","[5000,6000[","[4000,6000[","[4000,8000[","[0,10000[","[0,10000[",*
5334,"[5000,5500[","[5000,6000[","[4000,6000[","[4000,8000[","[0,10000[","[0,10000[",*
5336,"[5000,5500[","[5000,6000[","[4000,6000[","[4000,8000[","[0,10000[","[0,10000[",*
5338,"[5000,5500[","[5000,6000[","[4000,6000[","[4000,8000[","[0,10000[","[0,10000[",*
5340,"[5000,5500[","[5000,6000[","[4000,6000[","[4000,8000[","[0,10000[","[0,10000[",*
5341,"[5000,5500[","[5000,6000[","[4000,6000[","[4000,8000[","[0,10000[","[0,10000[",*
5342,"[5000,5500[","[5000,6000[","[4000,6000[","[4000,8000[","[0,10000[","[0,10000[",*
5343,"[5000,5500[","[5000,6000[","[4000,6000[","[4000,8000[","[0,10000[","[0,10000[",*
5345,"[5000,5500[","[5000,6000[","[4000,6000[","[4000,8000[","[0,10000[","[0,10000[",*
5346,"[5000,5500[","[5000,6000[","[4000,6000[","[4000,8000[","[0,10000[","[0,10000[",*
5347,"[5000,5500[","[5000,6000[","[4000,6000[","[4000,8000[","[0,10000[","[0,10000[",*
5348,"[5000,5500[","[5000,6000[","[4000,6000[","[4000,8000[","[0,10000[","[0,10000[",*
5349,"[5000,5500[","[5000,6000[","[4000,6000[","[4000,8000[","[0,10000[","[0,10000[",*
5350,"[5000,5500[","[5000,6000[","[4000,6000[","[4000,8000[","[0,10000[","[0,10000[",*
5354,"[5000,5500[","[5000,6000[","[4000,6000[","[4000,8000[","[0,10000[","[0,10000[",*
5355,"[5000,5500[","[5000,6000[","[4000,6000[","[4000,8000[","[0,10000[","[0,10000[",*
5356,"[5000,5500[","[5000,6000[","[4000,6000[","[4000,8000[","[0,10000[","[0,10000[",*
5359,"[5000,5500[","[5000,6000[","[4000,6000[","[4000,8000[","[0,10000[","[0,10000[",*
5361,"[5000,5500[","[5000,6000[","[4000,6000[","[4000,8000[","[0,10000[","[0,10000[",*
5365,"[5000,5500[","[5000,6000[","[4000,6000[","[4000,8000[","[0,10000[","[0,10000[",*
5366,"[5000,5500[","[5000,6000[","[4000,6000[","[4000,8000[","[0,10000[","[0,10000[",*
5367,"[5000,5500[","[5000,6000[","[4000,6000[","[4000,8000[","[0,10000[","[0,10000[",*
5368,"[5000,5500[","[5000,6000[","[4000,6000[","[4000,8000[","[0,10000[","[0,10000[",*
5372,"[5000,5500[","[5000,6000[","[4000,6000[","[4000,8000[","[0,10000[","[0,10000[",*
5380,"[5000,5500[","[5000,6000[","[4000,6000[","[4000,8000[","[0,10000[","[0,10000[",*
5381,"[5000,5500[","[5000,6000[","[4000,6000[","[4000,8000[","[0,10000[","[0,10000[",*
5389,"[5000,5500[","[5000,6000[","[4000,6000[","[4000,8000[","[0,10000[","[0,10000[",*
5393,"[5000,5500[","[5000,6000[","[4000,6000[","[4000,8000[","[0,10000[","[0,10000[",*
5396,"[5000,5500[","[5000,6000[","[4000,6000[","[4000,8000[","[0,10000[","[0,10000[",*
5397,"[5000,5500[","[5000,6000[","[4000,6000[","[4000,8000[","[0,10000[","[0,10000[",*
5399,"[5000,5500[","[5000,6000[","[4000,6000[","[4000,8000[","[0,10000[","[0,10000[",*
5401,"[5000,5500[","[5000,6000[","[4000,6000[","[4000,8000[","[0,10000[","[0,10000[",*
5403,"[5000,5500[","[5000,6000[","[4000,6000[","[4000,8000[","[0,10000[","[0,10000[",*
5406,"[5000,5500[","[5000,6000[","[4000,6000[","[4000,8000[","[0,10000[","[0,10000[",*
5414,"[5000,5500[","[5000,6000[","[4000,6000[","[4000,8000[","[0,10000[","[0,10000[",*
5417,"[5000,5500[","[5000,6000[","[4000,6000[","[4000,8000[","[0,10000[","[0,10000[",*
5418,"[5000,5500[","[5000,6000[","[4000,6000[","[4000,8000[","[0,10000[","[0,10000[",*
5420,"[5000,5500[","[5000,6000[","[4000,6000[","[4000,8000[","[0,10000[","[0,10000[",*
5421,"[5000,5500[","[5000,6000[","[4000,6000[","[4000,8000[","[0,10000[","[0,10000[",*
5423,"[5000,5500[","[5000,6000[","[4000,6000[","[4000,8000[","[0,10000[","[0,10000[",*
5426,"[5000,5500[","[5000,6000[","[4000,6000[","[4000,8000[","[0,10000[","[0,10000[",*
5427,"[5000,5500[","[5000,6000[","[4000,6000[","[4000,8000[","[0,10000[","[0,10000[",*
5431,"[5000,5500[","[5000,6000[","[4000,6000[","[4000,8000[","[0,10000[","[0,10000[",*
5432,"[5000,5500[","[5000,6000[","[4000,6000[","[4000,8000[","[0,10000[","[0,10000[",*
5435,"[5000,5500[","[5000,6000[","[4000,6000[","[4000,8000[","[0,10000[","[0,10000[",*
5436,"[5000,5500[","[5000,6000[","[4000,6000[","[4000,8000[","[0,10000[","[0,10000[",*
5437,"[5000,5500[","[5000,6000[","[4000,6000[","[4000,8000[","[0,10000[","[0,10000[",*
5441,"[5000,5500[","[5000,6000[","[4000,6000[","[4000,8000[","[0,10000[","[0,10000[",*
5442,"[5000,5500[","[5000,6000[","[4000,6000[","[4000,8000[","[0,10000[","[0,10000[",*
5443,"[5000,5500[","[5000,6000[","[4000,6000[","[4000,8000[","[0,10000[","[0,10000[",*
5445,"[5000,5500[","[5000,6000[","[4000,6000[","[4000,8000[","[0,10000[","[0,10000[",*
5447,"[5000,5500[","[5000,6000[","[4000,6000[","[4000,8000[","[0,10000[","[0,10000[",*
5450,"[5000,5500[","[5000,6000[","[4000,6000[","[4000,8000[","[0,10000[","[0,10000[",*
5452,"[5000,5500[","[5000,6000[","[4000,6000[","[4000,8000[","[0,10000[","[0,10000[",*
5455,"[5000,5500[","[5000,6000[","[4000,6000[","[4000,8000[","[0,10000[","[0,10000[",*
5461,"[5000,5500[","[5000,6000[","[4000,6000[","[4000,8000[","[0,10000[","[0,10000[",*
5462,"[5000,5500[","[5000,6000[","[4000,6000[","[4000,8000[","[0,10000[","[0,10000[",*
5464,"[5000,5500[","[5000,6000[","[4000,6000[","[4000,8000[","[0,10000[","[0,10000[",*
5467,"[5000,5500[","[5000,6000[","[4000,6000[","[4000,8000[","[0,10000[","[0,10000[",*
5473,"[5000,5500[","[5000,6000[","[4000,6000[","[4000,8000[","[0,10000[","[0,10000[",*
5474,"[5000,5500[","[5000,6000[","[4000,6000[","[4000,8000[","[0,10000[","[0,10000[",*
5475,"[5000,5500[","[5000,6000[","[4000,6000[","[4000,8000[","[0,10000[","[0,10000[",*
5482,"[5000,5500[","[5000,6000[","[4000,6000[","[4000,8000[","[0,10000[","[0,10000[",*
5483,"[5000,5500[","[5000,6000[","[4000,6000[","[4000,8000[","[0,10000[","[0,10000[",*
5486,"[5000,5500[","[5000,6000[","[4000,6000[","[4000,8000[","[0,10000[","[0,10000[",*
5491,"[5000,5500[","[5000,6000[","[4000,6000[","[4000,8000[","[0,10000[","[0,10000[",*
5495,"[5000,5500[","[5000,6000[","[4000,6000[","[4000,8000[","[0,10000[","[0,10000[",*
5496,"[5000,5500[","[5000,6000[","[4000,6000[","[4000,8000[","[0,10000[","[0,10000[",*
5498,"[5000,5500[","[5000,6000[","[4000,6000[","[4000,8000[","[0,10000[","[0,10000[",*
5499,"[5000,5500[","[5000,6000[","[4000,6000[","[4000,8000[","[0,10000[","[0,10000[",*
5501,"[5500,6000[","[5000,6000[","[4000,6000[","[4000,8000[","[0,10000[","[0,10000[",*
5505,"[5500,6000[","[5000,6000[","[4000,6000[","[4000,8000[","[0,10000[","[0,10000[",*
5506,"[5500,6000[","[5000,6000[","[4000,6000[","[4000,8000[","[0,10000[","[0,10000[",*
5511,"[5500,6000[","[5000,6000[","[4000,6000[","[4000,8000[","[0,10000[","[0,10000[",*
5514,"[5500,6000[","[5000,6000[","[4000,6000[","[4000,8000[","[0,10000[","[0,10000[",*
5517,"[5500,6000[","[5000,6000[","[4000,6000[","[4000,8000[","[0,10000[","[0,10000[",*
5521,"[5500,6000[","[5000,6000[","[4000,6000[","[4000,8000[","[0,10000[","[0,10000[",*
5523,"[5500,6000[","[5000,6000[","[4000,6000[","[4000,8000[","[0,10000[","[0,10000[",*
5527,"[5500,6000[","[5000,6000[","[4000,6000[","[4000,8000[","[0,10000[","[0,10000[",*
5533,"[5500,6000[","[5000,6000[","[4000,6000[","[4000,8000[","[0,10000[","[0,10000[",*
5535,"[5500,6000[","[5000,6000[","[4000,6000[","[4000,8000[","[0,10000[","[0,10000[",*
5539,"[5500,6000[","[5000,6000[","[4000,6000[","[4000,8000[","[0,10000[","[0,10000[",*
5542,"[5500,6000[","[5000,6000[","[4000,6000[","[4000,8000[","[0,10000[","[0,10000[",*
5543,"[5500,6000[","[5000,6000[","[4000,6000[","[4000,8000[","[0,10000[","[0,10000[",*
5547,"[5500,6000[","[5000,6000[","[4000,6000[","[4000,8000[","[0,10000[","[0,10000[",*
5548,"[5500,6000[","[5000,6000[","[4000,6000[","[4000,8000[","[0,10000[","[0,10000[",*
5549,"[5500,6000[","[5000,6000[","[4000,6000[","[4000,8000[","[0,10000[","[0,10000[",*
5550,"[5500,6000[","[5000,6000[","[4000,6000[","[4000,8000[","[0,10000[","[0,10000[",*
5551,"[5500,6000[","[5000,6000[","[4000,6000[","[4000,8000[","[0,10000[","[0,10000[",*
5553,"[5500,6000[","[5000,6000[","[4000,6000[","[4000,8000[","[0,10000[","[0,10000[",*
5558,"[5500,6000[","[5000,6000[","[4000,6000[","[4000,8000[","[0,10000[","[0,10000[",*
5559,"[5500,6000[","[5000,6000[","[4000,6000[","[4000,8000[","[0,10000[","[0,10000[",*
5560,"[5500,6000[","[5000,6000[","[4000,6000[","[4000,8000[","[0,10000[","[0,10000[",*
5561,"[5500,6000[","[5000,6000[","[4000,6000[","[4000,8000[","[0,10000[","[0,10000[",*
5562,"[5500,6000[","[5000,6000[","[4000,6000[","[4000,8000[","[0,10000[","[0,10000[",*
5563,"[5500,6000[","[5000,6000[","[4000,6000[","[4000,8000[","[0,10000[","[0,10000[",*
5564,"[5500,6000[","[5000,6000[","[4000,6000[","[4000,8000[","[0,10000[","[0,10000[",*
5567,"[5500,6000[","[5000,6000[","[4000,6000[","[4000,8000[","[0,10000[","[0,10000[",*
5569,"[5500,6000[","[5000,6000[","[4000,6000[","[4000,8000[","[0,10000[","[0,10000[",*
5571,"[5500,6000[","[5000,6000[","[4000,6000[","[4000,8000[","[0,10000[","[0,10000[",*
5574,"[5500,6000[","[5000,6000[","[4000,6000[","[4000,8000[","[0,10000[","[0,10000[",*
5581,"[5500,6000[","[5000,6000[","[4000,6000[","[4000,8000[","[0,10000[","[0,10000[",*
5583,"[5500,6000[","[5000,6000[","[4000,6000[","[4000,8000[","[0,10000[","[0,10000[",*
5584,"[5500,6000[","[5000,6000[","[4000,6000[","[4000,8000[","[0,10000[","[0,10000[",*
5585,"[5500,6000[","[5000,6000[","[4000,6000[","[4000,8000[","[0,10000[","[0,10000[",*
5597,"[5500,6000[","[5000,6000[","[4000,6000[","[4000,8000[","[0,10000[","[0,10000[",*
5600,"[5500,6000[","[5000,6000[","[4000,6000[","[4000,8000[","[0,10000[","[0,10000[",*
5601,"[5500,6000[","[5000,6000[","[4000,6000[","[4000,8000[","[0,10000[","[0,10000[",*
5603,"[5500,6000[","[5000,6000[","[4000,6000[","[4000,8000[","[0,10000[","[0,10000[",*
5605,"[5500,6000[","[5000,6000[","[4000,6000[","[4000,8000[","[0,10000[","[0,10000[",*
5607,"[5500,6000[","[5000,6000[","[4000,6000[","[4000,8000[","[0,10000[","[0,10000[",*
5608,"[5500,6000[","[5000,6000[","[4000,6000[","[4000,8000[","[0,10000[","[0,10000[",*
5610,"[5500,6000[","[5000,6000[","[4000,6000[","[4000,8000[","[0,10000[","[0,10000[",*
5611,"[5500,6000[","[5000,6000[","[4000,6000[","[4000,8000[","[0,10000[","[0,10000[",*
5613,"[5500,6000[","[5000,6000[","[4000,6000[","[4000,8000[","[0,10000[","[0,10000[",*
5614,"[5500,6000[","[5000,6000[","[4000,6000[","[4000,8000[","[0,10000[","[0,10000[",*
5618,"[5500,6000[","[5000,6000[","[4000,6000[","[4000,8000[","[0,10000[","[0,10000[",*
5619,"[5500,6000[","[5000,6000[","[4000,6000[","[4000,8000[","[0,10000[","[0,10000[",*
5624,"[5500,6000[","[5000,6000[","[4000,6000[","[4000,8000[","[0,10000[","[0,10000[",*
5626,"[5500,6000[","[5000,6000[","[4000,6000[","[4000,8000[","[0,10000[","[0,10000[",*
5631,"[5500,6000[","[5000,6000[","[4000,6000[","[4000,8000[","[0,10000[","[0,10000[",*
5632,"[5500,6000[","[5000,6000[","[4000,6000[","[4000,8000[","[0,10000[","[0,10000[",*
5637,"[5500,6000[","[5000,6000[","[4000,6000[","[4000,8000[","[0,10000[","[0,10000[",*
5639,"[5500,6000[","[5000,6000[","[4000,6000[","[4000,8000[","[0,10000[","[0,10000[",*
5640,"[5500,6000[","[5000,6000[","[4000,6000[","[4000,8000[","[0,10000[","[0,10000[",*
5641,"[5500,6000[","[5000,6000[","[4000,6000[","[4000,8000[","[0,10000[","[0,10000[",*
5643,"[5500,6000[","[5000,6000[","[4000,6000[","[4000,8000[","[0,10000[","[0,10000[",*
5657,"[5500,6000[","[5000,6000[","[4000,6000[","[4000,8000[","[0,10000[","[0,10000[",*
5658,"[5500,6000[","[5000,6000[","[4000,6000[","[4000,8000[","[0,10000[","[0,10000[",*
5665,"[5500,6000[","[5000,6000[","[4000,6000[","[4000,8000[","[0,10000[","[0,10000[",*
5666,"[5500,6000[","[5000,6000[","[4000,6000[","[4000,8000[","[0,10000[","[0,10000[",*
5669,"[5500,6000[","[5000,6000[","[4000,6000[","[4000,8000[","[0,10000[","[0,10000[",*
5670,"[5500,6000[","[5000,6000[","[4000,6000[","[4000,8000[","[0,10000[","[0,10000[",*
5673,"[5500,6000[","[5000,6000[","[4000,6000[","[4000,8000[","[0,10000[","[0,10000[",*
5674,"[5500,6000[","[5000,6000[","[4000,6000[","[4000,8000[","[0,10000[","[0,10000[",*
5678,"[5500,6000[","[5000,6000[","[4000,6000[","[4000,8000[","[0,10000[","[0,10000[",*
5679,"[5500,6000[","[5000,6000[","[4000,6000[","[4000,8000[","[0,10000[","[0,10000[",*
5680,"[5500,6000[","[5000,6000[","[4000,6000[","[4000,8000[","[0,10000[","[0,10000[",*
5681,"[5500,6000[","[5000,6000[","[4000,6000[","[4000,8000[","[0,10000[","[0,10000[",*
5689,"[5500,6000[","[5000,6000[","[4000,6000[","[4000,8000[","[0,10000[","[0,10000[",*
5691,"[5500,6000[","[5000,6000[","[4000,6000[","[4000,8000[","[0,10000[","[0,10000[",*
5694,"[5500,6000[","[5000,6000[","[4000,6000[","[4000,8000[","[0,10000[","[0,10000[",*
5695,"[5500,6000[","[5000,6000[","[4000,6000[","[4000,8000[","[0,10000[","[0,10000[",*
5698,"[5500,6000[","[5000,6000[","[4000,6000[","[4000,8000[","[0,10000[","[0,10000[",*
5699,"[5500,6000[","[5000,6000[","[4000,6000[","[4000,8000[","[0,10000[","[0,10000[",*
5700,"[5500,6000[","[5000,6000[","[4000,6000[","[4000,8000[","[0,10000[","[0,10000[",*
5701,"[5500,6000[","[5000,6000[","[4000,6000[","[4000,8000[","[0,10000[","[0,10000[",*
5704,"[5500,6000[","[5000,6000[","[4000,6000[","[4000,8000[","[0,10000[","[0,10000[",*
5705,"[5500,6000[","[5000,6000[","[4000,6000[","[4000,8000[","[0,10000[","[0,10000[",*
5706,"[5500,6000[","[5000,6000[","[4000,6000[","[4000,8000[","[0,10000[","[0,10000[",*
5709,"[5500,6000[","[5000,6000[","[4000,6000[","[4000,8000[","[0,10000[","[0,10000[",*
5711,"[5500,6000[","[5000,6000[","[4000,6000[","[4000,8000[","[0,10000[","[0,10000[",*
5715,"[5500,6000[","[5000,6000[","[4000,6000[","[4000,8000[","[0,10000[","[0,10000[",*
5717,"[5500,6000[","[5000,6000[","[4000,6000[","[4000,8000[","[0,10000[","[0,10000[",*
5722,"[5500,6000[","[5000,6000[","[4000,6000[","[4000,8000[","[0,10000[","[0,10000[",*
5724,"[5500,6000[","[5000,6000[","[4000,6000[","[4000,8000[","[0,10000[","[0,10000[",*
5728,"[5500,6000[","[5000,6000[","[4000,6000[","[4000,8000[","[0,10000[","[0,10000[",*
5729,"[5500,6000[","[5000,6000[","[4000,6000[","[4000,8000[","[0,10000[","[0,10000[",*
5731,"[5500,6000[","[5000,6000[","[4000,6000[","[4000,8000[","[0,10000[","[0,10000[",*
5733,"[5500,6000[","[5000,6000[","[4000,6000[","[4000,8000[","[0,10000[","[0,10000[",*
5735,"[5500,6000[","[5000,6000[","[4000,6000[","[4000,8000[","[0,10000[","[0,10000[",*
5736,"[5500,6000[","[5000,6000[","[4000,6000[","[4000,8000[","[0,10000[","[0,10000[",*
5737,"[5500,6000[","[5000,6000[","[4000,6000[","[4000,8000[","[0,10000[","[0,10000[",*
5739,"[5500,6000[","[5000,6000[","[4000,6000[","[4000,8000[","[0,10000[","[0,10000[",*
5741,"[5500,6000[","[5000,6000[","[4000,6000[","[4000,8000[","[0,10000[","[0,10000[",*
5742,"[5500,6000[","[5000,6000[","[4000,6000[","[4000,8000[","[0,10000[","[0,10000[",*
5744,"[5500,6000[","[5000,6000[","[4000,6000[","[4000,8000[","[0,10000[","[0,10000[",*
5745,"[5500,6000[","[5000,6000[","[4000,6000[","[4000,8000[","[0,10000[","[0,10000[",*
5746,"[5500,6000[","[5000,6000[","[4000,6000[","[4000,8000[","[0,10000[","[0,10000[",*
5749,"[5500,6000[","[5000,6000[","[4000,6000[","[4000,8000[","[0,10000[","[0,10000[",*
5754,"[5500,6000[","[5000,6000[","[4000,6000[","[4000,8000[","[0,10000[","[0,10000[",*
5757,"[5500,6000[","[5000,6000[","[4000,6000[","[4000,8000[","[0,10000[","[0,10000[",*
5758,"[5500,6000[","[5000,6000[","[4000,6000[","[4000,8000[","[0,10000[","[0,10000[",*
5763,"[5500,6000[","[5000,6000[","[4000,6000[","[4000,8000[","[0,10000[","[0,10000[",*
5766,"[5500,6000[","[5000,6000[","[4000,6000[","[4000,8000[","[0,10000[","[0,10000[",*
5768,"[5500,6000[","[5000,6000[","[4000,6000[","[4000,8000[","[0,10000[","[0,10000[",*
5769,"[5500,6000[","[5000,6000[","[4000,6000[","[4000,8000[","[0,10000[","[0,10000[",*
5773,"[5500,6000[","[5000,6000[","[4000,6000[","[4000,8000[","[0,10000[","[0,10000[",*
5774,"[5500,6000[","[5000,6000[","[4000,6000[","[4000,8000[","[0,10000[","[0,10000[",*
5776,"[5500,6000[","[5000,6000[","[4000,6000[","[4000,8000[","[0,10000[","[0,10000[",*
5779,"[5500,6000[","[5000,6000[","[4000,6000[","[4000,8000[","[0,10000[","[0,10000[",*
5780,"[5500,6000[","[5000,6000[","[4000,6000[","[4000,8000[","[0,10000[","[0,10000[",*
5781,"[5500,6000[","[5000,6000[","[4000,6000[","[4000,8000[","[0,10000[","[0,10000[",*
5784,"[5500,6000[","[5000,6000[","[4000,6000[","[4000,8000[","[0,10000[","[0,10000[",*
5787,"[5500,6000[","[5000,6000[","[4000,6000[","[4000,8000[","[0,10000[","[0,10000[",*
5788,"[5500,6000[","[5000,6000[","[4000,6000[","[4000,8000[","[0,10000[","[0,10000[",*
5789,"[5500,6000[","[5000,6000[","[4000,6000[","[4000,8000[","[0,10000[","[0,10000[",*
5792,"[5500,6000[","[5000,6000[","[4000,6000[","[4000,8000[","[0,10000[","[0,10000[",*
5794,"[5500,6000[","[5000,6000[","[4000,6000[","[4000,8000[","[0,10000[","[0,10000[",*
5795,"[5500,6000[","[5000,6000[","[4000,6000[","[4000,8000[","[0,10000[","[0,10000[",*
5797,"[5500,6000[","[5000,6000[","[4000,6000[","[4000,8000[","[0,10000[","[0,10000[",*
5798,"[5500,6000[","[5000,6000[","[4000,6000[","[4000,8000[","[0,10000[","[0,10000[",*
5799,"[5500,6000[","[5000,6000[","[4000,6000[","[4000,8000[","[0,10000[","[0,10000[",*
5801,"[5500,6000[","[5000,6000[","[4000,6000[","[4000,8000[","[0,10000[","[0,10000[",*
5802,"[5500,6000[","[5000,6000[","[4000,6000[","[4000,8000[","[0,10000[","[0,10000[",*
5803,"[5500,6000[","[5000,6000[","[4000,6000[","[4000,8000[","[0,10000[","[0,10000[",*
5804,"[5500,6000[","[5000,6000[","[4000,6000[","[4000,8000[","[0,10000[","[0,10000[",*
5805,"[5500,6000[","[5000,6000[","[4000,6000[","[4000,8000[","[0,10000[","[0,10000[",*
5806,"[5500,6000[","[5000,6000[","[4000,6000[","[4000,8000[","[0,10000[","[0,10000[",*
5807,"[5500,6000[","[5000,6000[","[4000,6000[","[4000,8000[","[0,10000[","[0,10000[",*
5809,"[5500,6000[","[5000,6000[","[4000,6000[","[4000,8000[","[0,10000[","[0,10000[",*
5810,"[5500,6000[","[5000,6000[","[4000,6000[","[4000,8000[","[0,10000[","[0,10000[",*
5811,"[5500,6000[","[5000,6000[","[4000,6000[","[4000,8000[","[0,10000[","[0,10000[",*
5816,"[5500,6000[","[5000,6000[","[4000,6000[","[4000,8000[","[0,10000[","[0,10000[",*
5818,"[5500,6000[","[5000,6000[","[4000,6000[","[4000,8000[","[0,10000[","[0,10000[",*
5827,"[5500,6000[","[5000,6000[","[4000,6000[","[4000,8000[","[0,10000[","[0,10000[",*
5828,"[5500,6000[","[5000,6000[","[4000,6000[","[4000,8000[","[0,10000[","[0,10000[",*
5829,"[5500,6000[","[5000,6000[","[4000,6000[","[4000,8000[","[0,10000[","[0,10000[",*
5830,"[5500,6000[","[5000,6000[","[4000,6000[","[4000,8000[","[0,10000[","[0,10000[",*
5833,"[5500,6000[","[5000,6000[","[4000,6000[","[4000,8000[","[0,10000[","[0,10000[",*
5836,"[5500,6000[","[5000,6000[","[4000,6000[","[4000,8000[","[0,10000[","[0,10000[",*
5837,"[5500,6000[","[5000,6000[","[4000,6000[","[4000,8000[","[0,10000[","[0,10000[",*
5838,"[5500,6000[","[5000,6000[","[4000,6000[","[4000,8000[","[0,10000[","[0,10000[",*
5839,"[5500,6000[","[5000,6000[","[4000,6000[","[4000,8000[","[0,10000[","[0,10000[",*
5845,"[5500,6000[","[5000,6000[","[4000,6000[","[4000,8000[","[0,10000[","[0,10000[",*
5847,"[5500,6000[","[5000,6000[","[4000,6000[","[4000,8000[","[0,10000[","[0,10000[",*
5848,"[5500,6000[","[5000,6000[","[4000,6000[","[4000,8000[","[0,10000[","[0,10000[",*
5850,"[5500,6000[","[5000,6000[","[4000,6000[","[4000,8000[","[0,10000[","[0,10000[",*
5853,"[5500,6000[","[5000,6000[","[4000,6000[","[4000,8000[","[0,10000[","[0,10000[",*
5854,"[5500,6000[","[5000,6000[","[4000,6000[","[4000,8000[","[0,10000[","[0,10000[",*
5861,"[5500,6000[","[5000,6000[","[4000,6000[","[4000,8000[","[0,10000[","[0,10000[",*
5862,"[5500,6000[","[5000,6000[","[4000,6000[","[4000,8000[","[0,10000[","[0,10000[",*
5865,"[5500,6000[","[5000,6000[","[4000,6000[","[4000,8000[","[0,10000[","[0,10000[",*
5871,"[5500,6000[","[5000,6000[","[4000,6000[","[4000,8000[","[0,10000[","[0,10000[",*
5872,"[5500,6000[","[5000,6000[","[4000,6000[","[4000,8000[","[0,10000[","[0,10000[",*
5873,"[5500,6000[","[5000,6000[","[4000,6000[","[4000,8000[","[0,10000[","[0,10000[",*
5874,"[5500,6000[","[5000,6000[","[4000,6000[","[4000,8000[","[0,10000[","[0,10000[",*
5878,"[5500,6000[","[5000,6000[","[4000,6000[","[4000,8000[","[0,10000[","[0,10000[",*
5879,"[5500,6000[","[5000,6000[","[4000,6000[","[4000,8000[","[0,10000[","[0,10000[",*
5880,"[5500,6000[","[5000,6000[","[4000,6000[","[4000,8000[","[0,10000[","[0,10000[",*
5883,"[5500,6000[","[5000,6000[","[4000,6000[","[4000,8000[","[0,10000[","[0,10000[",*
5885,"[5500,6000[","[5000,6000[","[4000,6000[","[4000,8000[","[0,10000[","[0,10000[",*
5887,"[5500,6000[","[5000,6000[","[4000,6000[","[4000,8000[","[0,10000[","[0,10000[",*
5888,"[5500,6000[","[5000,6000[","[4000,6000[","[4000,8000[","[0,10000[","[0,10000[",*
5889,"[5500,6000[","[5000,6000[","[4000,6000[","[4000,8000[","[0,10000[","[0,10000[",*
5891,"[5500,6000[","[5000,6000[","[4000,6000[","[4000,8000[","[0,10000[","[0,10000[",*
5894,"[5500,6000[","[5000,6000[","[4000,6000[","[4000,8000[","[0,10000[","[0,10000[",*
5901,"[5500,6000[","[5000,6000[","[4000,6000[","[4000,8000[","[0,10000[","[0,10000[",*
5902,"[5500,6000[","[5000,6000[","[4000,6000[","[4000,8000[","[0,10000[","[0,10000[",*
5903,"[5500,6000[","[5000,6000[","[4000,6000[","[4000,8000[","[0,10000[","[0,10000[",*
5904,"[5500,6000[","[5000,6000[","[4000,6000[","[4000,8000[","[0,10000[","[0,10000[",*
5907,"[5500,6000[","[5000,6000[","[4000,6000[","[4000,8000[","[0,10000[","[0,10000[",*
5908,"[5500,6000[","[5000,6000[","[4000,6000[","[4000,8000[","[0,10000[","[0,10000[",*
5909,"[5500,6000[","[5000,6000[","[4000,6000[","[4000,8000[","[0,10000[","[0,10000[",*
5910,"[5500,6000[","[5000,6000[","[4000,6000[","[4000,8000[","[0,10000[","[0,10000[",*
5914,"[5500,6000[","[5000,6000[","[4000,6000[","[4000,8000[","[0,10000[","[0,10000[",*
5916,"[5500,6000[","[5000,6000[","[4000,6000[","[4000,8000[","[0,10000[","[0,10000[",*
5918,"[5500,6000[","[5000,6000[","[4000,6000[","[4000,8000[","[0,10000[","[0,10000[",*
5920,"[5500,6000[","[5000,6000[","[4000,6000[","[4000,8000[","[0,10000[","[0,10000[",*
5926,"[5500,6000[","[5000,6000[","[4000,6000[","[4000,8000[","[0,10000[","[0,10000[",*
5927,"[5500,6000[","[5000,6000[","[4000,6000[","[4000,8000[","[0,10000[","[0,10000[",*
5934,"[5500,6000[","[5000,6000[","[4000,6000[","[4000,8000[","[0,10000[","[0,10000[",*
5935,"[5500,6000[","[5000,6000[","[4000,6000[","[4000,8000[","[0,10000[","[0,10000[",*
5936,"[5500,6000[","[5000,6000[","[4000,6000[","[4000,8000[","[0,10000[","[0,10000[",*
5942,"[5500,6000[","[5000,6000[","[4000,6000[","[4000,8000[","[0,10000[","[0,10000[",*
5943,"[5500,6000[","[5000,6000[","[4000,6000[","[4000,8000[","[0,10000[","[0,10000[",*
5944,"[5500,6000[","[5000,6000[","[4000,6000[","[4000,8000[","[0,10000[","[0,10000[",*
5945,"[5500,6000[","[5000,6000[","[4000,6000[","[4000,8000[","[0,10000[","[0,10000[",*
5946,"[5500,6000[","[5000,6000[","[4000,6000[","[4000,8000[","[0,10000[","[0,10000[",*
5949,"[5500,6000[","[5000,6000[","[4000,6000[","[4000,8000[","[0,10000[","[0,10000[",*
5953,"[5500,6000[","[5000,6000[","[4000,6000[","[4000,8000[","[0,10000[","[0,10000[",*
5956,"[5500,6000[","[5000,6000[","[4000,6000[","[4000,8000[","[0,10000[","[0,10000[",*
5957,"[5500,6000[","[5000,6000[","[4000,6000[","[4000,8000[","[0,10000[","[0,10000[",*
5958,"[5500,6000[","[5000,6000[","[4000,6000[","[4000,8000[","[0,10000[","[0,10000[",*
5961,"[5500,6000[","[5000,6000[","[4000,6000[","[4000,8000[","[0,10000[","[0,10000[",*
5964,"[5500,6000[","[5000,6000[","[4000,6000[","[4000,8000[","[0,10000[","[0,10000[",*
5966,"[5500,6000[","[5000,6000[","[4000,6000[","[4000,8000[","[0,10000[","[0,10000[",*
5969,"[5500,6000[","[5000,6000[","[4000,6000[","[4000,8000[","[0,10000[","[0,10000[",*
5972,"[5500,6000[","[5000,6000[","[4000,6000[","[4000,8000[","[0,10000[","[0,10000[",*
5973,"[5500,6000[","[5000,6000[","[4000,6000[","[4000,8000[","[0,10000[","[0,10000[",*
5976,"[5500,6000[","[5000,6000[","[4000,6000[","[4000,8000[","[0,10000[","[0,10000[",*
5978,"[5500,6000[","[5000,6000[","[4000,6000[","[4000,8000[","[0,10000[","[0,10000[",*
5980,"[5500,6000[","[5000,6000[","[4000,6000[","[4000,8000[","[0,10000[","[0,10000[",*
5988,"[5500,6000[","[5000,6000[","[4000,6000[","[4000,8000[","[0,10000[","[0,10000[",*
5990,"[5500,6000[","[5000,6000[","[4000,6000[","[4000,8000[","[0,10000[","[0,10000[",*
5993,"[5500,6000[","[5000,6000[","[4000,6000[","[4000,8000[","[0,10000[","[0,10000[",*
5996,"[5500,6000[","[5000,6000[","[4000,6000[","[4000,8000[","[0,10000[","[0,10000[",*
5997,"[5500,6000[","[5000,6000[","[4000,6000[","[4000,8000[","[0,10000[","[0,10000[",*
5999,"[5500,6000[","[5000,6000[","[4000,6000[","[4000,8000[","[0,10000[","[0,10000[",*
6000,"[6000,6500[","[6000,7000[","[6000,8000[","[4000,8000[","[0,10000[","[0,10000[",*
6004,"[6000,6500[","[6000,7000[","[6000,8000[","[4000,8000[","[0,10000[","[0,10000[",*
6005,"[6000,6500[","[6000,7000[","[6000,8000[","[4000,8000[","[0,10000[","[0,10000[",*
6008,"[6000,6500[","[6000,7000[","[6000,8000[","[4000,8000[","[0,10000[","[0,10000[",*
6010,"[6000,6500[","[6000,7000[","[6000,8000[","[4000,8000[","[0,10000[","[0,10000[",*
6012,"[6000,6500[","[6000,7000[","[6000,8000[","[4000,8000[","[0,10000[","[0,10000[",*
6013,"[6000,6500[","[6000,7000[","[6000,8000[","[4000,8000[","[0,10000[","[0,10000[",*
6014,"[6000,6500[","[6000,7000[","[6000,8000[","[4000,8000[","[0,10000[","[0,10000[",*
6016,"[6000,6500[","[6000,7000[","[6000,8000[","[4000,8000[","[0,10000[","[0,10000[",*
6020,"[6000,6500[","[6000,7000[","[6000,8000[","[4000,8000[","[0,10000[","[0,10000[",*
6025,"[6000,6500[","[6000,7000[","[6000,8000[","[4000,8000[","[0,10000[","[0,10000[",*
6027,"[6000,6500[","[6000,7000[","[6000,8000[","[4000,8000[","[0,10000[","[0,10000[",*
6029,"[6000,6500[","[6000,7000[","[6000,8000[","[4000,8000[","[0,10000[","[0,10000[",*
6030,"[6000,6500[","[6000,7000[","[6000,8000[","[4000,8000[","[0,10000[","[0,10000[",*
6036,"[6000,6500[","[6000,7000[","[6000,8000[","[4000,8000[","[0,10000[","[0,10000[",*
6042,"[6000,6500[","[6000,7000[","[6000,8000[","[4000,8000[","[0,10000[","[0,10000[",*
6043,"[6000,6500[","[6000,7000[","[6000,8000[","[4000,8000[","[0,10000[","[0,10000[",*
6046,"[6000,6500[","[6000,7000[","[6000,8000[","[4000,8000[","[0,10000[","[0,10000[",*
6050,"[6000,6500[","[6000,7000[","[6000,8000[","[4000,8000[","[0,10000[","[0,10000[",*
6053,"[6000,6500[","[6000,7000[","[6000,8000[","[4000,8000[","[0,10000[","[0,10000[",*
6056,"[6000,6500[","[6000,7000[","[6000,8000[","[4000,8000[","[0,10000[","[0,10000[",*
6059,"[6000,6500[","[6000,7000[","[6000,8000[","[4000,8000[","[0,10000[","[0,10000[",*
6060,"[6000,6500[","[6000,7000[","[6000,8000[","[4000,8000[","[0,10000[","[0,10000[",*
6072,"[6000,6500[","[6000,7000[","[6000,8000[","[4000,8000[","[0,10000[","[0,10000[",*
6077,"[6000,6500[","[6000,7000[","[6000,8000[","[4000,8000[","[0,10000[","[0,10000[",*
6080,"[6000,6500[","[6000,7000[","[6000,8000[","[4000,8000[","[0,10000[","[0,10000[",*
6085,"[6000,6500[","[6000,7000[","[6000,8000[","[4000,8000[","[0,10000[","[0,10000[",*
6086,"[6000,6500[","[6000,7000[","[6000,8000[","[4000,8000[","[0,10000[","[0,10000[",*
6089,"[6000,6500[","[6000,7000[","[6000,8000[","[4000,8000[","[0,10000[","[0,10000[",*
6091,"[6000,6500[","[6000,7000[","[6000,8000[","[4000,8000[","[0,10000[","[0,10000[",*
6095,"[6000,6500[","[6000,7000[","[6000,8000[","[4000,8000[","[0,10000[","[0,10000[",*
6100,"[6000,6500[","[6000,7000[","[6000,8000[","[4000,8000[","[0,10000[","[0,10000[",*
6101,"[6000,6500[","[6000,7000[","[6000,8000[","[4000,8000[","[0,10000[","[0,10000[",*
6102,"[6000,6500[","[6000,7000[","[6000,8000[","[4000,8000[","[0,10000[","[0,10000[",*
6106,"[6000,6500[","[6000,7000[","[6000,8000[","[4000,8000[","[0,10000[","[0,10000[",*
6107,"[6000,6500[","[6000,7000[","[6000,8000[","[4000,8000[","[0,10000[","[0,10000[",*
6108,"[6000,6500[","[6000,7000[","[6000,8000[","[4000,8000[","[0,10000[","[0,10000[",*
6110,"[6000,6500[","[6000,7000[","[6000,8000[","[4000,8000[","[0,10000[","[0,10000[",*
6112,"[6000,6500[","[6000,7000[","[6000,8000[","[4000,8000[","[0,10000[","[0,10000[",*
6114,"[6000,6500[","[6000,7000[","[6000,8000[","[4000,8000[","[0,10000[","[0,10000[",*
6116,"[6000,6500[","[6000,7000[","[6000,8000[","[4000,8000[","[0,10000[","[0,10000[",*
6127,"[6000,6500[","[6000,7000[","[6000,8000[","[4000,8000[","[0,10000[","[0,10000[",*
6132,"[6000,6500[","[6000,7000[","[6000,8000[","[4000,8000[","[0,10000[","[0,10000[",*
6134,"[6000,6500[","[6000,7000[","[6000,8000[","[4000,8000[","[0,10000[","[0,10000[",*
6138,"[6000,6500[","[6000,7000[","[6000,8000[","[4000,8000[","[0,10000[","[0,10000[",*
6141,"[6000,6500[","[6000,7000[","[6000,8000[","[4000,8000[","[0,10000[","[0,10000[",*
6144,"[6000,6500[","[6000,7000[","[6000,8000[","[4000,8000[","[0,10000[","[0,10000[",*
6145,"[6000,6500[","[6000,7000[","[6000,8000[","[4000,8000[","[0,10000[","[0,10000[",*
6150,"[6000,6500[","[6000,7000[","[6000,8000[","[4000,8000[","[0,10000[","[0,10000[",*
6153,"[6000,6500[","[6000,7000[","[6000,8000[","[4000,8000[","[0,10000[","[0,10000[",*
6157,"[6000,6500[","[6000,7000[","[6000,8000[","[4000,8000[","[0,10000[","[0,10000[",*
6158,"[6000,6500[","[6000,7000[","[6000,8000[","[4000,8000[","[0,10000[","[0,10000[",*
6162,"[6000,6500[","[6000,7000[","[6000,8000[","[4000,8000[","[0,10000[","[0,10000[",*
6164,"[6000,6500[","[6000,7000[","[6000,8000[","[4000,8000[","[0,10000[","[0,10000[",*
6170,"[6000,6500[","[6000,7000[","[6000,8000[","[4000,8000[","[0,10000[","[0,10000[",*
6171,"[6000,6500[","[6000,7000[","[6000,8000[","[4000,8000[","[0,10000[","[0,10000[",*
6172,"[6000,6500[","[6000,7000[","[6000,8000[","[4000,8000[","[0,10000[","[0,10000[",*
6174,"[6000,6500[","[6000,7000[","[6000,8000[","[4000,8000[","[0,10000[","[0,10000[",*
6178,"[6000,6500[","[6000,7000[","[6000,8000[","[4000,8000[","[0,10000[","[0,10000[",*
6181,"[6000,6500[","[6000,7000[","[6000,8000[","[4000,8000[","[0,10000[","[0,10000[",*
6182,"[6000,6500[","[6000,7000[","[6000,8000[","[4000,8000[","[0,10000[","[0,10000[",*
6187,"[6000,6500[","[6000,7000[","[6000,8000[","[4000,8000[","[0,10000[","[0,10000[",*
6188,"[6000,6500[","[6000,7000[","[6000,8000[","[4000,8000[","[0,10000[","[0,10000[",*
6191,"[6000,6500[","[6000,7000[","[6000,8000[","[4000,8000[","[0,10000[","[0,10000[",*
6196,"[6000,6500[","[6000,7000[","[6000,8000[","[4000,8000[","[0,10000[","[0,10000[",*
6199,"[6000,6500[","[6000,7000[","[6000,8000[","[4000,8000[","[0,10000[","[0,10000[",*
6200,"[6000,6500[","[6000,7000[","[6000,8000[","[4000,8000[","[0,10000[","[0,10000[",*
6203,"[6000,6500[","[6000,7000[","[6000,8000[","[4000,8000[","[0,10000[","[0,10000[",*
6204,"[6000,6500[","[6000,7000[","[6000,8000[","[4000,8000[","[0,10000[","[0,10000[",*
6205,"[6000,6500[","[6000,7000[","[6000,8000[","[4000,8000[","[0,10000[","[0,10000[",*
6207,"[6000,6500[","[6000,7000[","[6000,8000[","[4000,8000[","[0,10000[","[0,10000[",*
6209,"[6000,6500[","[6000,7000[","[6000,8000[","[4000,8000[","[0,10000[","[0,10000[",*
6212,"[6000,6500[","[6000,7000[","[6000,8000[","[4000,8000[","[0,10000[","[0,10000[",*
6215,"[6000,6500[","[6000,7000[","[6000,8000[","[4000,8000[","[0,10000[","[0,10000[",*
6217,"[6000,6500[","[6000,7000[","[6000,8000[","[4000,8000[","[0,10000[","[0,10000[",*
6220,"[6000,6500[","[6000,7000[","[6000,8000[","[4000,8000[","[0,10000[","[0,10000[",*
6227,"[6000,6500[","[6000,7000[","[6000,8000[","[4000,8000[","[0,10000[","[0,10000[",*
6236,"[6000,6500[","[6000,7000[","[6000,8000[","[4000,8000[","[0,10000[","[0,10000[",*
6237,"[6000,6500[","[6000,7000[","[6000,8000[","[4000,8000[","[0,10000[","[0,10000[",*
6242,"[6000,6500[","[6000,7000[","[6000,8000[","[4000,8000[","[0,10000[","[0,10000[",*
6246,"[6000,6500[","[6000,7000[","[6000,8000[","[4000,8000[","[0,10000[","[0,10000[",*
6248,"[6000,6500[","[6000,7000[","[6000,8000[","[4000,8000[","[0,10000[","[0,10000[",*
6250,"[6000,6500[","[6000,7000[","[6000,8000[","[4000,8000[","[0,10000[","[0,10000[",*
6251,"[6000,6500[","[6000,7000[","[6000,8000[","[4000,8000[","[0,10000[","[0,10000[",*
6253,"[6000,6500[","[6000,7000[","[6000,8000[","[4000,8000[","[0,10000[","[0,10000[",*
6258,"[6000,6500[","[6000,7000[","[6000,8000[","[4000,8000[","[0,10000[","[0,10000[",*
6259,"[6000,6500[","[6000,7000[","[6000,8000[","[4000,8000[","[0,10000[","[0,10000[",*
6264,"[6000,6500[","[6000,7000[","[6000,8000[","[4000,8000[","[0,10000[","[0,10000[",*
6269,"[6000,6500[","[6000,7000[","[6000,8000[","[4000,8000[","[0,10000[","[0,10000[",*
6271,"[6000,6500[","[6000,7000[","[6000,8000[","[4000,8000[","[0,10000[","[0,10000[",*
6274,"[6000,6500[","[6000,7000[","[6000,8000[","[4000,8000[","[0,10000[","[0,10000[",*
6279,"[6000,6500[","[6000,7000[","[6000,8000[","[4000,8000[","[0,10000[","[0,10000[",*
6280,"[6000,6500[","[6000,7000[","[6000,8000[","[4000,8000[","[0,10000[","[0,10000[",*
6281,"[6000,6500[","[6000,7000[","[6000,8000[","[4000,8000[","[0,10000[","[0,10000[",*
6284,"[6000,6500[","[6000,7000[","[6000,8000[","[4000,8000[","[0,10000[","[0,10000[",*
6285,"[6000,6500[","[6000,7000[","[6000,8000[","[4000,8000[","[0,10000[","[0,10000[",*
6286,"[6000,6500[","[6000,7000[","[6000,8000[","[4000,8000[","[0,10000[","[0,10000[",*
6288,"[6000,6500[","[6000,7000[","[6000,8000[","[4000,8000[","[0,10000[","[0,10000[",*
6290,"[6000,6500[","[6000,7000[","[6000,8000[","[4000,8000[","[0,10000[","[0,10000[",*
6298,"[6000,6500[","[6000,7000[","[6000,8000[","[4000,8000[","[0,10000[","[0,10000[",*
6307,"[6000,6500[","[6000,7000[","[6000,8000[","[4000,8000[","[0,10000[","[0,10000[",*
6312,"[6000,6500[","[6000,7000[","[6000,8000[","[4000,8000[","[0,10000[","[0,10000[",*
6313,"[6000,6500[","[6000,7000[","[6000,8000[","[4000,8000[","[0,10000[","[0,10000[",*
6316,"[6000,6500[","[6000,7000[","[6000,8000[","[4000,8000[","[0,10000[","[0,10000[",*
6317,"[6000,6500[","[6000,7000[","[6000,8000[","[4000,8000[","[0,10000[","[0,10000[",*
6320,"[6000,6500[","[6000,7000[","[6000,8000[","[4000,8000[","[0,10000[","[0,10000[",*
6321,"[6000,6500[","[6000,7000[","[6000,8000[","[4000,8000[","[0,10000[","[0,10000[",*
6322,"[6000,6500[","[6000,7000[","[6000,8000[","[4000,8000[","[0,10000[","[0,10000[",*
6324,"[6000,6500[","[6000,7000[","[6000,8000[","[4000,8000[","[0,10000[","[0,10000[",*
6325,"[6000,6500[","[6000,7000[","[6000,8000[","[4000,8000[","[0,10000[","[0,10000[",*
6332,"[6000,6500[","[6000,7000[","[6000,8000[","[4000,8000[","[0,10000[","[0,10000[",*
6333,"[6000,6500[","[6000,7000[","[6000,8000[","[4000,8000[","[0,10000[","[0,10000[",*
6337,"[6000,6500[","[6000,7000[","[6000,8000[","[4000,8000[","[0,10000[","[0,10000[",*
6343,"[6000,6500[","[6000,7000[","[6000,8000[","[4000,8000[","[0,10000[","[0,10000[",*
6346,"[6000,6500[","[6000,7000[","[6000,8000[","[4000,8000[","[0,10000[","[0,10000[",*
6350,"[6000,6500[","[6000,7000[","[6000,8000[","[4000,8000[","[0,10000[","[0,10000[",*
6352,"[6000,6500[","[6000,7000[","[6000,8000[","[4000,8000[","[0,10000[","[0,10000[",*
6353,"[6000,6500[","[6000,7000[","[6000,8000[","[4000,8000[","[0,10000[","[0,10000[",*
6359,"[6000,6500[","[6000,7000[","[6000,8000[","[4000,8000[","[0,10000[","[0,10000[",*
6360,"[6000,6500[","[6000,7000[","[6000,8000[","[4000,8000[","[0,10000[","[0,10000[",*
6362,"[6000,6500[","[6000,7000[","[6000,8000[","[4000,8000[","[0,10000[","[0,10000[",*
6368,"[6000,6500[","[6000,7000[","[6000,8000[","[4000,8000[","[0,10000[","[0,10000[",*
6374,"[6000,6500[","[6000,7000[","[6000,8000[","[4000,8000[","[0,10000[","[0,10000[",*
6376,"[6000,6500[","[6000,7000[","[6000,8000[","[4000,8000[","[0,10000[","[0,10000[",*
6383,"[6000,6500[","[6000,7000[","[6000,8000[","[4000,8000[","[0,10000[","[0,10000[",*
6384,"[6000,6500[","[6000,7000[","[6000,8000[","[4000,8000[","[0,10000[","[0,10000[",*
6385,"[6000,6500[","[6000,7000[","[6000,8000[","[4000,8000[","[0,10000[","[0,10000[",*
6386,"[6000,6500[","[6000,7000[","[6000,8000[","[4000,8000[","[0,10000[","[0,10000[",*
6388,"[6000,6500[","[6000,7000[","[6000,8000[","[4000,8000[","[0,10000[","[0,10000[",*
6392,"[6000,6500[","[6000,7000[","[6000,8000[","[4000,8000[","[0,10000[","[0,10000[",*
6393,"[6000,6500[","[6000,7000[","[6000,8000[","[4000,8000[","[0,10000[","[0,10000[",*
6397,"[6000,6500[","[6000,7000[","[6000,8000[","[4000,8000[","[0,10000[","[0,10000[",*
6400,"[6000,6500[","[6000,7000[","[6000,8000[","[4000,8000[","[0,10000[","[0,10000[",*
6402,"[6000,6500[","[6000,7000[","[6000,8000[","[4000,8000[","[0,10000[","[0,10000[",*
6403,"[6000,6500[","[6000,7000[","[6000,8000[","[4000,8000[","[0,10000[","[0,10000[",*
6404,"[6000,6500[","[6000,7000[","[6000,8000[","[4000,8000[","[0,10000[","[0,10000[",*
6408,"[6000,6500[","[6000,7000[","[6000,8000[","[4000,8000[","[0,10000[","[0,10000[",*
6410,"[6000,6500[","[6000,7000[","[6000,8000[","[4000,8000[","[0,10000[","[0,10000[",*
6411,"[6000,6500[","[6000,7000[","[6000,8000[","[4000,8000[","[0,10000[","[0,10000[",*
6413,"[6000,6500[","[6000,7000[","[6000,8000[","[4000,8000[","[0,10000[","[0,10000[",*
6419,"[6000,6500[","[6000,7000[","[6000,8000[","[4000,8000[","[0,10000[","[0,10000[",*
6421,"[6000,6500[","[6000,7000[","[6000,8000[","[4000,8000[","[0,10000[","[0,10000[",*
6422,"[6000,6500[","[6000,7000[","[6000,8000[","[4000,8000[","[0,10000[","[0,10000[",*
6424,"[6000,6500[","[6000,7000[","[6000,8000[","[4000,8000[","[0,10000[","[0,10000[",*
6427,"[6000,6500[","[6000,7000[","[6000,8000[","[4000,8000[","[0,10000[","[0,10000[",*
6429,"[6000,6500[","[6000,7000[","[6000,8000[","[4000,8000[","[0,10000[","[0,10000[",*
6432,"[6000,6500[","[6000,7000[","[6000,8000[","[4000,8000[","[0,10000[","[0,10000[",*
6438,"[6000,6500[","[6000,7000[","[6000,8000[","[4000,8000[","[0,10000[","[0,10000[",*
6439,"[6000,6500[","[6000,7000[","[6000,8000[","[4000,8000[","[0,10000[","[0,10000[",*
6445,"[6000,6500[","[6000,7000[","[6000,8000[","[4000,8000[","[0,10000[","[0,10000[",*
6447,"[6000,6500[","[6000,7000[","[6000,8000[","[4000,8000[","[0,10000[","[0,10000[",*
6449,"[6000,6500[","[6000,7000[","[6000,8000[","[4000,8000[","[0,10000[","[0,10000[",*
6450,"[6000,6500[","[6000,7000[","[6000,8000[","[4000,8000[","[0,10000[","[0,10000[",*
6451,"[6000,6500[","[6000,7000[","[6000,8000[","[4000,8000[","[0,10000[","[0,10000[",*
6463,"[6000,6500[","[6000,7000[","[6000,8000[","[4000,8000[","[0,10000[","[0,10000[",*
6468,"[6000,6500[","[6000,7000[","[6000,8000[","[4000,8000[","[0,10000[","[0,10000[",*
6471,"[6000,6500[","[6000,7000[","[6000,8000[","[4000,8000[","[0,10000[","[0,10000[",*
6475,"[6000,6500[","[6000,7000[","[6000,8000[","[4000,8000[","[0,10000[","[0,10000[",*
6481,"[6000,6500[","[6000,7000[","[6000,8000[","[4000,8000[","[0,10000[","[0,10000[",*
6482,"[6000,6500[","[6000,7000[","[6000,8000[","[4000,8000[","[0,10000[","[0,10000[",*
6483,"[6000,6500[","[6000,7000[","[6000,8000[","[4000,8000[","[0,10000[","[0,10000[",*
6485,"[6000,6500[","[6000,7000[","[6000,8000[","[4000,8000[","[0,10000[","[0,10000[",*
6486,"[6000,6500[","[6000,7000[","[6000,8000[","[4000,8000[","[0,10000[","[0,10000[",*
6489,"[6000,6500[","[6000,7000[","[6000,8000[","[4000,8000[","[0,10000[","[0,10000[",*
6490,"[6000,6500[","[6000,7000[","[6000,8000[","[4000,8000[","[0,10000[","[0,10000[",*
6491,"[6000,6500[","[6000,7000[","[6000,8000[","[4000,8000[","[0,10000[","[0,10000[",*
6492,"[6000,6500[","[6000,7000[","[6000,8000[","[4000,8000[","[0,10000[","[0,10000[",*
6493,"[6000,6500[","[6000,7000[","[6000,8000[","[4000,8000[","[0,10000[","[0,10000[",*
6495,"[6000,6500[","[6000,7000[","[6000,8000[","[4000,8000[","[0,10000[","[0,10000[",*
6497,"[6000,6500[","[6000,7000[","[6000,8000[","[4000,8000[","[0,10000[","[0,10000[",*
6503,"[6500,7000[","[6000,7000[","[6000,8000[","[4000,8000[","[0,10000[","[0,10000[",*
6507,"[6500,7000[","[6000,7000[","[6000,8000[","[4000,8000[","[0,10000[","[0,10000[",*
6510,"[6500,7000[","[6000,7000[","[6000,8000[","[4000,8000[","[0,10000[","[0,10000[",*
6512,"[6500,7000[","[6000,7000[","[6000,8000[","[4000,8000[","[0,10000[","[0,10000[",*
6513,"[6500,7000[","[6000,7000[","[6000,8000[","[4000,8000[","[0,10000[","[0,10000[",*
6519,"[6500,7000[","[6000,7000[","[6000,8000[","[4000,8000[","[0,10000[","[0,10000[",*
6525,"[6500,7000[","[6000,7000[","[6000,8000[","[4000,8000[","[0,10000[","[0,10000[",*
6526,"[6500,7000[","[6000,7000[","[6000,8000[","[4000,8000[","[0,10000[","[0,10000[",*
6529,"[6500,7000[","[6000,7000[","[6000,8000[","[4000,8000[","[0,10000[","[0,10000[",*
6530,"[6500,7000[","[6000,7000[","[6000,8000[","[4000,8000[","[0,10000[","[0,10000[",*
6531,"[6500,7000[","[6000,7000[","[6000,8000[","[4000,8000[","[0,10000[","[0,10000[",*
6532,"[6500,7000[","[6000,7000[","[6000,8000[","[4000,8000[","[0,10000[","[0,10000[",*
6533,"[6500,7000[","[6000,7000[","[6000,8000[","[4000,8000[","[0,10000[","[0,10000[",*
6535,"[6500,7000[","[6000,7000[","[6000,8000[","[4000,8000[","[0,10000[","[0,10000[",*
6536,"[6500,7000[","[6000,7000[","[6000,8000[","[4000,8000[","[0,10000[","[0,10000[",*
6538,"[6500,7000[","[6000,7000[","[6000,8000[","[4000,8000[","[0,10000[","[0,10000[",*
6542,"[6500,7000[","[6000,7000[","[6000,8000[","[4000,8000[","[0,10000[","[0,10000[",*
6551,"[6500,7000[","[6000,7000[","[6000,8000[","[4000,8000[","[0,10000[","[0,10000[",*
6553,"[6500,7000[","[6000,7000[","[6000,8000[","[4000,8000[","[0,10000[","[0,10000[",*
6554,"[6500,7000[","[6000,7000[","[6000,8000[","[4000,8000[","[0,10000[","[0,10000[",*
6557,"[6500,7000[","[6000,7000[","[6000,8000[","[4000,8000[","[0,10000[","[0,10000[",*
6562,"[6500,7000[","[6000,7000[","[6000,8000[","[4000,8000[","[0,10000[","[0,10000[",*
6563,"[6500,7000[","[6000,7000[","[6000,8000[","[4000,8000[","[0,10000[","[0,10000[",*
6567,"[6500,7000[","[6000,7000[","[6000,8000[","[4000,8000[","[0,10000[","[0,10000[",*
6570,"[6500,7000[","[6000,7000[","[6000,8000[","[4000,8000[","[0,10000[","[0,10000[",*
6571,"[6500,7000[","[6000,7000[","[6000,8000[","[4000,8000[","[0,10000[","[0,10000[",*
6572,"[6500,7000[","[6000,7000[","[6000,8000[","[4000,8000[","[0,10000[","[0,10000[",*
6573,"[6500,7000[","[6000,7000[","[6000,8000[","[4000,8000[","[0,10000[","[0,10000[",*
6574,"[6500,7000[","[6000,7000[","[6000,8000[","[4000,8000[","[0,10000[","[0,10000[",*
6575,"[6500,7000[","[6000,7000[","[6000,8000[","[4000,8000[","[0,10000[","[0,10000[",*
6586,"[6500,7000[","[6000,7000[","[6000,8000[","[4000,8000[","[0,10000[","[0,10000[",*
6590,"[6500,7000[","[6000,7000[","[6000,8000[","[4000,8000[","[0,10000[","[0,10000[",*
6596,"[6500,7000[","[6000,7000[","[6000,8000[","[4000,8000[","[0,10000[","[0,10000[",*
6610,"[6500,7000[","[6000,7000[","[6000,8000[","[4000,8000[","[0,10000[","[0,10000[",*
6613,"[6500,7000[","[6000,7000[","[6000,8000[","[4000,8000[","[0,10000[","[0,10000[",*
6614,"[6500,7000[","[6000,7000[","[6000,8000[","[4000,8000[","[0,10000[","[0,10000[",*
6618,"[6500,7000[","[6000,7000[","[6000,8000[","[4000,8000[","[0,10000[","[0,10000[",*
6619,"[6500,7000[","[6000,7000[","[6000,8000[","[4000,8000[","[0,10000[","[0,10000[",*
6622,"[6500,7000[","[6000,7000[","[6000,8000[","[4000,8000[","[0,10000[","[0,10000[",*
6627,"[6500,7000[","[6000,7000[","[6000,8000[","[4000,8000[","[0,10000[","[0,10000[",*
6637,"[6500,7000[","[6000,7000[","[6000,8000[","[4000,8000[","[0,10000[","[0,10000[",*
6641,"[6500,7000[","[6000,7000[","[6000,8000[","[4000,8000[","[0,10000[","[0,10000[",*
6649,"[6500,7000[","[6000,7000[","[6000,8000[","[4000,8000[","[0,10000[","[0,10000[",*
6651,"[6500,7000[","[6000,7000[","[6000,8000[","[4000,8000[","[0,10000[","[0,10000[",*
6657,"[6500,7000[","[6000,7000[","[6000,8000[","[4000,8000[","[0,10000[","[0,10000[",*
6659,"[6500,7000[","[6000,7000[","[6000,8000[","[4000,8000[","[0,10000[","[0,10000[",*
6662,"[6500,7000[","[6000,7000[","[6000,8000[","[4000,8000[","[0,10000[","[0,10000[",*
6671,"[6500,7000[","[6000,7000[","[6000,8000[","[4000,8000[","[0,10000[","[0,10000[",*
6673,"[6500,7000[","[6000,7000[","[6000,8000[","[4000,8000[","[0,10000[","[0,10000[",*
6677,"[6500,7000[","[6000,7000[","[6000,8000[","[4000,8000[","[0,10000[","[0,10000[",*
6683,"[6500,7000[","[6000,7000[","[6000,8000[","[4000,8000[","[0,10000[","[0,10000[",*
6684,"[6500,7000[","[6000,7000[","[6000,8000[","[4000,8000[","[0,10000[","[0,10000[",*
6687,"[6500,7000[","[6000,7000[","[6000,8000[","[4000,8000[","[0,10000[","[0,10000[",*
6690,"[6500,7000[","[6000,7000[","[6000,8000[","[4000,8000[","[0,10000[","[0,10000[",*
6691,"[6500,7000[","[6000,7000[","[6000,8000[","[4000,8000[","[0,10000[","[0,10000[",*
6695,"[6500,7000[","[6000,7000[","[6000,8000[","[4000,8000[","[0,10000[","[0,10000[",*
6699,"[6500,7000[","[6000,7000[","[6000,8000[","[4000,8000[","[0,10000[","[0,10000[",*
6700,"[6500,7000[","[6000,7000[","[6000,8000[","[4000,8000[","[0,10000[","[0,10000[",*
6703,"[6500,7000[","[6000,7000[","[6000,8000[","[4000,8000[","[0,10000[","[0,10000[",*
6704,"[6500,7000[","[6000,7000[","[6000,8000[","[4000,8000[","[0,10000[","[0,10000[",*
6706,"[6500,7000[","[6000,7000[","[6000,8000[","[4000,8000[","[0,10000[","[0,10000[",*
6707,"[6500,7000[","[6000,7000[","[6000,8000[","[4000,8000[","[0,10000[","[0,10000[",*
6710,"[6500,7000[","[6000,7000[","[6000,8000[","[4000,8000[","[0,10000[","[0,10000[",*
6711,"[6500,7000[","[6000,7000[","[6000,8000[","[4000,8000[","[0,10000[","[0,10000[",*
6714,"[6500,7000[","[6000,7000[","[6000,8000[","[4000,8000[","[0,10000[","[0,10000[",*
6718,"[6500,7000[","[6000,7000[","[6000,8000[","[4000,8000[","[0,10000[","[0,10000[",*
6728,"[6500,7000[","[6000,7000[","[6000,8000[","[4000,8000[","[0,10000[","[0,10000[",*
6737,"[6500,7000[","[6000,7000[","[6000,8000[","[4000,8000[","[0,10000[","[0,10000[",*
6739,"[6500,7000[","[6000,7000[","[6000,8000[","[4000,8000[","[0,10000[","[0,10000[",*
6742,"[6500,7000[","[6000,7000[","[6000,8000[","[4000,8000[","[0,10000[","[0,10000[",*
6743,"[6500,7000[","[6000,7000[","[6000,8000[","[4000,8000[","[0,10000[","[0,10000[",*
6745,"[6500,7000[","[6000,7000[","[6000,8000[","[4000,8000[","[0,10000[","[0,10000[",*
6746,"[6500,7000[","[6000,7000[","[6000,8000[","[4000,8000[","[0,10000[","[0,10000[",*
6748,"[6500,7000[","[6000,7000[","[6000,8000[","[4000,8000[","[0,10000[","[0,10000[",*
6753,"[6500,7000[","[6000,7000[","[6000,8000[","[4000,8000[","[0,10000[","[0,10000[",*
6754,"[6500,7000[","[6000,7000[","[6000,8000[","[4000,8000[","[0,10000[","[0,10000[",*
6758,"[6500,7000[","[6000,7000[","[6000,8000[","[4000,8000[","[0,10000[","[0,10000[",*
6762,"[6500,7000[","[6000,7000[","[6000,8000[","[4000,8000[","[0,10000[","[0,10000[",*
6763,"[6500,7000[","[6000,7000[","[6000,8000[","[4000,8000[","[0,10000[","[0,10000[",*
6766,"[6500,7000[","[6000,7000[","[6000,8000[","[4000,8000[","[0,10000[","[0,10000[",*
6767,"[6500,7000[","[6000,7000[","[6000,8000[","[4000,8000[","[0,10000[","[0,10000[",*
6770,"[6500,7000[","[6000,7000[","[6000,8000[","[4000,8000[","[0,10000[","[0,10000[",*
6771,"[6500,7000[","[6000,7000[","[6000,8000[","[4000,8000[","[0,10000[","[0,10000[",*
6781,"[6500,7000[","[6000,7000[","[6000,8000[","[4000,8000[","[0,10000[","[0,10000[",*
6784,"[6500,7000[","[6000,7000[","[6000,8000[","[4000,8000[","[0,10000[","[0,10000[",*
6791,"[6500,7000[","[6000,7000[","[6000,8000[","[4000,8000[","[0,10000[","[0,10000[",*
6797,"[6500,7000[","[6000,7000[","[6000,8000[","[4000,8000[","[0,10000[","[0,10000[",*
6798,"[6500,7000[","[6000,7000[","[6000,8000[","[4000,8000[","[0,10000[","[0,10000[",*
6807,"[6500,7000[","[6000,7000[","[6000,8000[","[4000,8000[","[0,10000[","[0,10000[",*
6808,"[6500,7000[","[6000,7000[","[6000,8000[","[4000,8000[","[0,10000[","[0,10000[",*
6809,"[6500,7000[","[6000,7000[","[6000,8000[","[4000,8000[","[0,10000[","[0,10000[",*
6812,"[6500,7000[","[6000,7000[","[6000,8000[","[4000,8000[","[0,10000[","[0,10000[",*
6815,"[6500,7000[","[6000,7000[","[6000,8000[","[4000,8000[","[0,10000[","[0,10000[",*
6817,"[6500,7000[","[6000,7000[","[6000,8000[","[4000,8000[","[0,10000[","[0,10000[",*
6822,"[6500,7000[","[6000,7000[","[6000,8000[","[4000,8000[","[0,10000[","[0,10000[",*
6825,"[6500,7000[","[6000,7000[","[6000,8000[","[4000,8000[","[0,10000[","[0,10000[",*
6831,"[6500,7000[","[6000,7000[","[6000,8000[","[4000,8000[","[0,10000[","[0,10000[",*
6835,"[6500,7000[","[6000,7000[","[6000,8000[","[4000,8000[","[0,10000[","[0,10000[",*
6836,"[6500,7000[","[6000,7000[","[6000,8000[","[4000,8000[","[0,10000[","[0,10000[",*
6837,"[6500,7000[","[6000,7000[","[6000,8000[","[4000,8000[","[0,10000[","[0,10000[",*
6839,"[6500,7000[","[6000,7000[","[6000,8000[","[4000,8000[","[0,10000[","[0,10000[",*
6840,"[6500,7000[","[6000,7000[","[6000,8000[","[4000,8000[","[0,10000[","[0,10000[",*
6843,"[6500,7000[","[6000,7000[","[6000,8000[","[4000,8000[","[0,10000[","[0,10000[",*
6844,"[6500,7000[","[6000,7000[","[6000,8000[","[4000,8000[","[0,10000[","[0,10000[",*
6850,"[6500,7000[","[6000,7000[","[6000,8000[","[4000,8000[","[0,10000[","[0,10000[",*
6851,"[6500,7000[","[6000,7000[","[6000,8000[","[4000,8000[","[0,10000[","[0,10000[",*
6857,"[6500,7000[","[6000,7000[","[6000,8000[","[4000,8000[","[0,10000[","[0,10000[",*
6859,"[6500,7000[","[6000,7000[","[6000,8000[","[4000,8000[","[0,10000[","[0,10000[",*
6873,"[6500,7000[","[6000,7000[","[6000,8000[","[4000,8000[","[0,10000[","[0,10000[",*
6874,"[6500,7000[","[6000,7000[","[6000,8000[","[4000,8000[","[0,10000[","[0,10000[",*
6878,"[6500,7000[","[6000,7000[","[6000,8000[","[4000,8000[","[0,10000[","[0,10000[",*
6879,"[6500,7000[","[6000,7000[","[6000,8000[","[4000,8000[","[0,10000[","[0,10000[",*
6880,"[6500,7000[","[6000,7000[","[6000,8000[","[4000,8000[","[0,10000[","[0,10000[",*
6882,"[6500,7000[","[6000,7000[","[6000,8000[","[4000,8000[","[0,10000[","[0,10000[",*
6888,"[6500,7000[","[6000,7000[","[6000,8000[","[4000,8000[","[0,10000[","[0,10000[",*
6889,"[6500,7000[","[6000,7000[","[6000,8000[","[4000,8000[","[0,10000[","[0,10000[",*
6890,"[6500,7000[","[6000,7000[","[6000,8000[","[4000,8000[","[0,10000[","[0,10000[",*
6900,"[6500,7000[","[6000,7000[","[6000,8000[","[4000,8000[","[0,10000[","[0,10000[",*
6904,"[6500,7000[","[6000,7000[","[6000,8000[","[4000,8000[","[0,10000[","[0,10000[",*
6909,"[6500,7000[","[6000,7000[","[6000,8000[","[4000,8000[","[0,10000[","[0,10000[",*
6911,"[6500,7000[","[6000,7000[","[6000,8000[","[4000,8000[","[0,10000[","[0,10000[",*
6913,"[6500,7000[","[6000,7000[","[6000,8000[","[4000,8000[","[0,10000[","[0,10000[",*
6915,"[6500,7000[","[6000,7000[","[6000,8000[","[4000,8000[","[0,10000[","[0,10000[",*
6920,"[6500,7000[","[6000,7000[","[6000,8000[","[4000,8000[","[0,10000[","[0,10000[",*
6921,"[6500,7000[","[6000,7000[","[6000,8000[","[4000,8000[","[0,10000[","[0,10000[",*
6922,"[6500,7000[","[6000,7000[","[6000,8000[","[4000,8000[","[0,10000[","[0,10000[",*
6929,"[6500,7000[","[6000,7000[","[6000,8000[","[4000,8000[","[0,10000[","[0,10000[",*
6933,"[6500,7000[","[6000,7000[","[6000,8000[","[4000,8000[","[0,10000[","[0,10000[",*
6943,"[6500,7000[","[6000,7000[","[6000,8000[","[4000,8000[","[0,10000[","[0,10000[",*
6945,"[6500,7000[","[6000,7000[","[6000,8000[","[4000,8000[","[0,10000[","[0,10000[",*
6947,"[6500,7000[","[6000,7000[","[6000,8000[","[4000,8000[","[0,10000[","[0,10000[",*
6955,"[6500,7000[","[6000,7000[","[6000,8000[","[4000,8000[","[0,10000[","[0,10000[",*
6958,"[6500,7000[","[6000,7000[","[6000,8000[","[4000,8000[","[0,10000[","[0,10000[",*
6961,"[6500,7000[","[6000,7000[","[6000,8000[","[4000,8000[","[0,10000[","[0,10000[",*
6963,"[6500,7000[","[6000,7000[","[6000,8000[","[4000,8000[","[0,10000[","[0,10000[",*
6964,"[6500,7000[","[6000,7000[","[6000,8000[","[4000,8000[","[0,10000[","[0,10000[",*
6968,"[6500,7000[","[6000,7000[","[6000,8000[","[4000,8000[","[0,10000[","[0,10000[",*
6969,"[6500,7000[","[6000,7000[","[6000,8000[","[4000,8000[","[0,10000[","[0,10000[",*
6971,"[6500,7000[","[6000,7000[","[6000,8000[","[4000,8000[","[0,10000[","[0,10000[",*
6975,"[6500,7000[","[6000,7000[","[6000,8000[","[4000,8000[","[0,10000[","[0,10000[",*
6979,"[6500,7000[","[6000,7000[","[6000,8000[","[4000,8000[","[0,10000[","[0,10000[",*
6980,"[6500,7000[","[6000,7000[","[6000,8000[","[4000,8000[","[0,10000[","[0,10000[",*
6981,"[6500,7000[","[6000,7000[","[6000,8000[","[4000,8000[","[0,10000[","[0,10000[",*
6982,"[6500,7000[","[6000,7000[","[6000,8000[","[4000,8000[","[0,10000[","[0,10000[",*
6983,"[6500,7000[","[6000,7000[","[6000,8000[","[4000,8000[","[0,10000[","[0,10000[",*
6991,"[6500,7000[","[6000,7000[","[6000,8000[","[4000,8000[","[0,10000[","[0,10000[",*
6993,"[6500,7000[","[6000,7000[","[6000,8000[","[4000,8000[","[0,10000[","[0,10000[",*
6994,"[6500,7000[","[6000,7000[","[6000,8000[","[4000,8000[","[0,10000[","[0,10000[",*
6997,"[6500,7000[","[6000,7000[","[6000,8000[","[4000,8000[","[0,10000[","[0,10000[",*
6998,"[6500,7000[","[6000,7000[","[6000,8000[","[4000,8000[","[0,10000[","[0,10000[",*
6999,"[6500,7000[","[6000,7000[","[6000,8000[","[4000,8000[","[0,10000[","[0,10000[",*
7003,"[7000,7500[","[7000,8000[","[6000,8000[","[4000,8000[","[0,10000[","[0,10000[",*
7005,"[7000,7500[","[7000,8000[","[6000,8000[","[4000,8000[","[0,10000[","[0,10000[",*
7007,"[7000,7500[","[7000,8000[","[6000,8000[","[4000,8000[","[0,10000[","[0,10000[",*
7010,"[7000,7500[","[7000,8000[","[6000,8000[","[4000,8000[","[0,10000[","[0,10000[",*
7019,"[7000,7500[","[7000,8000[","[6000,8000[","[4000,8000[","[0,10000[","[0,10000[",*
7020,"[7000,7500[","[7000,8000[","[6000,8000[","[4000,8000[","[0,10000[","[0,10000[",*
7025,"[7000,7500[","[7000,8000[","[6000,8000[","[4000,8000[","[0,10000[","[0,10000[",*
7027,"[7000,7500[","[7000,8000[","[6000,8000[","[4000,8000[","[0,10000[","[0,10000[",*
7028,"[7000,7500[","[7000,8000[","[6000,8000[","[4000,8000[","[0,10000[","[0,10000[",*
7032,"[7000,7500[","[7000,8000[","[6000,8000[","[4000,8000[","[0,10000[","[0,10000[",*
7038,"[7000,7500[","[7000,8000[","[6000,8000[","[4000,8000[","[0,10000[","[0,10000[",*
7041,"[7000,7500[","[7000,8000[","[6000,8000[","[4000,8000[","[0,10000[","[0,10000[",*
7048,"[7000,7500[","[7000,8000[","[6000,8000[","[4000,8000[","[0,10000[","[0,10000[",*
7049,"[7000,7500[","[7000,8000[","[6000,8000[","[4000,8000[","[0,10000[","[0,10000[",*
7050,"[7000,7500[","[7000,8000[","[6000,8000[","[4000,8000[","[0,10000[","[0,10000[",*
7051,"[7000,7500[","[7000,8000[","[6000,8000[","[4000,8000[","[0,10000[","[0,10000[",*
7063,"[7000,7500[","[7000,8000[","[6000,8000[","[4000,8000[","[0,10000[","[0,10000[",*
7066,"[7000,7500[","[7000,8000[","[6000,8000[","[4000,8000[","[0,10000[","[0,10000[",*
7067,"[7000,7500[","[7000,8000[","[6000,8000[","[4000,8000[","[0,10000[","[0,10000[",*
7073,"[7000,7500[","[7000,8000[","[6000,8000[","[4000,8000[","[0,10000[","[0,10000[",*
7080,"[7000,7500[","[7000,8000[","[6000,8000[","[4000,8000[","[0,10000[","[0,10000[",*
7082,"[7000,7500[","[7000,8000[","[6000,8000[","[4000,8000[","[0,10000[","[0,10000[",*
7084,"[7000,7500[","[7000,8000[","[6000,8000[","[4000,8000[","[0,10000[","[0,10000[",*
7089,"[7000,7500[","[7000,8000[","[6000,8000[","[4000,8000[","[0,10000[","[0,10000[",*
7098,"[7000,7500[","[7000,8000[","[6000,8000[","[4000,8000[","[0,10000[","[0,10000[",*
7100,"[7000,7500[","[7000,8000[","[6000,8000[","[4000,8000[","[0,10000[","[0,10000[",*
7102,"[7000,7500[","[7000,8000[","[6000,8000[","[4000,8000[","[0,10000[","[0,10000[",*
7103,"[7000,7500[","[7000,8000[","[6000,8000[","[4000,8000[","[0,10000[","[0,10000[",*
7104,"[7000,7500[","[7000,8000[","[6000,8000[","[4000,8000[","[0,10000[","[0,10000[",*
7105,"[7000,7500[","[7000,8000[","[6000,8000[","[4000,8000[","[0,10000[","[0,10000[",*
7107,"[7000,7500[","[7000,8000[","[6000,8000[","[4000,8000[","[0,10000[","[0,10000[",*
7108,"[7000,7500[","[7000,8000[","[6000,8000[","[4000,8000[","[0,10000[","[0,10000[",*
7111,"[7000,7500[","[7000,8000[","[6000,8000[","[4000,8000[","[0,10000[","[0,10000[",*
7114,"[7000,7500[","[7000,8000[","[6000,8000[","[4000,8000[","[0,10000[","[0,10000[",*
7118,"[7000,7500[","[7000,8000[","[6000,8000[","[4000,8000[","[0,10000[","[0,10000[",*
7119,"[7000,7500[","[7000,8000[","[6000,8000[","[4000,8000[","[0,10000[","[0,10000[",*
7123,"[7000,7500[","[7000,8000[","[6000,8000[","[4000,8000[","[0,10000[","[0,10000[",*
7124,"[7000,7500[","[7000,8000[","[6000,8000[","[4000,8000[","[0,10000[","[0,10000[",*
7132,"[7000,7500[","[7000,8000[","[6000,8000[","[4000,8000[","[0,10000[","[0,10000[",*
7134,"[7000,7500[","[7000,8000[","[6000,8000[","[4000,8000[","[0,10000[","[0,10000[",*
7135,"[7000,7500[","[7000,8000[","[6000,8000[","[4000,8000[","[0,10000[","[0,10000[",*
7137,"[7000,7500[","[7000,8000[","[6000,8000[","[4000,8000[","[0,10000[","[0,10000[",*
7138,"[7000,7500[","[7000,8000[","[6000,8000[","[4000,8000[","[0,10000[","[0,10000[",*
7154,"[7000,7500[","[7000,8000[","[6000,8000[","[4000,8000[","[0,10000[","[0,10000[",*
7159,"[7000,7500[","[7000,8000[","[6000,8000[","[4000,8000[","[0,10000[","[0,10000[",*
7162,"[7000,7500[","[7000,8000[","[6000,8000[","[4000,8000[","[0,10000[","[0,10000[",*
7171,"[7000,7500[","[7000,8000[","[6000,8000[","[4000,8000[","[0,10000[","[0,10000[",*
7175,"[7000,7500[","[7000,8000[","[6000,8000[","[4000,8000[","[0,10000[","[0,10000[",*
7177,"[7000,7500[","[7000,8000[","[6000,8000[","[4000,8000[","[0,10000[","[0,10000[",*
7179,"[7000,7500[","[7000,8000[","[6000,8000[","[4000,8000[","[0,10000[","[0,10000[",*
7180,"[7000,7500[","[7000,8000[","[6000,8000[","[4000,8000[","[0,10000[","[0,10000[",*
7190,"[7000,7500[","[7000,8000[","[6000,8000[","[4000,8000[","[0,10000[","[0,10000[",*
7192,"[7000,7500[","[7000,8000[","[6000,8000[","[4000,8000[","[0,10000[","[0,10000[",*
7195,"[7000,7500[","[7000,8000[","[6000,8000[","[4000,8000[","[0,10000[","[0,10000[",*
7197,"[7000,7500[","[7000,8000[","[6000,8000[","[4000,8000[","[0,10000[","[0,10000[",*
7198,"[7000,7500[","[7000,8000[","[6000,8000[","[4000,8000[","[0,10000[","[0,10000[",*
7203,"[7000,7500[","[7000,8000[","[6000,8000[","[4000,8000[","[0,10000[","[0,10000[",*
7208,"[7000,7500[","[7000,8000[","[6000,8000[","[4000,8000[","[0,10000[","[0,10000[",*
7216,"[7000,7500[","[7000,8000[","[6000,8000[","[4000,8000[","[0,10000[","[0,10000[",*
7218,"[7000,7500[","[7000,8000[","[6000,8000[","[4000,8000[","[0,10000[","[0,10000[",*
7222,"[7000,7500[","[7000,8000[","[6000,8000[","[4000,8000[","[0,10000[","[0,10000[",*
7225,"[7000,7500[","[7000,8000[","[6000,8000[","[4000,8000[","[0,10000[","[0,10000[",*
7242,"[7000,7500[","[7000,8000[","[6000,8000[","[4000,8000[","[0,10000[","[0,10000[",*
7245,"[7000,7500[","[7000,8000[","[6000,8000[","[4000,8000[","[0,10000[","[0,10000[",*
7249,"[7000,7500[","[7000,8000[","[6000,8000[","[4000,8000[","[0,10000[","[0,10000[",*
7252,"[7000,7500[","[7000,8000[","[6000,8000[","[4000,8000[","[0,10000[","[0,10000[",*
7254,"[7000,7500[","[7000,8000[","[6000,8000[","[4000,8000[","[0,10000[","[0,10000[",*
7255,"[7000,7500[","[7000,8000[","[6000,8000[","[4000,8000[","[0,10000[","[0,10000[",*
7263,"[7000,7500[","[7000,8000[","[6000,8000[","[4000,8000[","[0,10000[","[0,10000[",*
7264,"[7000,7500[","[7000,8000[","[6000,8000[","[4000,8000[","[0,10000[","[0,10000[",*
7265,"[7000,7500[","[7000,8000[","[6000,8000[","[4000,8000[","[0,10000[","[0,10000[",*
7279,"[7000,7500[","[7000,8000[","[6000,8000[","[4000,8000[","[0,10000[","[0,10000[",*
7289,"[7000,7500[","[7000,8000[","[6000,8000[","[4000,8000[","[0,10000[","[0,10000[",*
7290,"[7000,7500[","[7000,8000[","[6000,8000[","[4000,8000[","[0,10000[","[0,10000[",*
7296,"[7000,7500[","[7000,8000[","[6000,8000[","[4000,8000[","[0,10000[","[0,10000[",*
7298,"[7000,7500[","[7000,8000[","[6000,8000[","[4000,8000[","[0,10000[","[0,10000[",*
7303,"[7000,7500[","[7000,8000[","[6000,8000[","[4000,8000[","[0,10000[","[0,10000[",*
7304,"[7000,7500[","[7000,8000[","[6000,8000[","[4000,8000[","[0,10000[","[0,10000[",*
7313,"[7000,7500[","[7000,8000[","[6000,8000[","[4000,8000[","[0,10000[","[0,10000[",*
7317,"[7000,7500[","[7000,8000[","[6000,8000[","[4000,8000[","[0,10000[","[0,10000[",*
7318,"[7000,7500[","[7000,8000[","[6000,8000[","[4000,8000[","[0,10000[","[0,10000[",*
7331,"[7000,7500[","[7000,8000[","[6000,8000[","[4000,8000[","[0,10000[","[0,10000[",*
7336,"[7000,7500[","[7000,8000[","[6000,8000[","[4000,8000[","[0,10000[","[0,10000[",*
7337,"[7000,7500[","[7000,8000[","[6000,8000[","[4000,8000[","[0,10000[","[0,10000[",*
7338,"[7000,7500[","[7000,8000[","[6000,8000[","[4000,8000[","[0,10000[","[0,10000[",*
7343,"[7000,7500[","[7000,8000[","[6000,8000[","[4000,8000[","[0,10000[","[0,10000[",*
7345,"[7000,7500[","[7000,8000[","[6000,8000[","[4000,8000[","[0,10000[","[0,10000[",*
7351,"[7000,7500[","[7000,8000[","[6000,8000[","[4000,8000[","[0,10000[","[0,10000[",*
7353,"[7000,7500[","[7000,8000[","[6000,8000[","[4000,8000[","[0,10000[","[0,10000[",*
7357,"[7000,7500[","[7000,8000[","[6000,8000[","[4000,8000[","[0,10000[","[0,10000[",*
7365,"[7000,7500[","[7000,8000[","[6000,8000[","[4000,8000[","[0,10000[","[0,10000[",*
7369,"[7000,7500[","[7000,8000[","[6000,8000[","[4000,8000[","[0,10000[","[0,10000[",*
7372,"[7000,7500[","[7000,8000[","[6000,8000[","[4000,8000[","[0,10000[","[0,10000[",*
7373,"[7000,7500[","[7000,8000[","[6000,8000[","[4000,8000[","[0,10000[","[0,10000[",*
7378,"[7000,7500[","[7000,8000[","[6000,8000[","[4000,8000[","[0,10000[","[0,10000[",*
7384,"[7000,7500[","[7000,8000[","[6000,8000[","[4000,8000[","[0,10000[","[0,10000[",*
7386,"[7000,7500[","[7000,8000[","[6000,8000[","[4000,8000[","[0,10000[","[0,10000[",*
7387,"[7000,7500[","[7000,8000[","[6000,8000[","[4000,8000[","[0,10000[","[0,10000[",*
7388,"[7000,7500[","[7000,8000[","[6000,8000[","[4000,8000[","[0,10000[","[0,10000[",*
7396,"[7000,7500[","[7000,8000[","[6000,8000[","[4000,8000[","[0,10000[","[0,10000[",*
7400,"[7000,7500[","[7000,8000[","[6000,8000[","[4000,8000[","[0,10000[","[0,10000[",*
7406,"[7000,7500[","[7000,8000[","[6000,8000[","[4000,8000[","[0,10000[","[0,10000[",*
7408,"[7000,7500[","[7000,8000[","[6000,8000[","[4000,8000[","[0,10000[","[0,10000[",*
7419,"[7000,7500[","[7000,8000[","[6000,8000[","[4000,8000[","[0,10000[","[0,10000[",*
7424,"[7000,7500[","[7000,8000[","[6000,8000[","[4000,8000[","[0,10000[","[0,10000[",*
7426,"[7000,7500[","[7000,8000[","[6000,8000[","[4000,8000[","[0,10000[","[0,10000[",*
7429,"[7000,7500[","[7000,8000[","[6000,8000[","[4000,8000[","[0,10000[","[0,10000[",*
7433,"[7000,7500[","[7000,8000[","[6000,8000[","[4000,8000[","[0,10000[","[0,10000[",*
7434,"[7000,7500[","[7000,8000[","[6000,8000[","[4000,8000[","[0,10000[","[0,10000[",*
7440,"[7000,7500[","[7000,8000[","[6000,8000[","[4000,8000[","[0,10000[","[0,10000[",*
7441,"[7000,7500[","[7000,8000[","[6000,8000[","[4000,8000[","[0,10000[","[0,10000[",*
7443,"[7000,7500[","[7000,8000[","[6000,8000[","[4000,8000[","[0,10000[","[0,10000[",*
7444,"[7000,7500[","[7000,8000[","[6000,8000[","[4000,8000[","[0,10000[","[0,10000[",*
7449,"[7000,7500[","[7000,8000[","[6000,8000[","[4000,8000[","[0,10000[","[0,10000[",*
7451,"[7000,7500[","[7000,8000[","[6000,8000[","[4000,8000[","[0,10000[","[0,10000[",*
7454,"[7000,7500[","[7000,8000[","[6000,8000[","[4000,8000[","[0,10000[","[0,10000[",*
7458,"[7000,7500[","[7000,8000[","[6000,8000[","[4000,8000[","[0,10000[","[0,10000[",*
7459,"[7000,7500[","[7000,8000[","[6000,8000[","[4000,8000[","[0,10000[","[0,10000[",*
7464,"[7000,7500[","[7000,8000[","[6000,8000[","[4000,8000[","[0,10000[","[0,10000[",*
7468,"[7000,7500[","[7000,8000[","[6000,8000[","[4000,8000[","[0,10000[","[0,10000[",*
7469,"[7000,7500[","[7000,8000[","[6000,8000[","[4000,8000[","[0,10000[","[0,10000[",*
7475,"[7000,7500[","[7000,8000[","[6000,8000[","[4000,8000[","[0,10000[","[0,10000[",*
7482,"[7000,7500[","[7000,8000[","[6000,8000[","[4000,8000[","[0,10000[","[0,10000[",*
7485,"[7000,7500[","[7000,8000[","[6000,8000[","[4000,8000[","[0,10000[","[0,10000[",*
7487,"[7000,7500[","[7000,8000[","[6000,8000[","[4000,8000[","[0,10000[","[0,10000[",*
7495,"[7000,7500[","[7000,8000[","[6000,8000[","[4000,8000[","[0,10000[","[0,10000[",*
7496,"[7000,7500[","[7000,8000[","[6000,8000[","[4000,8000[","[0,10000[","[0,10000[",*
7503,"[7500,8000[","[7000,8000[","[6000,8000[","[4000,8000[","[0,10000[","[0,10000[",*
7505,"[7500,8000[","[7000,8000[","[6000,8000[","[4000,8000[","[0,10000[","[0,10000[",*
7506,"[7500,8000[","[7000,8000[","[6000,8000[","[4000,8000[","[0,10000[","[0,10000[",*
7509,"[7500,8000[","[7000,8000[","[6000,8000[","[4000,8000[","[0,10000[","[0,10000[",*
7513,"[7500,8000[","[7000,8000[","[6000,8000[","[4000,8000[","[0,10000[","[0,10000[",*
7518,"[7500,8000[","[7000,8000[","[6000,8000[","[4000,8000[","[0,10000[","[0,10000[",*
7522,"[7500,8000[","[7000,8000[","[6000,8000[","[4000,8000[","[0,10000[","[0,10000[",*
7529,"[7500,8000[","[7000,8000[","[6000,8000[","[4000,8000[","[0,10000[","[0,10000[",*
7530,"[7500,8000[","[7000,8000[","[6000,8000[","[4000,8000[","[0,10000[","[0,10000[",*
7531,"[7500,8000[","[7000,8000[","[6000,8000[","[4000,8000[","[0,10000[","[0,10000[",*
7541,"[7500,8000[","[7000,8000[","[6000,8000[","[4000,8000[","[0,10000[","[0,10000[",*
7544,"[7500,8000[","[7000,8000[","[6000,8000[","[4000,8000[","[0,10000[","[0,10000[",*
7546,"[7500,8000[","[7000,8000[","[6000,8000[","[4000,8000[","[0,10000[","[0,10000[",*
7547,"[7500,8000[","[7000,8000[","[6000,8000[","[4000,8000[","[0,10000[","[0,10000[",*
7554,"[7500,8000[","[7000,8000[","[6000,8000[","[4000,8000[","[0,10000[","[0,10000[",*
7558,"[7500,8000[","[7000,8000[","[6000,8000[","[4000,8000[","[0,10000[","[0,10000[",*
7560,"[7500,8000[","[7000,8000[","[6000,8000[","[4000,8000[","[0,10000[","[0,10000[",*
7561,"[7500,8000[","[7000,8000[","[6000,8000[","[4000,8000[","[0,10000[","[0,10000[",*
7567,"[7500,8000[","[7000,8000[","[6000,8000[","[4000,8000[","[0,10000[","[0,10000[",*
7578,"[7500,8000[","[7000,8000[","[6000,8000[","[4000,8000[","[0,10000[","[0,10000[",*
7579,"[7500,8000[","[7000,8000[","[6000,8000[","[4000,8000[","[0,10000[","[0,10000[",*
7585,"[7500,8000[","[7000,8000[","[6000,8000[","[4000,8000[","[0,10000[","[0,10000[",*
7586,"[7500,8000[","[7000,8000[","[6000,8000[","[4000,8000[","[0,10000[","[0,10000[",*
7595,"[7500,8000[","[7000,8000[","[6000,8000[","[4000,8000[","[0,10000[","[0,10000[",*
7598,"[7500,8000[","[7000,8000[","[6000,8000[","[4000,8000[","[0,10000[","[0,10000[",*
7601,"[7500,8000[","[7000,8000[","[6000,8000[","[4000,8000[","[0,10000[","[0,10000[",*
7602,"[7500,8000[","[7000,8000[","[6000,8000[","[4000,8000[","[0,10000[","[0,10000[",*
7604,"[7500,8000[","[7000,8000[","[6000,8000[","[4000,8000[","[0,10000[","[0,10000[",*
7606,"[7500,8000[","[7000,8000[","[6000,8000[","[4000,8000[","[0,10000[","[0,10000[",*
7608,"[7500,8000[","[7000,8000[","[6000,8000[","[4000,8000[","[0,10000[","[0,10000[",*
7612,"[7500,8000[","[7000,8000[","[6000,8000[","[4000,8000[","[0,10000[","[0,10000[",*
7613,"[7500,8000[","[7000,8000[","[6000,8000[","[4000,8000[","[0,10000[","[0,10000[",*
7620,"[7500,8000[","[7000,8000[","[6000,8000[","[4000,8000[","[0,10000[","[0,10000[",*
7621,"[7500,8000[","[7000,8000[","[6000,8000[","[4000,8000[","[0,10000[","[0,10000[",*
7622,"[7500,8000[","[7000,8000[","[6000,8000[","[4000,8000[","[0,10000[","[0,10000[",*
7623,"[7500,8000[","[7000,8000[","[6000,8000[","[4000,8000[","[0,10000[","[0,10000[",*
7624,"[7500,8000[","[7000,8000[","[6000,8000[","[4000,8000[","[0,10000[","[0,10000[",*
7628,"[7500,8000[","[7000,8000[","[6000,8000[","[4000,8000[","[0,10000[","[0,10000[",*
7631,"[7500,8000[","[7000,8000[","[6000,8000[","[4000,8000[","[0,10000[","[0,10000[",*
7633,"[7500,8000[","[7000,8000[","[6000,8000[","[4000,8000[","[0,10000[","[0,10000[",*
7634,"[7500,8000[","[7000,8000[","[6000,8000[","[4000,8000[","[0,10000[","[0,10000[",*
7635,"[7500,8000[","[7000,8000[","[6000,8000[","[4000,8000[","[0,10000[","[0,10000[",*
7641,"[7500,8000[","[7000,8000[","[6000,8000[","[4000,8000[","[0,10000[","[0,10000[",*
7649,"[7500,8000[","[7000,8000[","[6000,8000[","[4000,8000[","[0,10000[","[0,10000[",*
7653,"[7500,8000[","[7000,8000[","[6000,8000[","[4000,8000[","[0,10000[","[0,10000[",*
7668,"[7500,8000[","[7000,8000[","[6000,8000[","[4000,8000[","[0,10000[","[0,10000[",*
7673,"[7500,8000[","[7000,8000[","[6000,8000[","[4000,8000[","[0,10000[","[0,10000[",*
7685,"[7500,8000[","[7000,8000[","[6000,8000[","[4000,8000[","[0,10000[","[0,10000[",*
7687,"[7500,8000[","[7000,8000[","[6000,8000[","[4000,8000[","[0,10000[","[0,10000[",*
7695,"[7500,8000[","[7000,8000[","[6000,8000[","[4000,8000[","[0,10000[","[0,10000[",*
7696,"[7500,8000[","[7000,8000[","[6000,8000[","[4000,8000[","[0,10000[","[0,10000[",*
7699,"[7500,8000[","[7000,8000[","[6000,8000[","[4000,8000[","[0,10000[","[0,10000[",*
7702,"[7500,8000[","[7000,8000[","[6000,8000[","[4000,8000[","[0,10000[","[0,10000[",*
7704,"[7500,8000[","[7000,8000[","[6000,8000[","[4000,8000[","[0,10000[","[0,10000[",*
7707,"[7500,8000[","[7000,8000[","[6000,8000[","[4000,8000[","[0,10000[","[0,10000[",*
7708,"[7500,8000[","[7000,8000[","[6000,8000[","[4000,8000[","[0,10000[","[0,10000[",*
7711,"[7500,8000[","[7000,8000[","[6000,8000[","[4000,8000[","[0,10000[","[0,10000[",*
7712,"[7500,8000[","[7000,8000[","[6000,8000[","[4000,8000[","[0,10000[","[0,10000[",*
7717,"[7500,8000[","[7000,8000[","[6000,8000[","[4000,8000[","[0,10000[","[0,10000[",*
7724,"[7500,8000[","[7000,8000[","[6000,8000[","[4000,8000[","[0,10000[","[0,10000[",*
7727,"[7500,8000[","[7000,8000[","[6000,8000[","[4000,8000[","[0,10000[","[0,10000[",*
7735,"[7500,8000[","[7000,8000[","[6000,8000[","[4000,8000[","[0,10000[","[0,10000[",*
7741,"[7500,8000[","[7000,8000[","[6000,8000[","[4000,8000[","[0,10000[","[0,10000[",*
7742,"[7500,8000[","[7000,8000[","[6000,8000[","[4000,8000[","[0,10000[","[0,10000[",*
7743,"[7500,8000[","[7000,8000[","[6000,8000[","[4000,8000[","[0,10000[","[0,10000[",*
7744,"[7500,8000[","[7000,8000[","[6000,8000[","[4000,8000[","[0,10000[","[0,10000[",*
7747,"[7500,8000[","[7000,8000[","[6000,8000[","[4000,8000[","[0,10000[","[0,10000[",*
7752,"[7500,8000[","[7000,8000[","[6000,8000[","[4000,8000[","[0,10000[","[0,10000[",*
7766,"[7500,8000[","[7000,8000[","[6000,8000[","[4000,8000[","[0,10000[","[0,10000[",*
7773,"[7500,8000[","[7000,8000[","[6000,8000[","[4000,8000[","[0,10000[","[0,10000[",*
7780,"[7500,8000[","[7000,8000[","[6000,8000[","[4000,8000[","[0,10000[","[0,10000[",*
7781,"[7500,8000[","[7000,8000[","[6000,8000[","[4000,8000[","[0,10000[","[0,10000[",*
7783,"[7500,8000[","[7000,8000[","[6000,8000[","[4000,8000[","[0,10000[","[0,10000[",*
7785,"[7500,8000[","[7000,8000[","[6000,8000[","[4000,8000[","[0,10000[","[0,10000[",*
7788,"[7500,8000[","[7000,8000[","[6000,8000[","[4000,8000[","[0,10000[","[0,10000[",*
7791,"[7500,8000[","[7000,8000[","[6000,8000[","[4000,8000[","[0,10000[","[0,10000[",*
7798,"[7500,8000[","[7000,8000[","[6000,8000[","[4000,8000[","[0,10000[","[0,10000[",*
7800,"[7500,8000[","[7000,8000[","[6000,8000[","[4000,8000[","[0,10000[","[0,10000[",*
7802,"[7500,8000[","[7000,8000[","[6000,8000[","[4000,8000[","[0,10000[","[0,10000[",*
7803,"[7500,8000[","[7000,8000[","[6000,8000[","[4000,8000[","[0,10000[","[0,10000[",*
7811,"[7500,8000[","[7000,8000[","[6000,8000[","[4000,8000[","[0,10000[","[0,10000[",*
7813,"[7500,8000[","[7000,8000[","[6000,8000[","[4000,8000[","[0,10000[","[0,10000[",*
7816,"[7500,8000[","[7000,8000[","[6000,8000[","[4000,8000[","[0,10000[","[0,10000[",*
7818,"[7500,8000[","[7000,8000[","[6000,8000[","[4000,8000[","[0,10000[","[0,10000[",*
7819,"[7500,8000[","[7000,8000[","[6000,8000[","[4000,8000[","[0,10000[","[0,10000[",*
7821,"[7500,8000[","[7000,8000[","[6000,8000[","[4000,8000[","[0,10000[","[0,10000[",*
7822,"[7500,8000[","[7000,8000[","[6000,8000[","[4000,8000[","[0,10000[","[0,10000[",*
7825,"[7500,8000[","[7000,8000[","[6000,8000[","[4000,8000[","[0,10000[","[0,10000[",*
7826,"[7500,8000[","[7000,8000[","[6000,8000[","[4000,8000[","[0,10000[","[0,10000[",*
7831,"[7500,8000[","[7000,8000[","[6000,8000[","[4000,8000[","[0,10000[","[0,10000[",*
7832,"[7500,8000[","[7000,8000[","[6000,8000[","[4000,8000[","[0,10000[","[0,10000[",*
7836,"[7500,8000[","[7000,8000[","[6000,8000[","[4000,8000[","[0,10000[","[0,10000[",*
7838,"[7500,8000[","[7000,8000[","[6000,8000[","[4000,8000[","[0,10000[","[0,10000[",*
7845,"[7500,8000[","[7000,8000[","[6000,8000[","[4000,8000[","[0,10000[","[0,10000[",*
7848,"[7500,8000[","[7000,8000[","[6000,8000[","[4000,8000[","[0,10000[","[0,10000[",*
7858,"[7500,8000[","[7000,8000[","[6000,8000[","[4000,8000[","[0,10000[","[0,10000[",*
7861,"[7500,8000[","[7000,8000[","[6000,8000[","[4000,8000[","[0,10000[","[0,10000[",*
7863,"[7500,8000[","[7000,8000[","[6000,8000[","[4000,8000[","[0,10000[","[0,10000[",*
7864,"[7500,8000[","[7000,8000[","[6000,8000[","[4000,8000[","[0,10000[","[0,10000[",*
7867,"[7500,8000[","[7000,8000[","[6000,8000[","[4000,8000[","[0,10000[","[0,10000[",*
7870,"[7500,8000[","[7000,8000[","[6000,8000[","[4000,8000[","[0,10000[","[0,10000[",*
7876,"[7500,8000[","[7000,8000[","[6000,8000[","[4000,8000[","[0,10000[","[0,10000[",*
7879,"[7500,8000[","[7000,8000[","[6000,8000[","[4000,8000[","[0,10000[","[0,10000[",*
7880,"[7500,8000[","[7000,8000[","[6000,8000[","[4000,8000[","[0,10000[","[0,10000[",*
7881,"[7500,8000[","[7000,8000[","[6000,8000[","[4000,8000[","[0,10000[","[0,10000[",*
7895,"[7500,8000[","[7000,8000[","[6000,8000[","[4000,8000[","[0,10000[","[0,10000[",*
7900,"[7500,8000[","[7000,8000[","[6000,8000[","[4000,8000[","[0,10000[","[0,10000[",*
7907,"[7500,8000[","[7000,8000[","[6000,8000[","[4000,8000[","[0,10000[","[0,10000[",*
7918,"[7500,8000[","[7000,8000[","[6000,8000[","[4000,8000[","[0,10000[","[0,10000[",*
7928,"[7500,8000[","[7000,8000[","[6000,8000[","[4000,8000[","[0,10000[","[0,10000[",*
7929,"[7500,8000[","[7000,8000[","[6000,8000[","[4000,8000[","[0,10000[","[0,10000[",*
7934,"[7500,8000[","[7000,8000[","[6000,8000[","[4000,8000[","[0,10000[","[0,10000[",*
7935,"[7500,8000[","[7000,8000[","[6000,8000[","[4000,8000[","[0,10000[","[0,10000[",*
7938,"[7500,8000[","[7000,8000[","[6000,8000[","[4000,8000[","[0,10000[","[0,10000[",*
7944,"[7500,8000[","[7000,8000[","[6000,8000[","[4000,8000[","[0,10000[","[0,10000[",*
7945,"[7500,8000[","[7000,8000[","[6000,8000[","[4000,8000[","[0,10000[","[0,10000[",*
7951,"[7500,8000[","[7000,8000[","[6000,8000[","[4000,8000[","[0,10000[","[0,10000[",*
7957,"[7500,8000[","[7000,8000[","[6000,8000[","[4000,8000[","[0,10000[","[0,10000[",*
7962,"[7500,8000[","[7000,8000[","[6000,8000[","[4000,8000[","[0,10000[","[0,10000[",*
7968,"[7500,8000[","[7000,8000[","[6000,8000[","[4000,8000[","[0,10000[","[0,10000[",*
7973,"[7500,8000[","[7000,8000[","[6000,8000[","[4000,8000[","[0,10000[","[0,10000[",*
7974,"[7500,8000[","[7000,8000[","[6000,8000[","[4000,8000[","[0,10000[","[0,10000[",*
7982,"[7500,8000[","[7000,8000[","[6000,8000[","[4000,8000[","[0,10000[","[0,10000[",*
7984,"[7500,8000[","[7000,8000[","[6000,8000[","[4000,8000[","[0,10000[","[0,10000[",*
7985,"[7500,8000[","[7000,8000[","[6000,8000[","[4000,8000[","[0,10000[","[0,10000[",*
7990,"[7500,8000[","[7000,8000[","[6000,8000[","[4000,8000[","[0,10000[","[0,10000[",*
8000,"[8000,8500[","[8000,9000[","[8000,10000[","[8000,12000[","[0,10000[","[0,10000[",*
8001,"[8000,8500[","[8000,9000[","[8000,10000[","[8000,12000[","[0,10000[","[0,10000[",*
8004,"[8000,8500[","[8000,9000[","[8000,10000[","[8000,12000[","[0,10000[","[0,10000[",*
8014,"[8000,8500[","[8000,9000[","[8000,10000[","[8000,12000[","[0,10000[","[0,10000[",*
8015,"[8000,8500[","[8000,9000[","[8000,10000[","[8000,12000[","[0,10000[","[0,10000[",*
8016,"[8000,8500[","[8000,9000[","[8000,10000[","[8000,12000[","[0,10000[","[0,10000[",*
8017,"[8000,8500[","[8000,9000[","[8000,10000[","[8000,12000[","[0,10000[","[0,10000[",*
8023,"[8000,8500[","[8000,9000[","[8000,10000[","[8000,12000[","[0,10000[","[0,10000[",*
8025,"[8000,8500[","[8000,9000[","[8000,10000[","[8000,12000[","[0,10000[","[0,10000[",*
8029,"[8000,8500[","[8000,9000[","[8000,10000[","[8000,12000[","[0,10000[","[0,10000[",*
8032,"[8000,8500[","[8000,9000[","[8000,10000[","[8000,12000[","[0,10000[","[0,10000[",*
8036,"[8000,8500[","[8000,9000[","[8000,10000[","[8000,12000[","[0,10000[","[0,10000[",*
8037,"[8000,8500[","[8000,9000[","[8000,10000[","[8000,12000[","[0,10000[","[0,10000[",*
8038,"[8000,8500[","[8000,9000[","[8000,10000[","[8000,12000[","[0,10000[","[0,10000[",*
8040,"[8000,8500[","[8000,9000[","[8000,10000[","[8000,12000[","[0,10000[","[0,10000[",*
8043,"[8000,8500[","[8000,9000[","[8000,10000[","[8000,12000[","[0,10000[","[0,10000[",*
8044,"[8000,8500[","[8000,9000[","[8000,10000[","[8000,12000[","[0,10000[","[0,10000[",*
8047,"[8000,8500[","[8000,9000[","[8000,10000[","[8000,12000[","[0,10000[","[0,10000[",*
8066,"[8000,8500[","[8000,9000[","[8000,10000[","[8000,12000[","[0,10000[","[0,10000[",*
8077,"[8000,8500[","[8000,9000[","[8000,10000[","[8000,12000[","[0,10000[","[0,10000[",*
8079,"[8000,8500[","[8000,9000[","[8000,10000[","[8000,12000[","[0,10000[","[0,10000[",*
8089,"[8000,8500[","[8000,9000[","[8000,10000[","[8000,12000[","[0,10000[","[0,10000[",*
8093,"[8000,8500[","[8000,9000[","[8000,10000[","[8000,12000[","[0,10000[","[0,10000[",*
8094,"[8000,8500[","[8000,9000[","[8000,10000[","[8000,12000[","[0,10000[","[0,10000[",*
8097,"[8000,8500[","[8000,9000[","[8000,10000[","[8000,12000[","[0,10000[","[0,10000[",*
8101,"[8000,8500[","[8000,9000[","[8000,10000[","[8000,12000[","[0,10000[","[0,10000[",*
8103,"[8000,8500[","[8000,9000[","[8000,10000[","[8000,12000[","[0,10000[","[0,10000[",*
8104,"[8000,8500[","[8000,9000[","[8000,10000[","[8000,12000[","[0,10000[","[0,10000[",*
8106,"[8000,8500[","[8000,9000[","[8000,10000[","[8000,12000[","[0,10000[","[0,10000[",*
8107,"[8000,8500[","[8000,9000[","[8000,10000[","[8000,12000[","[0,10000[","[0,10000[",*
8112,"[8000,8500[","[8000,9000[","[8000,10000[","[8000,12000[","[0,10000[","[0,10000[",*
8114,"[8000,8500[","[8000,9000[","[8000,10000[","[8000,12000[","[0,10000[","[0,10000[",*
8118,"[8000,8500[","[8000,9000[","[8000,10000[","[8000,12000[","[0,10000[","[0,10000[",*
8119,"[8000,8500[","[8000,9000[","[8000,10000[","[8000,12000[","[0,10000[","[0,10000[",*
8121,"[8000,8500[","[8000,9000[","[8000,10000[","[8000,12000[","[0,10000[","[0,10000[",*
8127,"[8000,8500[","[8000,9000[","[8000,10000[","[8000,12000[","[0,10000[","[0,10000[",*
8131,"[8000,8500[","[8000,9000[","[8000,10000[","[8000,12000[","[0,10000[","[0,10000[",*
8132,"[8000,8500[","[8000,9000[","[8000,10000[","[8000,12000[","[0,10000[","[0,10000[",*
8135,"[8000,8500[","[8000,9000[","[8000,10000[","[8000,12000[","[0,10000[","[0,10000[",*
8136,"[8000,8500[","[8000,9000[","[8000,10000[","[8000,12000[","[0,10000[","[0,10000[",*
8138,"[8000,8500[","[8000,9000[","[8000,10000[","[8000,12000[","[0,10000[","[0,10000[",*
8139,"[8000,8500[","[8000,9000[","[8000,10000[","[8000,12000[","[0,10000[","[0,10000[",*
8141,"[8000,8500[","[8000,9000[","[8000,10000[","[8000,12000[","[0,10000[","[0,10000[",*
8142,"[8000,8500[","[8000,9000[","[8000,10000[","[8000,12000[","[0,10000[","[0,10000[",*
8148,"[8000,8500[","[8000,9000[","[8000,10000[","[8000,12000[","[0,10000[","[0,10000[",*
8150,"[8000,8500[","[8000,9000[","[8000,10000[","[8000,12000[","[0,10000[","[0,10000[",*
8152,"[8000,8500[","[8000,9000[","[8000,10000[","[8000,12000[","[0,10000[","[0,10000[",*
8153,"[8000,8500[","[8000,9000[","[8000,10000[","[8000,12000[","[0,10000[","[0,10000[",*
8163,"[8000,8500[","[8000,9000[","[8000,10000[","[8000,12000[","[0,10000[","[0,10000[",*
8165,"[8000,8500[","[8000,9000[","[8000,10000[","[8000,12000[","[0,10000[","[0,10000[",*
8167,"[8000,8500[","[8000,9000[","[8000,10000[","[8000,12000[","[0,10000[","[0,10000[",*
8180,"[8000,8500[","[8000,9000[","[8000,10000[","[8000,12000[","[0,10000[","[0,10000[",*
8195,"[8000,8500[","[8000,9000[","[8000,10000[","[8000,12000[","[0,10000[","[0,10000[",*
8205,"[8000,8500[","[8000,9000[","[8000,10000[","[8000,12000[","[0,10000[","[0,10000[",*
8206,"[8000,8500[","[8000,9000[","[8000,10000[","[8000,12000[","[0,10000[","[0,10000[",*
8218,"[8000,8500[","[8000,9000[","[8000,10000[","[8000,12000[","[0,10000[","[0,10000[",*
8224,"[8000,8500[","[8000,9000[","[8000,10000[","[8000,12000[","[0,10000[","[0,10000[",*
8226,"[8000,8500[","[8000,9000[","[8000,10000[","[8000,12000[","[0,10000[","[0,10000[",*
8229,"[8000,8500[","[8000,9000[","[8000,10000[","[8000,12000[","[0,10000[","[0,10000[",*
8230,"[8000,8500[","[8000,9000[","[8000,10000[","[8000,12000[","[0,10000[","[0,10000[",*
8238,"[8000,8500[","[8000,9000[","[8000,10000[","[8000,12000[","[0,10000[","[0,10000[",*
8251,"[8000,8500[","[8000,9000[","[8000,10000[","[8000,12000[","[0,10000[","[0,10000[",*
8254,"[8000,8500[","[8000,9000[","[8000,10000[","[8000,12000[","[0,10000[","[0,10000[",*
8259,"[8000,8500[","[8000,9000[","[8000,10000[","[8000,12000[","[0,10000[","[0,10000[",*
8262,"[8000,8500[","[8000,9000[","[8000,10000[","[8000,12000[","[0,10000[","[0,10000[",*
8263,"[8000,8500[","[8000,9000[","[8000,10000[","[8000,12000[","[0,10000[","[0,10000[",*
8265,"[8000,8500[","[8000,9000[","[8000,10000[","[8000,12000[","[0,10000[","[0,10000[",*
8266,"[8000,8500[","[8000,9000[","[8000,10000[","[8000,12000[","[0,10000[","[0,10000[",*
8267,"[8000,8500[","[8000,9000[","[8000,10000[","[8000,12000[","[0,10000[","[0,10000[",*
8277,"[8000,8500[","[8000,9000[","[8000,10000[","[8000,12000[","[0,10000[","[0,10000[",*
8278,"[8000,8500[","[8000,9000[","[8000,10000[","[8000,12000[","[0,10000[","[0,10000[",*
8279,"[8000,8500[","[8000,9000[","[8000,10000[","[8000,12000[","[0,10000[","[0,10000[",*
8289,"[8000,8500[","[8000,9000[","[8000,10000[","[8000,12000[","[0,10000[","[0,10000[",*
8291,"[8000,8500[","[8000,9000[","[8000,10000[","[8000,12000[","[0,10000[","[0,10000[",*
8295,"[8000,8500[","[8000,9000[","[8000,10000[","[8000,12000[","[0,10000[","[0,10000[",*
8298,"[8000,8500[","[8000,9000[","[8000,10000[","[8000,12000[","[0,10000[","[0,10000[",*
8300,"[8000,8500[","[8000,9000[","[8000,10000[","[8000,12000[","[0,10000[","[0,10000[",*
8303,"[8000,8500[","[8000,9000[","[8000,10000[","[8000,12000[","[0,10000[","[0,10000[",*
8304,"[8000,8500[","[8000,9000[","[8000,10000[","[8000,12000[","[0,10000[","[0,10000[",*
8309,"[8000,8500[","[8000,9000[","[8000,10000[","[8000,12000[","[0,10000[","[0,10000[",*
8311,"[8000,8500[","[8000,9000[","[8000,10000[","[8000,12000[","[0,10000[","[0,10000[",*
8312,"[8000,8500[","[8000,9000[","[8000,10000[","[8000,12000[","[0,10000[","[0,10000[",*
8313,"[8000,8500[","[8000,9000[","[8000,10000[","[8000,12000[","[0,10000[","[0,10000[",*
8318,"[8000,8500[","[8000,9000[","[8000,10000[","[8000,12000[","[0,10000[","[0,10000[",*
8319,"[8000,8500[","[8000,9000[","[8000,10000[","[8000,12000[","[0,10000[","[0,10000[",*
8326,"[8000,8500[","[8000,9000[","[8000,10000[","[8000,12000[","[0,10000[","[0,10000[",*
8332,"[8000,8500[","[8000,9000[","[8000,10000[","[8000,12000[","[0,10000[","[0,10000[",*
8334,"[8000,8500[","[8000,9000[","[8000,10000[","[8000,12000[","[0,10000[","[0,10000[",*
8339,"[8000,8500[","[8000,9000[","[8000,10000[","[8000,12000[","[0,10000[","[0,10000[",*
8345,"[8000,8500[","[8000,9000[","[8000,10000[","[8000,12000[","[0,10000[","[0,10000[",*
8351,"[8000,8500[","[8000,9000[","[8000,10000[","[8000,12000[","[0,10000[","[0,10000[",*
8366,"[8000,8500[","[8000,9000[","[8000,10000[","[8000,12000[","[0,10000[","[0,10000[",*
8368,"[8000,8500[","[8000,9000[","[8000,10000[","[8000,12000[","[0,10000[","[0,10000[",*
8379,"[8000,8500[","[8000,9000[","[8000,10000[","[8000,12000[","[0,10000[","[0,10000[",*
8381,"[8000,8500[","[8000,9000[","[8000,10000[","[8000,12000[","[0,10000[","[0,10000[",*
8399,"[8000,8500[","[8000,9000[","[8000,10000[","[8000,12000[","[0,10000[","[0,10000[",*
8402,"[8000,8500[","[8000,9000[","[8000,10000[","[8000,12000[","[0,10000[","[0,10000[",*
8403,"[8000,8500[","[8000,9000[","[8000,10000[","[8000,12000[","[0,10000[","[0,10000[",*
8408,"[8000,8500[","[8000,9000[","[8000,10000[","[8000,12000[","[0,10000[","[0,10000[",*
8412,"[8000,8500[","[8000,9000[","[8000,10000[","[8000,12000[","[0,10000[","[0,10000[",*
8413,"[8000,8500[","[8000,9000[","[8000,10000[","[8000,12000[","[0,10000[","[0,10000[",*
8417,"[8000,8500[","[8000,9000[","[8000,10000[","[8000,12000[","[0,10000[","[0,10000[",*
8422,"[8000,8500[","[8000,9000[","[8000,10000[","[8000,12000[","[0,10000[","[0,10000[",*
8434,"[8000,8500[","[8000,9000[","[8000,10000[","[8000,12000[","[0,10000[","[0,10000[",*
8436,"[8000,8500[","[8000,9000[","[8000,10000[","[8000,12000[","[0,10000[","[0,10000[",*
8444,"[8000,8500[","[8000,9000[","[8000,10000[","[8000,12000[","[0,10000[","[0,10000[",*
8449,"[8000,8500[","[8000,9000[","[8000,10000[","[8000,12000[","[0,10000[","[0,10000[",*
8460,"[8000,8500[","[8000,9000[","[8000,10000[","[8000,12000[","[0,10000[","[0,10000[",*
8463,"[8000,8500[","[8000,9000[","[8000,10000[","[8000,12000[","[0,10000[","[0,10000[",*
8465,"[8000,8500[","[8000,9000[","[8000,10000[","[8000,12000[","[0,10000[","[0,10000[",*
8480,"[8000,8500[","[8000,9000[","[8000,10000[","[8000,12000[","[0,10000[","[0,10000[",*
8486,"[8000,8500[","[8000,9000[","[8000,10000[","[8000,12000[","[0,10000[","[0,10000[",*
8489,"[8000,8500[","[8000,9000[","[8000,10000[","[8000,12000[","[0,10000[","[0,10000[",*
8491,"[8000,8500[","[8000,9000[","[8000,10000[","[8000,12000[","[0,10000[","[0,10000[",*
8494,"[8000,8500[","[8000,9000[","[8000,10000[","[8000,12000[","[0,10000[","[0,10000[",*
8509,"[8500,9000[","[8000,9000[","[8000,10000[","[8000,12000[","[0,10000[","[0,10000[",*
8514,"[8500,9000[","[8000,9000[","[8000,10000[","[8000,12000[","[0,10000[","[0,10000[",*
8515,"[8500,9000[","[8000,9000[","[8000,10000[","[8000,12000[","[0,10000[","[0,10000[",*
8535,"[8500,9000[","[8000,9000[","[8000,10000[","[8000,12000[","[0,10000[","[0,10000[",*
8536,"[8500,9000[","[8000,9000[","[8000,10000[","[8000,12000[","[0,10000[","[0,10000[",*
8538,"[8500,9000[","[8000,9000[","[8000,10000[","[8000,12000[","[0,10000[","[0,10000[",*
8541,"[8500,9000[","[8000,9000[","[8000,10000[","[8000,12000[","[0,10000[","[0,10000[",*
8545,"[8500,9000[","[8000,9000[","[8000,10000[","[8000,12000[","[0,10000[","[0,10000[",*
8548,"[8500,9000[","[8000,9000[","[8000,10000[","[8000,12000[","[0,10000[","[0,10000[",*
8553,"[8500,9000[","[8000,9000[","[8000,10000[","[8000,12000[","[0,10000[","[0,10000[",*
8554,"[8500,9000[","[8000,9000[","[8000,10000[","[8000,12000[","[0,10000[","[0,10000[",*
8556,"[8500,9000[","[8000,9000[","[8000,10000[","[8000,12000[","[0,10000[","[0,10000[",*
8558,"[8500,9000[","[8000,9000[","[8000,10000[","[8000,12000[","[0,10000[","[0,10000[",*
8562,"[8500,9000[","[8000,9000[","[8000,10000[","[8000,12000[","[0,10000[","[0,10000[",*
8563,"[8500,9000[","[8000,9000[","[8000,10000[","[8000,12000[","[0,10000[","[0,10000[",*
8564,"[8500,9000[","[8000,9000[","[8000,10000[","[8000,12000[","[0,10000[","[0,10000[",*
8583,"[8500,9000[","[8000,9000[","[8000,10000[","[8000,12000[","[0,10000[","[0,10000[",*
8585,"[8500,9000[","[8000,9000[","[8000,10000[","[8000,12000[","[0,10000[","[0,10000[",*
8590,"[8500,9000[","[8000,9000[","[8000,10000[","[8000,12000[","[0,10000[","[0,10000[",*
8592,"[8500,9000[","[8000,9000[","[8000,10000[","[8000,12000[","[0,10000[","[0,10000[",*
8594,"[8500,9000[","[8000,9000[","[8000,10000[","[8000,12000[","[0,10000[","[0,10000[",*
8600,"[8500,9000[","[8000,9000[","[8000,10000[","[8000,12000[","[0,10000[","[0,10000[",*
8603,"[8500,9000[","[8000,9000[","[8000,10000[","[8000,12000[","[0,10000[","[0,10000[",*
8605,"[8500,9000[","[8000,9000[","[8000,10000[","[8000,12000[","[0,10000[","[0,10000[",*
8619,"[8500,9000[","[8000,9000[","[8000,10000[","[8000,12000[","[0,10000[","[0,10000[",*
8623,"[8500,9000[","[8000,9000[","[8000,10000[","[8000,12000[","[0,10000[","[0,10000[",*
8626,"[8500,9000[","[8000,9000[","[8000,10000[","[8000,12000[","[0,10000[","[0,10000[",*
8627,"[8500,9000[","[8000,9000[","[8000,10000[","[8000,12000[","[0,10000[","[0,10000[",*
8629,"[8500,9000[","[8000,9000[","[8000,10000[","[8000,12000[","[0,10000[","[0,10000[",*
8637,"[8500,9000[","[8000,9000[","[8000,10000[","[8000,12000[","[0,10000[","[0,10000[",*
8647,"[8500,9000[","[8000,9000[","[8000,10000[","[8000,12000[","[0,10000[","[0,10000[",*
8648,"[8500,9000[","[8000,9000[","[8000,10000[","[8000,12000[","[0,10000[","[0,10000[",*
8649,"[8500,9000[","[8000,9000[","[8000,10000[","[8000,12000[","[0,10000[","[0,10000[",*
8652,"[8500,9000[","[8000,9000[","[8000,10000[","[8000,12000[","[0,10000[","[0,10000[",*
8654,"[8500,9000[","[8000,9000[","[8000,10000[","[8000,12000[","[0,10000[","[0,10000[",*
8666,"[8500,9000[","[8000,9000[","[8000,10000[","[8000,12000[","[0,10000[","[0,10000[",*
8669,"[8500,9000[","[8000,9000[","[8000,10000[","[8000,12000[","[0,10000[","[0,10000[",*
8674,"[8500,9000[","[8000,9000[","[8000,10000[","[8000,12000[","[0,10000[","[0,10000[",*
8680,"[8500,9000[","[8000,9000[","[8000,10000[","[8000,12000[","[0,10000[","[0,10000[",*
8689,"[8500,9000[","[8000,9000[","[8000,10000[","[8000,12000[","[0,10000[","[0,10000[",*
8692,"[8500,9000[","[8000,9000[","[8000,10000[","[8000,12000[","[0,10000[","[0,10000[",*
8717,"[8500,9000[","[8000,9000[","[8000,10000[","[8000,12000[","[0,10000[","[0,10000[",*
8725,"[8500,9000[","[8000,9000[","[8000,10000[","[8000,12000[","[0,10000[","[0,10000[",*
8729,"[8500,9000[","[8000,9000[","[8000,10000[","[8000,12000[","[0,10000[","[0,10000[",*
8730,"[8500,9000[","[8000,9000[","[8000,10000[","[8000,12000[","[0,10000[","[0,10000[",*
8741,"[8500,9000[","[8000,9000[","[8000,10000[","[8000,12000[","[0,10000[","[0,10000[",*
8749,"[8500,9000[","[8000,9000[","[8000,10000[","[8000,12000[","[0,10000[","[0,10000[",*
8750,"[8500,9000[","[8000,9000[","[8000,10000[","[8000,12000[","[0,10000[","[0,10000[",*
8758,"[8500,9000[","[8000,9000[","[8000,10000[","[8000,12000[","[0,10000[","[0,10000[",*
8781,"[8500,9000[","[8000,9000[","[8000,10000[","[8000,12000[","[0,10000[","[0,10000[",*
8784,"[8500,9000[","[8000,9000[","[8000,10000[","[8000,12000[","[0,10000[","[0,10000[",*
8785,"[8500,9000[","[8000,9000[","[8000,10000[","[8000,12000[","[0,10000[","[0,10000[",*
8794,"[8500,9000[","[8000,9000[","[8000,10000[","[8000,12000[","[0,10000[","[0,10000[",*
8806,"[8500,9000[","[8000,9000[","[8000,10000[","[8000,12000[","[0,10000[","[0,10000[",*
8821,"[8500,9000[","[8000,9000[","[8000,10000[","[8000,12000[","[0,10000[","[0,10000[",*
8823,"[8500,9000[","[8000,9000[","[8000,10000[","[8000,12000[","[0,10000[","[0,10000[",*
8826,"[8500,9000[","[8000,9000[","[8000,10000[","[8000,12000[","[0,10000[","[0,10000[",*
8828,"[8500,9000[","[8000,9000[","[8000,10000[","[8000,12000[","[0,10000[","[0,10000[",*
8837,"[8500,9000[","[8000,9000[","[8000,10000[","[8000,12000[","[0,10000[","[0,10000[",*
8839,"[8500,9000[","[8000,9000[","[8000,10000[","[8000,12000[","[0,10000[","[0,10000[",*
8844,"[8500,9000[","[8000,9000[","[8000,10000[","[8000,12000[","[0,10000[","[0,10000[",*
8859,"[8500,9000[","[8000,9000[","[8000,10000[","[8000,12000[","[0,10000[","[0,10000[",*
8860,"[8500,9000[","[8000,9000[","[8000,10000[","[8000,12000[","[0,10000[","[0,10000[",*
8863,"[8500,9000[","[8000,9000[","[8000,10000[","[8000,12000[","[0,10000[","[0,10000[",*
8866,"[8500,9000[","[8000,9000[","[8000,10000[","[8000,12000[","[0,10000[","[0,10000[",*
8873,"[8500,9000[","[8000,9000[","[8000,10000[","[8000,12000[","[0,10000[","[0,10000[",*
8874,"[8500,9000[","[8000,9000[","[8000,10000[","[8000,12000[","[0,10000[","[0,10000[",*
8876,"[8500,9000[","[8000,9000[","[8000,10000[","[8000,12000[","[0,10000[","[0,10000[",*
8883,"[8500,9000[","[8000,9000[","[8000,10000[","[8000,12000[","[0,10000[","[0,10000[",*
8892,"[8500,9000[","[8000,9000[","[8000,10000[","[8000,12000[","[0,10000[","[0,10000[",*
8894,"[8500,9000[","[8000,9000[","[8000,10000[","[8000,12000[","[0,10000[","[0,10000[",*
8897,"[8500,9000[","[8000,9000[","[8000,10000[","[8000,12000[","[0,10000[","[0,10000[",*
8899,"[8500,9000[","[8000,9000[","[8000,10000[","[8000,12000[","[0,10000[","[0,10000[",*
8902,"[8500,9000[","[8000,9000[","[8000,10000[","[8000,12000[","[0,10000[","[0,10000[",*
8903,"[8500,9000[","[8000,9000[","[8000,10000[","[8000,12000[","[0,10000[","[0,10000[",*
8918,"[8500,9000[","[8000,9000[","[8000,10000[","[8000,12000[","[0,10000[","[0,10000[",*
8919,"[8500,9000[","[8000,9000[","[8000,10000[","[8000,12000[","[0,10000[","[0,10000[",*
8929,"[8500,9000[","[8000,9000[","[8000,10000[","[8000,12000[","[0,10000[","[0,10000[",*
8938,"[8500,9000[","[8000,9000[","[8000,10000[","[8000,12000[","[0,10000[","[0,10000[",*
8947,"[8500,9000[","[8000,9000[","[8000,10000[","[8000,12000[","[0,10000[","[0,10000[",*
8950,"[8500,9000[","[8000,9000[","[8000,10000[","[8000,12000[","[0,10000[","[0,10000[",*
8953,"[8500,9000[","[8000,9000[","[8000,10000[","[8000,12000[","[0,10000[","[0,10000[",*
8957,"[8500,9000[","[8000,9000[","[8000,10000[","[8000,12000[","[0,10000[","[0,10000[",*
8963,"[8500,9000[","[8000,9000[","[8000,10000[","[8000,12000[","[0,10000[","[0,10000[",*
8969,"[8500,9000[","[8000,9000[","[8000,10000[","[8000,12000[","[0,10000[","[0,10000[",*
8971,"[8500,9000[","[8000,9000[","[8000,10000[","[8000,12000[","[0,10000[","[0,10000[",*
8973,"[8500,9000[","[8000,9000[","[8000,10000[","[8000,12000[","[0,10000[","[0,10000[",*
8979,"[8500,9000[","[8000,9000[","[8000,10000[","[8000,12000[","[0,10000[","[0,10000[",*
8982,"[8500,9000[","[8000,9000[","[8000,10000[","[8000,12000[","[0,10000[","[0,10000[",*
8990,"[8500,9000[","[8000,9000[","[8000,10000[","[8000,12000[","[0,10000[","[0,10000[",*
9001,"[9000,9500[","[9000,10000[","[8000,10000[","[8000,12000[","[0,10000[","[0,10000[",*
9002,"[9000,9500[","[9000,10000[","[8000,10000[","[8000,12000[","[0,10000[","[0,10000[",*
9004,"[9000,9500[","[9000,10000[","[8000,10000[","[8000,12000[","[0,10000[","[0,10000[",*
9009,"[9000,9500[","[9000,10000[","[8000,10000[","[8000,12000[","[0,10000[","[0,10000[",*
9019,"[9000,9500[","[9000,10000[","[8000,10000[","[8000,12000[","[0,10000[","[0,10000[",*
9039,"[9000,9500[","[9000,10000[","[8000,10000[","[8000,12000[","[0,10000[","[0,10000[",*
9047,"[9000,9500[","[9000,10000[","[8000,10000[","[8000,12000[","[0,10000[","[0,10000[",*
9049,"[9000,9500[","[9000,10000[","[8000,10000[","[8000,12000[","[0,10000[","[0,10000[",*
9051,"[9000,9500[","[9000,10000[","[8000,10000[","[8000,12000[","[0,10000[","[0,10000[",*
9059,"[9000,9500[","[9000,10000[","[8000,10000[","[8000,12000[","[0,10000[","[0,10000[",*
9064,"[9000,9500[","[9000,10000[","[8000,10000[","[8000,12000[","[0,10000[","[0,10000[",*
9068,"[9000,9500[","[9000,10000[","[8000,10000[","[8000,12000[","[0,10000[","[0,10000[",*
9072,"[9000,9500[","[9000,10000[","[8000,10000[","[8000,12000[","[0,10000[","[0,10000[",*
9077,"[9000,9500[","[9000,10000[","[8000,10000[","[8000,12000[","[0,10000[","[0,10000[",*
9083,"[9000,9500[","[9000,10000[","[8000,10000[","[8000,12000[","[0,10000[","[0,10000[",*
9102,"[9000,9500[","[9000,10000[","[8000,10000[","[8000,12000[","[0,10000[","[0,10000[",*
9103,"[9000,9500[","[9000,10000[","[8000,10000[","[8000,12000[","[0,10000[","[0,10000[",*
9110,"[9000,9500[","[9000,10000[","[8000,10000[","[8000,12000[","[0,10000[","[0,10000[",*
9121,"[9000,9500[","[9000,10000[","[8000,10000[","[8000,12000[","[0,10000[","[0,10000[",*
9131,"[9000,9500[","[9000,10000[","[8000,10000[","[8000,12000[","[0,10000[","[0,10000[",*
9135,"[9000,9500[","[9000,10000[","[8000,10000[","[8000,12000[","[0,10000[","[0,10000[",*
9139,"[9000,9500[","[9000,10000[","[8000,10000[","[8000,12000[","[0,10000[","[0,10000[",*
9143,"[9000,9500[","[9000,10000[","[8000,10000[","[8000,12000[","[0,10000[","[0,10000[",*
9146,"[9000,9500[","[9000,10000[","[8000,10000[","[8000,12000[","[0,10000[","[0,10000[",*
9149,"[9000,9500[","[9000,10000[","[8000,10000[","[8000,12000[","[0,10000[","[0,10000[",*
9154,"[9000,9500[","[9000,10000[","[8000,10000[","[8000,12000[","[0,10000[","[0,10000[",*
9160,"[9000,9500[","[9000,10000[","[8000,10000[","[8000,12000[","[0,10000[","[0,10000[",*
9173,"[9000,9500[","[9000,10000[","[8000,10000[","[8000,12000[","[0,10000[","[0,10000[",*
9192,"[9000,9500[","[9000,10000[","[8000,10000[","[8000,12000[","[0,10000[","[0,10000[",*
9194,"[9000,9500[","[9000,10000[","[8000,10000[","[8000,12000[","[0,10000[","[0,10000[",*
9200,"[9000,9500[","[9000,10000[","[8000,10000[","[8000,12000[","[0,10000[","[0,10000[",*
9202,"[9000,9500[","[9000,10000[","[8000,10000[","[8000,12000[","[0,10000[","[0,10000[",*
9207,"[9000,9500[","[9000,10000[","[8000,10000[","[8000,12000[","[0,10000[","[0,10000[",*
9214,"[9000,9500[","[9000,10000[","[8000,10000[","[8000,12000[","[0,10000[","[0,10000[",*
9216,"[9000,9500[","[9000,10000[","[8000,10000[","[8000,12000[","[0,10000[","[0,10000[",*
9221,"[9000,9500[","[9000,10000[","[8000,10000[","[8000,12000[","[0,10000[","[0,10000[",*
9224,"[9000,9500[","[9000,10000[","[8000,10000[","[8000,12000[","[0,10000[","[0,10000[",*
9228,"[9000,9500[","[9000,10000[","[8000,10000[","[8000,12000[","[0,10000[","[0,10000[",*
9231,"[9000,9500[","[9000,10000[","[8000,10000[","[8000,12000[","[0,10000[","[0,10000[",*
9246,"[9000,9500[","[9000,10000[","[8000,10000[","[8000,12000[","[0,10000[","[0,10000[",*
9252,"[9000,9500[","[9000,10000[","[8000,10000[","[8000,12000[","[0,10000[","[0,10000[",*
9261,"[9000,9500[","[9000,10000[","[8000,10000[","[8000,12000[","[0,10000[","[0,10000[",*
9262,"[9000,9500[","[9000,10000[","[8000,10000[","[8000,12000[","[0,10000[","[0,10000[",*
9269,"[9000,9500[","[9000,10000[","[8000,10000[","[8000,12000[","[0,10000[","[0,10000[",*
9277,"[9000,9500[","[9000,10000[","[8000,10000[","[8000,12000[","[0,10000[","[0,10000[",*
9299,"[9000,9500[","[9000,10000[","[8000,10000[","[8000,12000[","[0,10000[","[0,10000[",*
9301,"[9000,9500[","[9000,10000[","[8000,10000[","[8000,12000[","[0,10000[","[0,10000[",*
9304,"[9000,9500[","[9000,10000[","[8000,10000[","[8000,12000[","[0,10000[","[0,10000[",*
9305,"[9000,9500[","[9000,10000[","[8000,10000[","[8000,12000[","[0,10000[","[0,10000[",*
9306,"[9000,9500[","[9000,10000[","[8000,10000[","[8000,12000[","[0,10000[","[0,10000[",*
9311,"[9000,9500[","[9000,10000[","[8000,10000[","[8000,12000[","[0,10000[","[0,10000[",*
9314,"[9000,9500[","[9000,10000[","[8000,10000[","[8000,12000[","[0,10000[","[0,10000[",*
9317,"[9000,9500[","[9000,10000[","[8000,10000[","[8000,12000[","[0,10000[","[0,10000[",*
9319,"[9000,9500[","[9000,10000[","[8000,10000[","[8000,12000[","[0,10000[","[0,10000[",*
9324,"[9000,9500[","[9000,10000[","[8000,10000[","[8000,12000[","[0,10000[","[0,10000[",*
9326,"[9000,9500[","[9000,10000[","[8000,10000[","[8000,12000[","[0,10000[","[0,10000[",*
9328,"[9000,9500[","[9000,10000[","[8000,10000[","[8000,12000[","[0,10000[","[0,10000[",*
9329,"[9000,9500[","[9000,10000[","[8000,10000[","[8000,12000[","[0,10000[","[0,10000[",*
9336,"[9000,9500[","[9000,10000[","[8000,10000[","[8000,12000[","[0,10000[","[0,10000[",*
9339,"[9000,9500[","[9000,10000[","[8000,10000[","[8000,12000[","[0,10000[","[0,10000[",*
9346,"[9000,9500[","[9000,10000[","[8000,10000[","[8000,12000[","[0,10000[","[0,10000[",*
9347,"[9000,9500[","[9000,10000[","[8000,10000[","[8000,12000[","[0,10000[","[0,10000[",*
9359,"[9000,9500[","[9000,10000[","[8000,10000[","[8000,12000[","[0,10000[","[0,10000[",*
9366,"[9000,9500[","[9000,10000[","[8000,10000[","[8000,12000[","[0,10000[","[0,10000[",*
9367,"[9000,9500[","[9000,10000[","[8000,10000[","[8000,12000[","[0,10000[","[0,10000[",*
9374,"[9000,9500[","[9000,10000[","[8000,10000[","[8000,12000[","[0,10000[","[0,10000[",*
9397,"[9000,9500[","[9000,10000[","[8000,10000[","[8000,12000[","[0,10000[","[0,10000[",*
9405,"[9000,9500[","[9000,10000[","[8000,10000[","[8000,12000[","[0,10000[","[0,10000[",*
9407,"[9000,9500[","[9000,10000[","[8000,10000[","[8000,12000[","[0,10000[","[0,10000[",*
9421,"[9000,9500[","[9000,10000[","[8000,10000[","[8000,12000[","[0,10000[","[0,10000[",*
9444,"[9000,9500[","[9000,10000[","[8000,10000[","[8000,12000[","[0,10000[","[0,10000[",*
9447,"[9000,9500[","[9000,10000[","[8000,10000[","[8000,12000[","[0,10000[","[0,10000[",*
9449,"[9000,9500[","[9000,10000[","[8000,10000[","[8000,12000[","[0,10000[","[0,10000[",*
9480,"[9000,9500[","[9000,10000[","[8000,10000[","[8000,12000[","[0,10000[","[0,10000[",*
9506,"[9500,10000[","[9000,10000[","[8000,10000[","[8000,12000[","[0,10000[","[0,10000[",*
9531,"[9500,10000[","[9000,10000[","[8000,10000[","[8000,12000[","[0,10000[","[0,10000[",*
9541,"[9500,10000[","[9000,10000[","[8000,10000[","[8000,12000[","[0,10000[","[0,10000[",*
9569,"[9500,10000[","[9000,10000[","[8000,10000[","[8000,12000[","[0,10000[","[0,10000[",*
9579,"[9500,10000[","[9000,10000[","[8000,10000[","[8000,12000[","[0,10000[","[0,10000[",*
9585,"[9500,10000[","[9000,10000[","[8000,10000[","[8000,12000[","[0,10000[","[0,10000[",*
9601,"[9500,10000[","[9000,10000[","[8000,10000[","[8000,12000[","[0,10000[","[0,10000[",*
9608,"[9500,10000[","[9000,10000[","[8000,10000[","[8000,12000[","[0,10000[","[0,10000[",*
9609,"[9500,10000[","[9000,10000[","[8000,10000[","[8000,12000[","[0,10000[","[0,10000[",*
9610,"[9500,10000[","[9000,10000[","[8000,10000[","[8000,12000[","[0,10000[","[0,10000[",*
9618,"[9500,10000[","[9000,10000[","[8000,10000[","[8000,12000[","[0,10000[","[0,10000[",*
9622,"[9500,10000[","[9000,10000[","[8000,10000[","[8000,12000[","[0,10000[","[0,10000[",*
9629,"[9500,10000[","[9000,10000[","[8000,10000[","[8000,12000[","[0,10000[","[0,10000[",*
9630,"[9500,10000[","[9000,10000[","[8000,10000[","[8000,12000[","[0,10000[","[0,10000[",*
9634,"[9500,10000[","[9000,10000[","[8000,10000[","[8000,12000[","[0,10000[","[0,10000[",*
9636,"[9500,10000[","[9000,10000[","[8000,10000[","[8000,12000[","[0,10000[","[0,10000[",*
9645,"[9500,10000[","[9000,10000[","[8000,10000[","[8000,12000[","[0,10000[","[0,10000[",*
9664,"[9500,10000[","[9000,10000[","[8000,10000[","[8000,12000[","[0,10000[","[0,10000[",*
9669,"[9500,10000[","[9000,10000[","[8000,10000[","[8000,12000[","[0,10000[","[0,10000[",*
9670,"[9500,10000[","[9000,10000[","[8000,10000[","[8000,12000[","[0,10000[","[0,10000[",*
9676,"[9500,10000[","[9000,10000[","[8000,10000[","[8000,12000[","[0,10000[","[0,10000[",*
9678,"[9500,10000[","[9000,10000[","[8000,10000[","[8000,12000[","[0,10000[","[0,10000[",*
9680,"[9500,10000[","[9000,10000[","[8000,10000[","[8000,12000[","[0,10000[","[0,10000[",*
9683,"[9500,10000[","[9000,10000[","[8000,10000[","[8000,12000[","[0,10000[","[0,10000[",*
9687,"[9500,10000[","[9000,10000[","[8000,10000[","[8000,12000[","[0,10000[","[0,10000[",*
9689,"[9500,10000[","[9000,10000[","[8000,10000[","[8000,12000[","[0,10000[","[0,10000[",*
9698,"[9500,10000[","[9000,10000[","[8000,10000[","[8000,12000[","[0,10000[","[0,10000[",*
9710,"[9500,10000[","[9000,10000[","[8000,10000[","[8000,12000[","[0,10000[","[0,10000[",*
9711,"[9500,10000[","[9000,10000[","[8000,10000[","[8000,12000[","[0,10000[","[0,10000[",*
9713,"[9500,10000[","[9000,10000[","[8000,10000[","[8000,12000[","[0,10000[","[0,10000[",*
9714,"[9500,10000[","[9000,10000[","[8000,10000[","[8000,12000[","[0,10000[","[0,10000[",*
9716,"[9500,10000[","[9000,10000[","[8000,10000[","[8000,12000[","[0,10000[","[0,10000[",*
9720,"[9500,10000[","[9000,10000[","[8000,10000[","[8000,12000[","[0,10000[","[0,10000[",*
9725,"[9500,10000[","[9000,10000[","[8000,10000[","[8000,12000[","[0,10000[","[0,10000[",*
9750,"[9500,10000[","[9000,10000[","[8000,10000[","[8000,12000[","[0,10000[","[0,10000[",*
9756,"[9500,10000[","[9000,10000[","[8000,10000[","[8000,12000[","[0,10000[","[0,10000[",*
9767,"[9500,10000[","[9000,10000[","[8000,10000[","[8000,12000[","[0,10000[","[0,10000[",*
9774,"[9500,10000[","[9000,10000[","[8000,10000[","[8000,12000[","[0,10000[","[0,10000[",*
9779,"[9500,10000[","[9000,10000[","[8000,10000[","[8000,12000[","[0,10000[","[0,10000[",*
9796,"[9500,10000[","[9000,10000[","[8000,10000[","[8000,12000[","[0,10000[","[0,10000[",*
9804,"[9500,10000[","[9000,10000[","[8000,10000[","[8000,12000[","[0,10000[","[0,10000[",*
9824,"[9500,10000[","[9000,10000[","[8000,10000[","[8000,12000[","[0,10000[","[0,10000[",*
9827,"[9500,10000[","[9000,10000[","[8000,10000[","[8000,12000[","[0,10000[","[0,10000[",*
9851,"[9500,10000[","[9000,10000[","[8000,10000[","[8000,12000[","[0,10000[","[0,10000[",*
9864,"[9500,10000[","[9000,10000[","[8000,10000[","[8000,12000[","[0,10000[","[0,10000[",*
9874,"[9500,10000[","[9000,10000[","[8000,10000[","[8000,12000[","[0,10000[","[0,10000[",*
9881,"[9500,10000[","[9000,10000[","[8000,10000[","[8000,12000[","[0,10000[","[0,10000[",*
9883,"[9500,10000[","[9000,10000[","[8000,10000[","[8000,12000[","[0,10000[","[0,10000[",*
9894,"[9500,10000[","[9000,10000[","[8000,10000[","[8000,12000[","[0,10000[","[0,10000[",*
9895,"[9500,10000[","[9000,10000[","[8000,10000[","[8000,12000[","[0,10000[","[0,10000[",*
9898,"[9500,10000[","[9000,10000[","[8000,10000[","[8000,12000[","[0,10000[","[0,10000[",*
9902,"[9500,10000[","[9000,10000[","[8000,10000[","[8000,12000[","[0,10000[","[0,10000[",*
9911,"[9500,10000[","[9000,10000[","[8000,10000[","[8000,12000[","[0,10000[","[0,10000[",*
9916,"[9500,10000[","[9000,10000[","[8000,10000[","[8000,12000[","[0,10000[","[0,10000[",*
9935,"[9500,10000[","[9000,10000[","[8000,10000[","[8000,12000[","[0,10000[","[0,10000[",*
9956,"[9500,10000[","[9000,10000[","[8000,10000[","[8000,12000[","[0,10000[","[0,10000[",*
9962,"[9500,10000[","[9000,10000[","[8000,10000[","[8000,12000[","[0,10000[","[0,10000[",*
9965,"[9500,10000[","[9000,10000[","[8000,10000[","[8000,12000[","[0,10000[","[0,10000[",*
9976,"[9500,10000[","[9000,10000[","[8000,10000[","[8000,12000[","[0,10000[","[0,10000[",*
9994,"[9500,10000[","[9000,10000[","[8000,10000[","[8000,12000[","[0,10000[","[0,10000[",*
9997,"[9500,10000[","[9000,10000[","[8000,10000[","[8000,12000[","[0,10000[","[0,10000[",*
10005,"[10000,10500[","[10000,11000[","[10000,12000[","[8000,12000[","[10000,20000[","[10000,50000[",*
10021,"[10000,10500[","[10000,11000[","[10000,12000[","[8000,12000[","[10000,20000[","[10000,50000[",*
10031,"[10000,10500[","[10000,11000[","[10000,12000[","[8000,12000[","[10000,20000[","[10000,50000[",*
10035,"[10000,10500[","[10000,11000[","[10000,12000[","[8000,12000[","[10000,20000[","[10000,50000[",*
10041,"[10000,10500[","[10000,11000[","[10000,12000[","[8000,12000[","[10000,20000[","[10000,50000[",*
10045,"[10000,10500[","[10000,11000[","[10000,12000[","[8000,12000[","[10000,20000[","[10000,50000[",*
10052,"[10000,10500[","[10000,11000[","[10000,12000[","[8000,12000[","[10000,20000[","[10000,50000[",*
10054,"[10000,10500[","[10000,11000[","[10000,12000[","[8000,12000[","[10000,20000[","[10000,50000[",*
10065,"[10000,10500[","[10000,11000[","[10000,12000[","[8000,12000[","[10000,20000[","[10000,50000[",*
10072,"[10000,10500[","[10000,11000[","[10000,12000[","[8000,12000[","[10000,20000[","[10000,50000[",*
10077,"[10000,10500[","[10000,11000[","[10000,12000[","[8000,12000[","[10000,20000[","[10000,50000[",*
10086,"[10000,10500[","[10000,11000[","[10000,12000[","[8000,12000[","[10000,20000[","[10000,50000[",*
10088,"[10000,10500[","[10000,11000[","[10000,12000[","[8000,12000[","[10000,20000[","[10000,50000[",*
10112,"[10000,10500[","[10000,11000[","[10000,12000[","[8000,12000[","[10000,20000[","[10000,50000[",*
10114,"[10000,10500[","[10000,11000[","[10000,12000[","[8000,12000[","[10000,20000[","[10000,50000[",*
10122,"[10000,10500[","[10000,11000[","[10000,12000[","[8000,12000[","[10000,20000[","[10000,50000[",*
10133,"[10000,10500[","[10000,11000[","[10000,12000[","[8000,12000[","[10000,20000[","[10000,50000[",*
10142,"[10000,10500[","[10000,11000[","[10000,12000[","[8000,12000[","[10000,20000[","[10000,50000[",*
10150,"[10000,10500[","[10000,11000[","[10000,12000[","[8000,12000[","[10000,20000[","[10000,50000[",*
10152,"[10000,10500[","[10000,11000[","[10000,12000[","[8000,12000[","[10000,20000[","[10000,50000[",*
10171,"[10000,10500[","[10000,11000[","[10000,12000[","[8000,12000[","[10000,20000[","[10000,50000[",*
10177,"[10000,10500[","[10000,11000[","[10000,12000[","[8000,12000[","[10000,20000[","[10000,50000[",*
10179,"[10000,10500[","[10000,11000[","[10000,12000[","[8000,12000[","[10000,20000[","[10000,50000[",*
10180,"[10000,10500[","[10000,11000[","[10000,12000[","[8000,12000[","[10000,20000[","[10000,50000[",*
10183,"[10000,10500[","[10000,11000[","[10000,12000[","[8000,12000[","[10000,20000[","[10000,50000[",*
10185,"[10000,10500[","[10000,11000[","[10000,12000[","[8000,12000[","[10000,20000[","[10000,50000[",*
10189,"[10000,10500[","[10000,11000[","[10000,12000[","[8000,12000[","[10000,20000[","[10000,50000[",*
10191,"[10000,10500[","[10000,11000[","[10000,12000[","[8000,12000[","[10000,20000[","[10000,50000[",*
10200,"[10000,10500[","[10000,11000[","[10000,12000[","[8000,12000[","[10000,20000[","[10000,50000[",*
10215,"[10000,10500[","[10000,11000[","[10000,12000[","[8000,12000[","[10000,20000[","[10000,50000[",*
10218,"[10000,10500[","[10000,11000[","[10000,12000[","[8000,12000[","[10000,20000[","[10000,50000[",*
10236,"[10000,10500[","[10000,11000[","[10000,12000[","[8000,12000[","[10000,20000[","[10000,50000[",*
10250,"[10000,10500[","[10000,11000[","[10000,12000[","[8000,12000[","[10000,20000[","[10000,50000[",*
10252,"[10000,10500[","[10000,11000[","[10000,12000[","[8000,12000[","[10000,20000[","[10000,50000[",*
10253,"[10000,10500[","[10000,11000[","[10000,12000[","[8000,12000[","[10000,20000[","[10000,50000[",*
10269,"[10000,10500[","[10000,11000[","[10000,12000[","[8000,12000[","[10000,20000[","[10000,50000[",*
10273,"[10000,10500[","[10000,11000[","[10000,12000[","[8000,12000[","[10000,20000[","[10000,50000[",*
10281,"[10000,10500[","[10000,11000[","[10000,12000[","[8000,12000[","[10000,20000[","[10000,50000[",*
10285,"[10000,10500[","[10000,11000[","[10000,12000[","[8000,12000[","[10000,20000[","[10000,50000[",*
10287,"[10000,10500[","[10000,11000[","[10000,12000[","[8000,12000[","[10000,20000[","[10000,50000[",*
10332,"[10000,10500[","[10000,11000[","[10000,12000[","[8000,12000[","[10000,20000[","[10000,50000[",*
10333,"[10000,10500[","[10000,11000[","[10000,12000[","[8000,12000[","[10000,20000[","[10000,50000[",*
10346,"[10000,10500[","[10000,11000[","[10000,12000[","[8000,12000[","[10000,20000[","[10000,50000[",*
10347,"[10000,10500[","[10000,11000[","[10000,12000[","[8000,12000[","[10000,20000[","[10000,50000[",*
10350,"[10000,10500[","[10000,11000[","[10000,12000[","[8000,12000[","[10000,20000[","[10000,50000[",*
10354,"[10000,10500[","[10000,11000[","[10000,12000[","[8000,12000[","[10000,20000[","[10000,50000[",*
10357,"[10000,10500[","[10000,11000[","[10000,12000[","[8000,12000[","[10000,20000[","[10000,50000[",*
10360,"[10000,10500[","[10000,11000[","[10000,12000[","[8000,12000[","[10000,20000[","[10000,50000[",*
10373,"[10000,10500[","[10000,11000[","[10000,12000[","[8000,12000[","[10000,20000[","[10000,50000[",*
10374,"[10000,10500[","[10000,11000[","[10000,12000[","[8000,12000[","[10000,20000[","[10000,50000[",*
10378,"[10000,10500[","[10000,11000[","[10000,12000[","[8000,12000[","[10000,20000[","[10000,50000[",*
10386,"[10000,10500[","[10000,11000[","[10000,12000[","[8000,12000[","[10000,20000[","[10000,50000[",*
10394,"[10000,10500[","[10000,11000[","[10000,12000[","[8000,12000[","[10000,20000[","[10000,50000[",*
10395,"[10000,10500[","[10000,11000[","[10000,12000[","[8000,12000[","[10000,20000[","[10000,50000[",*
10399,"[10000,10500[","[10000,11000[","[10000,12000[","[8000,12000[","[10000,20000[","[10000,50000[",*
10406,"[10000,10500[","[10000,11000[","[10000,12000[","[8000,12000[","[10000,20000[","[10000,50000[",*
10436,"[10000,10500[","[10000,11000[","[10000,12000[","[8000,12000[","[10000,20000[","[10000,50000[",*
10438,"[10000,10500[","[10000,11000[","[10000,12000[","[8000,12000[","[10000,20000[","[10000,50000[",*
10442,"[10000,10500[","[10000,11000[","[10000,12000[","[8000,12000[","[10000,20000[","[10000,50000[",*
10443,"[10000,10500[","[10000,11000[","[10000,12000[","[8000,12000[","[10000,20000[","[10000,50000[",*
10451,"[10000,10500[","[10000,11000[","[10000,12000[","[8000,12000[","[10000,20000[","[10000,50000[",*
10465,"[10000,10500[","[10000,11000[","[10000,12000[","[8000,12000[","[10000,20000[","[10000,50000[",*
10469,"[10000,10500[","[10000,11000[","[10000,12000[","[8000,12000[","[10000,20000[","[10000,50000[",*
10483,"[10000,10500[","[10000,11000[","[10000,12000[","[8000,12000[","[10000,20000[","[10000,50000[",*
10500,"[10500,11000[","[10000,11000[","[10000,12000[","[8000,12000[","[10000,20000[","[10000,50000[",*
10532,"[10500,11000[","[10000,11000[","[10000,12000[","[8000,12000[","[10000,20000[","[10000,50000[",*
10536,"[10500,11000[","[10000,11000[","[10000,12000[","[8000,12000[","[10000,20000[","[10000,50000[",*
10541,"[10500,11000[","[10000,11000[","[10000,12000[","[8000,12000[","[10000,20000[","[10000,50000[",*
10558,"[10500,11000[","[10000,11000[","[10000,12000[","[8000,12000[","[10000,20000[","[10000,50000[",*
10561,"[10500,11000[","[10000,11000[","[10000,12000[","[8000,12000[","[10000,20000[","[10000,50000[",*
10576,"[10500,11000[","[10000,11000[","[10000,12000[","[8000,12000[","[10000,20000[","[10000,50000[",*
10583,"[10500,11000[","[10000,11000[","[10000,12000[","[8000,12000[","[10000,20000[","[10000,50000[",*
10596,"[10500,11000[","[10000,11000[","[10000,12000[","[8000,12000[","[10000,20000[","[10000,50000[",*
10600,"[10500,11000[","[10000,11000[","[10000,12000[","[8000,12000[","[10000,20000[","[10000,50000[",*
10613,"[10500,11000[","[10000,11000[","[10000,12000[","[8000,12000[","[10000,20000[","[10000,50000[",*
10621,"[10500,11000[","[10000,11000[","[10000,12000[","[8000,12000[","[10000,20000[","[10000,50000[",*
10628,"[10500,11000[","[10000,11000[","[10000,12000[","[8000,12000[","[10000,20000[","[10000,50000[",*
10635,"[10500,11000[","[10000,11000[","[10000,12000[","[8000,12000[","[10000,20000[","[10000,50000[",*
10638,"[10500,11000[","[10000,11000[","[10000,12000[","[8000,12000[","[10000,20000[","[10000,50000[",*
10639,"[10500,11000[","[10000,11000[","[10000,12000[","[8000,12000[","[10000,20000[","[10000,50000[",*
10653,"[10500,11000[","[10000,11000[","[10000,12000[","[8000,12000[","[10000,20000[","[10000,50000[",*
10655,"[10500,11000[","[10000,11000[","[10000,12000[","[8000,12000[","[10000,20000[","[10000,50000[",*
10662,"[10500,11000[","[10000,11000[","[10000,12000[","[8000,12000[","[10000,20000[","[10000,50000[",*
10667,"[10500,11000[","[10000,11000[","[10000,12000[","[8000,12000[","[10000,20000[","[10000,50000[",*
10685,"[10500,11000[","[10000,11000[","[10000,12000[","[8000,12000[","[10000,20000[","[10000,50000[",*
10697,"[10500,11000[","[10000,11000[","[10000,12000[","[8000,12000[","[10000,20000[","[10000,50000[",*
10721,"[10500,11000[","[10000,11000[","[10000,12000[","[8000,12000[","[10000,20000[","[10000,50000[",*
10724,"[10500,11000[","[10000,11000[","[10000,12000[","[8000,12000[","[10000,20000[","[10000,50000[",*
10735,"[10500,11000[","[10000,11000[","[10000,12000[","[8000,12000[","[10000,20000[","[10000,50000[",*
10749,"[10500,11000[","[10000,11000[","[10000,12000[","[8000,12000[","[10000,20000[","[10000,50000[",*
10757,"[10500,11000[","[10000,11000[","[10000,12000[","[8000,12000[","[10000,20000[","[10000,50000[",*
10758,"[10500,11000[","[10000,11000[","[10000,12000[","[8000,12000[","[10000,20000[","[10000,50000[",*
10768,"[10500,11000[","[10000,11000[","[10000,12000[","[8000,12000[","[10000,20000[","[10000,50000[",*
10772,"[10500,11000[","[10000,11000[","[10000,12000[","[8000,12000[","[10000,20000[","[10000,50000[",*
10773,"[10500,11000[","[10000,11000[","[10000,12000[","[8000,12000[","[10000,20000[","[10000,50000[",*
10776,"[10500,11000[","[10000,11000[","[10000,12000[","[8000,12000[","[10000,20000[","[10000,50000[",*
10786,"[10500,11000[","[10000,11000[","[10000,12000[","[8000,12000[","[10000,20000[","[10000,50000[",*
10787,"[10500,11000[","[10000,11000[","[10000,12000[","[8000,12000[","[10000,20000[","[10000,50000[",*
10788,"[10500,11000[","[10000,11000[","[10000,12000[","[8000,12000[","[10000,20000[","[10000,50000[",*
10834,"[10500,11000[","[10000,11000[","[10000,12000[","[8000,12000[","[10000,20000[","[10000,50000[",*
10855,"[10500,11000[","[10000,11000[","[10000,12000[","[8000,12000[","[10000,20000[","[10000,50000[",*
10861,"[10500,11000[","[10000,11000[","[10000,12000[","[8000,12000[","[10000,20000[","[10000,50000[",*
10865,"[10500,11000[","[10000,11000[","[10000,12000[","[8000,12000[","[10000,20000[","[10000,50000[",*
10884,"[10500,11000[","[10000,11000[","[10000,12000[","[8000,12000[","[10000,20000[","[10000,50000[",*
10888,"[10500,11000[","[10000,11000[","[10000,12000[","[8000,12000[","[10000,20000[","[10000,50000[",*
10889,"[10500,11000[","[10000,11000[","[10000,12000[","[8000,12000[","[10000,20000[","[10000,50000[",*
10890,"[10500,11000[","[10000,11000[","[10000,12000[","[8000,12000[","[10000,20000[","[10000,50000[",*
10905,"[10500,11000[","[10000,11000[","[10000,12000[","[8000,12000[","[10000,20000[","[10000,50000[",*
10907,"[10500,11000[","[10000,11000[","[10000,12000[","[8000,12000[","[10000,20000[","[10000,50000[",*
10910,"[10500,11000[","[10000,11000[","[10000,12000[","[8000,12000[","[10000,20000[","[10000,50000[",*
10924,"[10500,11000[","[10000,11000[","[10000,12000[","[8000,12000[","[10000,20000[","[10000,50000[",*
10925,"[10500,11000[","[10000,11000[","[10000,12000[","[8000,12000[","[10000,20000[","[10000,50000[",*
10943,"[10500,11000[","[10000,11000[","[10000,12000[","[8000,12000[","[10000,20000[","[10000,50000[",*
10950,"[10500,11000[","[10000,11000[","[10000,12000[","[8000,12000[","[10000,20000[","[10000,50000[",*
10957,"[10500,11000[","[10000,11000[","[10000,12000[","[8000,12000[","[10000,20000[","[10000,50000[",*
10971,"[10500,11000[","[10000,11000[","[10000,12000[","[8000,12000[","[10000,20000[","[10000,50000[",*
10984,"[10500,11000[","[10000,11000[","[10000,12000[","[8000,12000[","[10000,20000[","[10000,50000[",*
10995,"[10500,11000[","[10000,11000[","[10000,12000[","[8000,12000[","[10000,20000[","[10000,50000[",*
11008,"[11000,11500[","[11000,12000[","[10000,12000[","[8000,12000[","[10000,20000[","[10000,50000[",*
11016,"[11000,11500[","[11000,12000[","[10000,12000[","[8000,12000[","[10000,20000[","[10000,50000[",*
11066,"[11000,11500[","[11000,12000[","[10000,12000[","[8000,12000[","[10000,20000[","[10000,50000[",*
11084,"[11000,11500[","[11000,12000[","[10000,12000[","[8000,12000[","[10000,20000[","[10000,50000[",*
11093,"[11000,11500[","[11000,12000[","[10000,12000[","[8000,12000[","[10000,20000[","[10000,50000[",*
11103,"[11000,11500[","[11000,12000[","[10000,12000[","[8000,12000[","[10000,20000[","[10000,50000[",*
11115,"[11000,11500[","[11000,12000[","[10000,12000[","[8000,12000[","[10000,20000[","[10000,50000[",*
11126,"[11000,11500[","[11000,12000[","[10000,12000[","[8000,12000[","[10000,20000[","[10000,50000[",*
11146,"[11000,11500[","[11000,12000[","[10000,12000[","[8000,12000[","[10000,20000[","[10000,50000[",*
11149,"[11000,11500[","[11000,12000[","[10000,12000[","[8000,12000[","[10000,20000[","[10000,50000[",*
11174,"[11000,11500[","[11000,12000[","[10000,12000[","[8000,12000[","[10000,20000[","[10000,50000[",*
11177,"[11000,11500[","[11000,12000[","[10000,12000[","[8000,12000[","[10000,20000[","[10000,50000[",*
11219,"[11000,11500[","[11000,12000[","[10000,12000[","[8000,12000[","[10000,20000[","[10000,50000[",*
11222,"[11000,11500[","[11000,12000[","[10000,12000[","[8000,12000[","[10000,20000[","[10000,50000[",*
11240,"[11000,11500[","[11000,12000[","[10000,12000[","[8000,12000[","[10000,20000[","[10000,50000[",*
11246,"[11000,11500[","[11000,12000[","[10000,12000[","[8000,12000[","[10000,20000[","[10000,50000[",*
11254,"[11000,11500[","[11000,12000[","[10000,12000[","[8000,12000[","[10000,20000[","[10000,50000[",*
11262,"[11000,11500[","[11000,12000[","[10000,12000[","[8000,12000[","[10000,20000[","[10000,50000[",*
11265,"[11000,11500[","[11000,12000[","[10000,12000[","[8000,12000[","[10000,20000[","[10000,50000[",*
11269,"[11000,11500[","[11000,12000[","[10000,12000[","[8000,12000[","[10000,20000[","[10000,50000[",*
11278,"[11000,11500[","[11000,12000[","[10000,12000[","[8000,12000[","[10000,20000[","[10000,50000[",*
11281,"[11000,11500[","[11000,12000[","[10000,12000[","[8000,12000[","[10000,20000[","[10000,50000[",*
11285,"[11000,11500[","[11000,12000[","[10000,12000[","[8000,12000[","[10000,20000[","[10000,50000[",*
11287,"[11000,11500[","[11000,12000[","[10000,12000[","[8000,12000[","[10000,20000[","[10000,50000[",*
11298,"[11000,11500[","[11000,12000[","[10000,12000[","[8000,12000[","[10000,20000[","[10000,50000[",*
11303,"[11000,11500[","[11000,12000[","[10000,12000[","[8000,12000[","[10000,20000[","[10000,50000[",*
11305,"[11000,11500[","[11000,12000[","[10000,12000[","[8000,12000[","[10000,20000[","[10000,50000[",*
11310,"[11000,11500[","[11000,12000[","[10000,12000[","[8000,12000[","[10000,20000[","[10000,50000[",*
11315,"[11000,11500[","[11000,12000[","[10000,12000[","[8000,12000[","[10000,20000[","[10000,50000[",*
11317,"[11000,11500[","[11000,12000[","[10000,12000[","[8000,12000[","[10000,20000[","[10000,50000[",*
11350,"[11000,11500[","[11000,12000[","[10000,12000[","[8000,12000[","[10000,20000[","[10000,50000[",*
11371,"[11000,11500[","[11000,12000[","[10000,12000[","[8000,12000[","[10000,20000[","[10000,50000[",*
11385,"[11000,11500[","[11000,12000[","[10000,12000[","[8000,12000[","[10000,20000[","[10000,50000[",*
11386,"[11000,11500[","[11000,12000[","[10000,12000[","[8000,12000[","[10000,20000[","[10000,50000[",*
11387,"[11000,11500[","[11000,12000[","[10000,12000[","[8000,12000[","[10000,20000[","[10000,50000[",*
11391,"[11000,11500[","[11000,12000[","[10000,12000[","[8000,12000[","[10000,20000[","[10000,50000[",*
11417,"[11000,11500[","[11000,12000[","[10000,12000[","[8000,12000[","[10000,20000[","[10000,50000[",*
11423,"[11000,11500[","[11000,12000[","[10000,12000[","[8000,12000[","[10000,20000[","[10000,50000[",*
11431,"[11000,11500[","[11000,12000[","[10000,12000[","[8000,12000[","[10000,20000[","[10000,50000[",*
11462,"[11000,11500[","[11000,12000[","[10000,12000[","[8000,12000[","[10000,20000[","[10000,50000[",*
11464,"[11000,11500[","[11000,12000[","[10000,12000[","[8000,12000[","[10000,20000[","[10000,50000[",*
11494,"[11000,11500[","[11000,12000[","[10000,12000[","[8000,12000[","[10000,20000[","[10000,50000[",*
11512,"[11500,12000[","[11000,12000[","[10000,12000[","[8000,12000[","[10000,20000[","[10000,50000[",*
11516,"[11500,12000[","[11000,12000[","[10000,12000[","[8000,12000[","[10000,20000[","[10000,50000[",*
11524,"[11500,12000[","[11000,12000[","[10000,12000[","[8000,12000[","[10000,20000[","[10000,50000[",*
11528,"[11500,12000[","[11000,12000[","[10000,12000[","[8000,12000[","[10000,20000[","[10000,50000[",*
11532,"[11500,12000[","[11000,12000[","[10000,12000[","[8000,12000[","[10000,20000[","[10000,50000[",*
11555,"[11500,12000[","[11000,12000[","[10000,12000[","[8000,12000[","[10000,20000[","[10000,50000[",*
11563,"[11500,12000[","[11000,12000[","[10000,12000[","[8000,12000[","[10000,20000[","[10000,50000[",*
11591,"[11500,12000[","[11000,12000[","[10000,12000[","[8000,12000[","[10000,20000[","[10000,50000[",*
11615,"[11500,12000[","[11000,12000[","[10000,12000[","[8000,12000[","[10000,20000[","[10000,50000[",*
11632,"[11500,12000[","[11000,12000[","[10000,12000[","[8000,12000[","[10000,20000[","[10000,50000[",*
11639,"[11500,12000[","[11000,12000[","[10000,12000[","[8000,12000[","[10000,20000[","[10000,50000[",*
11650,"[11500,12000[","[11000,12000[","[10000,12000[","[8000,12000[","[10000,20000[","[10000,50000[",*
11655,"[11500,12000[","[11000,12000[","[10000,12000[","[8000,12000[","[10000,20000[","[10000,50000[",*
11671,"[11500,12000[","[11000,12000[","[10000,12000[","[8000,12000[","[10000,20000[","[10000,50000[",*
11675,"[11500,12000[","[11000,12000[","[10000,12000[","[8000,12000[","[10000,20000[","[10000,50000[",*
11686,"[11500,12000[","[11000,12000[","[10000,12000[","[8000,12000[","[10000,20000[","[10000,50000[",*
11697,"[11500,12000[","[11000,12000[","[10000,12000[","[8000,12000[","[10000,20000[","[10000,50000[",*
11743,"[11500,12000[","[11000,12000[","[10000,12000[","[8000,12000[","[10000,20000[","[10000,50000[",*
11752,"[11500,12000[","[11000,12000[","[10000,12000[","[8000,12000[","[10000,20000[","[10000,50000[",*
11754,"[11500,12000[","[11000,12000[","[10000,12000[","[8000,12000[","[10000,20000[","[10000,50000[",*
11757,"[11500,12000[","[11000,12000[","[10000,12000[","[8000,12000[","[10000,20000[","[10000,50000[",*
11766,"[11500,12000[","[11000,12000[","[10000,12000[","[8000,12000[","[10000,20000[","[10000,50000[",*
11767,"[11500,12000[","[11000,12000[","[10000,12000[","[8000,12000[","[10000,20000[","[10000,50000[",*
11787,"[11500,12000[","[11000,12000[","[10000,12000[","[8000,12000[","[10000,20000[","[10000,50000[",*
11797,"[11500,12000[","[11000,12000[","[10000,12000[","[8000,12000[","[10000,20000[","[10000,50000[",*
11804,"[11500,12000[","[11000,12000[","[10000,12000[","[8000,12000[","[10000,20000[","[10000,50000[",*
11821,"[11500,12000[","[11000,12000[","[10000,12000[","[8000,12000[","[10000,20000[","[10000,50000[",*
11835,"[11500,12000[","[11000,12000[","[10000,12000[","[8000,12000[","[10000,20000[","[10000,50000[",*
11839,"[11500,12000[","[11000,12000[","[10000,12000[","[8000,12000[","[10000,20000[","[10000,50000[",*
11854,"[11500,12000[","[11000,12000[","[10000,12000[","[8000,12000[","[10000,20000[","[10000,50000[",*
11862,"[11500,12000[","[11000,12000[","[10000,12000[","[8000,12000[","[10000,20000[","[10000,50000[",*
11887,"[11500,12000[","[11000,12000[","[10000,12000[","[8000,12000[","[10000,20000[","[10000,50000[",*
11891,"[11500,12000[","[11000,12000[","[10000,12000[","[8000,12000[","[10000,20000[","[10000,50000[",*
11904,"[11500,12000[","[11000,12000[","[10000,12000[","[8000,12000[","[10000,20000[","[10000,50000[",*
11953,"[11500,12000[","[11000,12000[","[10000,12000[","[8000,12000[","[10000,20000[","[10000,50000[",*
11968,"[11500,12000[","[11000,12000[","[10000,12000[","[8000,12000[","[10000,20000[","[10000,50000[",*
11971,"[11500,12000[","[11000,12000[","[10000,12000[","[8000,12000[","[10000,20000[","[10000,50000[",*
11972,"[11500,12000[","[11000,12000[","[10000,12000[","[8000,12000[","[10000,20000[","[10000,50000[",*
11998,"[11500,12000[","[11000,12000[","[10000,12000[","[8000,12000[","[10000,20000[","[10000,50000[",*
12001,"[12000,12500[","[12000,13000[","[12000,14000[","[12000,16000[","[10000,20000[","[10000,50000[",*
12018,"[12000,12500[","[12000,13000[","[12000,14000[","[12000,16000[","[10000,20000[","[10000,50000[",*
12026,"[12000,12500[","[12000,13000[","[12000,14000[","[12000,16000[","[10000,20000[","[10000,50000[",*
12039,"[12000,12500[","[12000,13000[","[12000,14000[","[12000,16000[","[10000,20000[","[10000,50000[",*
12048,"[12000,12500[","[12000,13000[","[12000,14000[","[12000,16000[","[10000,20000[","[10000,50000[",*
12061,"[12000,12500[","[12000,13000[","[12000,14000[","[12000,16000[","[10000,20000[","[10000,50000[",*
12067,"[12000,12500[","[12000,13000[","[12000,14000[","[12000,16000[","[10000,20000[","[10000,50000[",*
12114,"[12000,12500[","[12000,13000[","[12000,14000[","[12000,16000[","[10000,20000[","[10000,50000[",*
12130,"[12000,12500[","[12000,13000[","[12000,14000[","[12000,16000[","[10000,20000[","[10000,50000[",*
12132,"[12000,12500[","[12000,13000[","[12000,14000[","[12000,16000[","[10000,20000[","[10000,50000[",*
12159,"[12000,12500[","[12000,13000[","[12000,14000[","[12000,16000[","[10000,20000[","[10000,50000[",*
12177,"[12000,12500[","[12000,13000[","[12000,14000[","[12000,16000[","[10000,20000[","[10000,50000[",*
12180,"[12000,12500[","[12000,13000[","[12000,14000[","[12000,16000[","[10000,20000[","[10000,50000[",*
12186,"[12000,12500[","[12000,13000[","[12000,14000[","[12000,16000[","[10000,20000[","[10000,50000[",*
12198,"[12000,12500[","[12000,13000[","[12000,14000[","[12000,16000[","[10000,20000[","[10000,50000[",*
12210,"[12000,12500[","[12000,13000[","[12000,14000[","[12000,16000[","[10000,20000[","[10000,50000[",*
12212,"[12000,12500[","[12000,13000[","[12000,14000[","[12000,16000[","[10000,20000[","[10000,50000[",*
12223,"[12000,12500[","[12000,13000[","[12000,14000[","[12000,16000[","[10000,20000[","[10000,50000[",*
12226,"[12000,12500[","[12000,13000[","[12000,14000[","[12000,16000[","[10000,20000[","[10000,50000[",*
12245,"[12000,12500[","[12000,13000[","[12000,14000[","[12000,16000[","[10000,20000[","[10000,50000[",*
12256,"[12000,12500[","[12000,13000[","[12000,14000[","[12000,16000[","[10000,20000[","[10000,50000[",*
12264,"[12000,12500[","[12000,13000[","[12000,14000[","[12000,16000[","[10000,20000[","[10000,50000[",*
12269,"[12000,12500[","[12000,13000[","[12000,14000[","[12000,16000[","[10000,20000[","[10000,50000[",*
12270,"[12000,12500[","[12000,13000[","[12000,14000[","[12000,16000[","[10000,20000[","[10000,50000[",*
12276,"[12000,12500[","[12000,13000[","[12000,14000[","[12000,16000[","[10000,20000[","[10000,50000[",*
12282,"[12000,12500[","[12000,13000[","[12000,14000[","[12000,16000[","[10000,20000[","[10000,50000[",*
12322,"[12000,12500[","[12000,13000[","[12000,14000[","[12000,16000[","[10000,20000[","[10000,50000[",*
12356,"[12000,12500[","[12000,13000[","[12000,14000[","[12000,16000[","[10000,20000[","[10000,50000[",*
12389,"[12000,12500[","[12000,13000[","[12000,14000[","[12000,16000[","[10000,20000[","[10000,50000[",*
12392,"[12000,12500[","[12000,13000[","[12000,14000[","[12000,16000[","[10000,20000[","[10000,50000[",*
12401,"[12000,12500[","[12000,13000[","[12000,14000[","[12000,16000[","[10000,20000[","[10000,50000[",*
12409,"[12000,12500[","[12000,13000[","[12000,14000[","[12000,16000[","[10000,20000[","[10000,50000[",*
12437,"[12000,12500[","[12000,13000[","[12000,14000[","[12000,16000[","[10000,20000[","[10000,50000[",*
12438,"[12000,12500[","[12000,13000[","[12000,14000[","[12000,16000[","[10000,20000[","[10000,50000[",*
12482,"[12000,12500[","[12000,13000[","[12000,14000[","[12000,16000[","[10000,20000[","[10000,50000[",*
12495,"[12000,12500[","[12000,13000[","[12000,14000[","[12000,16000[","[10000,20000[","[10000,50000[",*
12519,"[12500,13000[","[12000,13000[","[12000,14000[","[12000,16000[","[10000,20000[","[10000,50000[",*
12531,"[12500,13000[","[12000,13000[","[12000,14000[","[12000,16000[","[10000,20000[","[10000,50000[",*
12539,"[12500,13000[","[12000,13000[","[12000,14000[","[12000,16000[","[10000,20000[","[10000,50000[",*
12569,"[12500,13000[","[12000,13000[","[12000,14000[","[12000,16000[","[10000,20000[","[10000,50000[",*
12581,"[12500,13000[","[12000,13000[","[12000,14000[","[12000,16000[","[10000,20000[","[10000,50000[",*
12584,"[12500,13000[","[12000,13000[","[12000,14000[","[12000,16000[","[10000,20000[","[10000,50000[",*
12607,"[12500,13000[","[12000,13000[","[12000,14000[","[12000,16000[","[10000,20000[","[10000,50000[",*
12618,"[12500,13000[","[12000,13000[","[12000,14000[","[12000,16000[","[10000,20000[","[10000,50000[",*
12634,"[12500,13000[","[12000,13000[","[12000,14000[","[12000,16000[","[10000,20000[","[10000,50000[",*
12675,"[12500,13000[","[12000,13000[","[12000,14000[","[12000,16000[","[10000,20000[","[10000,50000[",*
12686,"[12500,13000[","[12000,13000[","[12000,14000[","[12000,16000[","[10000,20000[","[10000,50000[",*
12697,"[12500,13000[","[12000,13000[","[12000,14000[","[12000,16000[","[10000,20000[","[10000,50000[",*
12704,"[12500,13000[","[12000,13000[","[12000,14000[","[12000,16000[","[10000,20000[","[10000,50000[",*
12705,"[12500,13000[","[12000,13000[","[12000,14000[","[12000,16000[","[10000,20000[","[10000,50000[",*
12731,"[12500,13000[","[12000,13000[","[12000,14000[","[12000,16000[","[10000,20000[","[10000,50000[",*
12737,"[12500,13000[","[12000,13000[","[12000,14000[","[12000,16000[","[10000,20000[","[10000,50000[",*
12766,"[12500,13000[","[12000,13000[","[12000,14000[","[12000,16000[","[10000,20000[","[10000,50000[",*
12767,"[12500,13000[","[12000,13000[","[12000,14000[","[12000,16000[","[10000,20000[","[10000,50000[",*
12839,"[12500,13000[","[12000,13000[","[12000,14000[","[12000,16000[","[10000,20000[","[10000,50000[",*
12845,"[12500,13000[","[12000,13000[","[12000,14000[","[12000,16000[","[10000,20000[","[10000,50000[",*
12848,"[12500,13000[","[12000,13000[","[12000,14000[","[12000,16000[","[10000,20000[","[10000,50000[",*
12855,"[12500,13000[","[12000,13000[","[12000,14000[","[12000,16000[","[10000,20000[","[10000,50000[",*
12857,"[12500,13000[","[12000,13000[","[12000,14000[","[12000,16000[","[10000,20000[","[10000,50000[",*
12877,"[12500,13000[","[12000,13000[","[12000,14000[","[12000,16000[","[10000,20000[","[10000,50000[",*
12917,"[12500,13000[","[12000,13000[","[12000,14000[","[12000,16000[","[10000,20000[","[10000,50000[",*
12926,"[12500,13000[","[12000,13000[","[12000,14000[","[12000,16000[","[10000,20000[","[10000,50000[",*
12928,"[12500,13000[","[12000,13000[","[12000,14000[","[12000,16000[","[10000,20000[","[10000,50000[",*
12939,"[12500,13000[","[12000,13000[","[12000,14000[","[12000,16000[","[10000,20000[","[10000,50000[",*
12956,"[12500,13000[","[12000,13000[","[12000,14000[","[12000,16000[","[10000,20000[","[10000,50000[",*
12961,"[12500,13000[","[12000,13000[","[12000,14000[","[12000,16000[","[10000,20000[","[10000,50000[",*
12972,"[12500,13000[","[12000,13000[","[12000,14000[","[12000,16000[","[10000,20000[","[10000,50000[",*
12980,"[12500,13000[","[12000,13000[","[12000,14000[","[12000,16000[","[10000,20000[","[10000,50000[",*
13014,"[13000,13500[","[13000,14000[","[12000,14000[","[12000,16000[","[10000,20000[","[10000,50000[",*
13015,"[13000,13500[","[13000,14000[","[12000,14000[","[12000,16000[","[10000,20000[","[10000,50000[",*
13021,"[13000,13500[","[13000,14000[","[12000,14000[","[12000,16000[","[10000,20000[","[10000,50000[",*
13044,"[13000,13500[","[13000,14000[","[12000,14000[","[12000,16000[","[10000,20000[","[10000,50000[",*
13052,"[13000,13500[","[13000,14000[","[12000,14000[","[12000,16000[","[10000,20000[","[10000,50000[",*
13054,"[13000,13500[","[13000,14000[","[12000,14000[","[12000,16000[","[10000,20000[","[10000,50000[",*
13089,"[13000,13500[","[13000,14000[","[12000,14000[","[12000,16000[","[10000,20000[","[10000,50000[",*
13094,"[13000,13500[","[13000,14000[","[12000,14000[","[12000,16000[","[10000,20000[","[10000,50000[",*
13099,"[13000,13500[","[13000,14000[","[12000,14000[","[12000,16000[","[10000,20000[","[10000,50000[",*
13107,"[13000,13500[","[13000,14000[","[12000,14000[","[12000,16000[","[10000,20000[","[10000,50000[",*
13117,"[13000,13500[","[13000,14000[","[12000,14000[","[12000,16000[","[10000,20000[","[10000,50000[",*
13118,"[13000,13500[","[13000,14000[","[12000,14000[","[12000,16000[","[10000,20000[","[10000,50000[",*
13156,"[13000,13500[","[13000,14000[","[12000,14000[","[12000,16000[","[10000,20000[","[10000,50000[",*
13160,"[13000,13500[","[13000,14000[","[12000,14000[","[12000,16000[","[10000,20000[","[10000,50000[",*
13164,"[13000,13500[","[13000,14000[","[12000,14000[","[12000,16000[","[10000,20000[","[10000,50000[",*
13165,"[13000,13500[","[13000,14000[","[12000,14000[","[12000,16000[","[10000,20000[","[10000,50000[",*
13186,"[13000,13500[","[13000,14000[","[12000,14000[","[12000,16000[","[10000,20000[","[10000,50000[",*
13189,"[13000,13500[","[13000,14000[","[12000,14000[","[12000,16000[","[10000,20000[","[10000,50000[",*
13204,"[13000,13500[","[13000,14000[","[12000,14000[","[12000,16000[","[10000,20000[","[10000,50000[",*
13229,"[13000,13500[","[13000,14000[","[12000,14000[","[12000,16000[","[10000,20000[","[10000,50000[",*
13238,"[13000,13500[","[13000,14000[","[12000,14000[","[12000,16000[","[10000,20000[","[10000,50000[",*
13242,"[13000,13500[","[13000,14000[","[12000,14000[","[12000,16000[","[10000,20000[","[10000,50000[",*
13265,"[13000,13500[","[13000,14000[","[12000,14000[","[12000,16000[","[10000,20000[","[10000,50000[",*
13292,"[13000,13500[","[13000,14000[","[12000,14000[","[12000,16000[","[10000,20000[","[10000,50000[",*
13297,"[13000,13500[","[13000,14000[","[12000,14000[","[12000,16000[","[10000,20000[","[10000,50000[",*
13308,"[13000,13500[","[13000,14000[","[12000,14000[","[12000,16000[","[10000,20000[","[10000,50000[",*
13315,"[13000,13500[","[13000,14000[","[12000,14000[","[12000,16000[","[10000,20000[","[10000,50000[",*
13338,"[13000,13500[","[13000,14000[","[12000,14000[","[12000,16000[","[10000,20000[","[10000,50000[",*
13342,"[13000,13500[","[13000,14000[","[12000,14000[","[12000,16000[","[10000,20000[","[10000,50000[",*
13354,"[13000,13500[","[13000,14000[","[12000,14000[","[12000,16000[","[10000,20000[","[10000,50000[",*
13360,"[13000,13500[","[13000,14000[","[12000,14000[","[12000,16000[","[10000,20000[","[10000,50000[",*
13408,"[13000,13500[","[13000,14000[","[12000,14000[","[12000,16000[","[10000,20000[","[10000,50000[",*
13410,"[13000,13500[","[13000,14000[","[12000,14000[","[12000,16000[","[10000,20000[","[10000,50000[",*
13450,"[13000,13500[","[13000,14000[","[12000,14000[","[12000,16000[","[10000,20000[","[10000,50000[",*
13460,"[13000,13500[","[13000,14000[","[12000,14000[","[12000,16000[","[10000,20000[","[10000,50000[",*
13489,"[13000,13500[","[13000,14000[","[12000,14000[","[12000,16000[","[10000,20000[","[10000,50000[",*
13494,"[13000,13500[","[13000,14000[","[12000,14000[","[12000,16000[","[10000,20000[","[10000,50000[",*
13501,"[13500,14000[","[13000,14000[","[12000,14000[","[12000,16000[","[10000,20000[","[10000,50000[",*
13546,"[13500,14000[","[13000,14000[","[12000,14000[","[12000,16000[","[10000,20000[","[10000,50000[",*
13551,"[13500,14000[","[13000,14000[","[12000,14000[","[12000,16000[","[10000,20000[","[10000,50000[",*
13562,"[13500,14000[","[13000,14000[","[12000,14000[","[12000,16000[","[10000,20000[","[10000,50000[",*
13565,"[13500,14000[","[13000,14000[","[12000,14000[","[12000,16000[","[10000,20000[","[10000,50000[",*
13578,"[13500,14000[","[13000,14000[","[12000,14000[","[12000,16000[","[10000,20000[","[10000,50000[",*
13620,"[13500,14000[","[13000,14000[","[12000,14000[","[12000,16000[","[10000,20000[","[10000,50000[",*
13654,"[13500,14000[","[13000,14000[","[12000,14000[","[12000,16000[","[10000,20000[","[10000,50000[",*
13658,"[13500,14000[","[13000,14000[","[12000,14000[","[12000,16000[","[10000,20000[","[10000,50000[",*
13669,"[13500,14000[","[13000,14000[","[12000,14000[","[12000,16000[","[10000,20000[","[10000,50000[",*
13683,"[13500,14000[","[13000,14000[","[12000,14000[","[12000,16000[","[10000,20000[","[10000,50000[",*
13698,"[13500,14000[","[13000,14000[","[12000,14000[","[12000,16000[","[10000,20000[","[10000,50000[",*
13711,"[13500,14000[","[13000,14000[","[12000,14000[","[12000,16000[","[10000,20000[","[10000,50000[",*
13718,"[13500,14000[","[13000,14000[","[12000,14000[","[12000,16000[","[10000,20000[","[10000,50000[",*
13761,"[13500,14000[","[13000,14000[","[12000,14000[","[12000,16000[","[10000,20000[","[10000,50000[",*
13763,"[13500,14000[","[13000,14000[","[12000,14000[","[12000,16000[","[10000,20000[","[10000,50000[",*
13774,"[13500,14000[","[13000,14000[","[12000,14000[","[12000,16000[","[10000,20000[","[10000,50000[",*
13818,"[13500,14000[","[13000,14000[","[12000,14000[","[12000,16000[","[10000,20000[","[10000,50000[",*
13834,"[13500,14000[","[13000,14000[","[12000,14000[","[12000,16000[","[10000,20000[","[10000,50000[",*
13836,"[13500,14000[","[13000,14000[","[12000,14000[","[12000,16000[","[10000,20000[","[10000,50000[",*
13849,"[13500,14000[","[13000,14000[","[12000,14000[","[12000,16000[","[10000,20000[","[10000,50000[",*
13851,"[13500,14000[","[13000,14000[","[12000,14000[","[12000,16000[","[10000,20000[","[10000,50000[",*
13853,"[13500,14000[","[13000,14000[","[12000,14000[","[12000,16000[","[10000,20000[","[10000,50000[",*
13874,"[13500,14000[","[13000,14000[","[12000,14000[","[12000,16000[","[10000,20000[","[10000,50000[",*
13887,"[13500,14000[","[13000,14000[","[12000,14000[","[12000,16000[","[10000,20000[","[10000,50000[",*
13893,"[13500,14000[","[13000,14000[","[12000,14000[","[12000,16000[","[10000,20000[","[10000,50000[",*
13901,"[13500,14000[","[13000,14000[","[12000,14000[","[12000,16000[","[10000,20000[","[10000,50000[",*
13930,"[13500,14000[","[13000,14000[","[12000,14000[","[12000,16000[","[10000,20000[","[10000,50000[",*
13931,"[13500,14000[","[13000,14000[","[12000,14000[","[12000,16000[","[10000,20000[","[10000,50000[",*
14000,"[14000,14500[","[14000,15000[","[14000,16000[","[12000,16000[","[10000,20000[","[10000,50000[",*
14004,"[14000,14500[","[14000,15000[","[14000,16000[","[12000,16000[","[10000,20000[","[10000,50000[",*
14054,"[14000,14500[","[14000,15000[","[14000,16000[","[12000,16000[","[10000,20000[","[10000,50000[",*
14058,"[14000,14500[","[14000,15000[","[14000,16000[","[12000,16000[","[10000,20000[","[10000,50000[",*
14093,"[14000,14500[","[14000,15000[","[14000,16000[","[12000,16000[","[10000,20000[","[10000,50000[",*
14107,"[14000,14500[","[14000,15000[","[14000,16000[","[12000,16000[","[10000,20000[","[10000,50000[",*
14144,"[14000,14500[","[14000,15000[","[14000,16000[","[12000,16000[","[10000,20000[","[10000,50000[",*
14148,"[14000,14500[","[14000,15000[","[14000,16000[","[12000,16000[","[10000,20000[","[10000,50000[",*
14170,"[14000,14500[","[14000,15000[","[14000,16000[","[12000,16000[","[10000,20000[","[10000,50000[",*
14190,"[14000,14500[","[14000,15000[","[14000,16000[","[12000,16000[","[10000,20000[","[10000,50000[",*
14204,"[14000,14500[","[14000,15000[","[14000,16000[","[12000,16000[","[10000,20000[","[10000,50000[",*
14215,"[14000,14500[","[14000,15000[","[14000,16000[","[12000,16000[","[10000,20000[","[10000,50000[",*
14220,"[14000,14500[","[14000,15000[","[14000,16000[","[12000,16000[","[10000,20000[","[10000,50000[",*
14232,"[14000,14500[","[14000,15000[","[14000,16000[","[12000,16000[","[10000,20000[","[10000,50000[",*
14282,"[14000,14500[","[14000,15000[","[14000,16000[","[12000,16000[","[10000,20000[","[10000,50000[",*
14344,"[14000,14500[","[14000,15000[","[14000,16000[","[12000,16000[","[10000,20000[","[10000,50000[",*
14352,"[14000,14500[","[14000,15000[","[14000,16000[","[12000,16000[","[10000,20000[","[10000,50000[",*
14355,"[14000,14500[","[14000,15000[","[14000,16000[","[12000,16000[","[10000,20000[","[10000,50000[",*
14363,"[14000,14500[","[14000,15000[","[14000,16000[","[12000,16000[","[10000,20000[","[10000,50000[",*
14387,"[14000,14500[","[14000,15000[","[14000,16000[","[12000,16000[","[10000,20000[","[10000,50000[",*
14412,"[14000,14500[","[14000,15000[","[14000,16000[","[12000,16000[","[10000,20000[","[10000,50000[",*
14440,"[14000,14500[","[14000,15000[","[14000,16000[","[12000,16000[","[10000,20000[","[10000,50000[",*
14462,"[14000,14500[","[14000,15000[","[14000,16000[","[12000,16000[","[10000,20000[","[10000,50000[",*
14481,"[14000,14500[","[14000,15000[","[14000,16000[","[12000,16000[","[10000,20000[","[10000,50000[",*
14522,"[14500,15000[","[14000,15000[","[14000,16000[","[12000,16000[","[10000,20000[","[10000,50000[",*
14530,"[14500,15000[","[14000,15000[","[14000,16000[","[12000,16000[","[10000,20000[","[10000,50000[",*
14533,"[14500,15000[","[14000,15000[","[14000,16000[","[12000,16000[","[10000,20000[","[10000,50000[",*
14611,"[14500,15000[","[14000,15000[","[14000,16000[","[12000,16000[","[10000,20000[","[10000,50000[",*
14646,"[14500,15000[","[14000,15000[","[14000,16000[","[12000,16000[","[10000,20000[","[10000,50000[",*
14657,"[14500,15000[","[14000,15000[","[14000,16000[","[12000,16000[","[10000,20000[","[10000,50000[",*
14679,"[14500,15000[","[14000,15000[","[14000,16000[","[12000,16000[","[10000,20000[","[10000,50000[",*
14692,"[14500,15000[","[14000,15000[","[14000,16000[","[12000,16000[","[10000,20000[","[10000,50000[",*
14752,"[14500,15000[","[14000,15000[","[14000,16000[","[12000,16000[","[10000,20000[","[10000,50000[",*
14850,"[14500,15000[","[14000,15000[","[14000,16000[","[12000,16000[","[10000,20000[","[10000,50000[",*
14889,"[14500,15000[","[14000,15000[","[14000,16000[","[12000,16000[","[10000,20000[","[10000,50000[",*
14902,"[14500,15000[","[14000,15000[","[14000,16000[","[12000,16000[","[10000,20000[","[10000,50000[",*
14922,"[14500,15000[","[14000,15000[","[14000,16000[","[12000,16000[","[10000,20000[","[10000,50000[",*
14930,"[14500,15000[","[14000,15000[","[14000,16000[","[12000,16000[","[10000,20000[","[10000,50000[",*
14968,"[14500,15000[","[14000,15000[","[14000,16000[","[12000,16000[","[10000,20000[","[10000,50000[",*
15030,"[15000,15500[","[15000,16000[","[14000,16000[","[12000,16000[","[10000,20000[","[10000,50000[",*
15035,"[15000,15500[","[15000,16000[","[14000,16000[","[12000,16000[","[10000,20000[","[10000,50000[",*
15062,"[15000,15500[","[15000,16000[","[14000,16000[","[12000,16000[","[10000,20000[","[10000,50000[",*
15088,"[15000,15500[","[15000,16000[","[14000,16000[","[12000,16000[","[10000,20000[","[10000,50000[",*
15120,"[15000,15500[","[15000,16000[","[14000,16000[","[12000,16000[","[10000,20000[","[10000,50000[",*
15161,"[15000,15500[","[15000,16000[","[14000,16000[","[12000,16000[","[10000,20000[","[10000,50000[",*
15169,"[15000,15500[","[15000,16000[","[14000,16000[","[12000,16000[","[10000,20000[","[10000,50000[",*
15187,"[15000,15500[","[15000,16000[","[14000,16000[","[12000,16000[","[10000,20000[","[10000,50000[",*
15261,"[15000,15500[","[15000,16000[","[14000,16000[","[12000,16000[","[10000,20000[","[10000,50000[",*
15265,"[15000,15500[","[15000,16000[","[14000,16000[","[12000,16000[","[10000,20000[","[10000,50000[",*
15298,"[15000,15500[","[15000,16000[","[14000,16000[","[12000,16000[","[10000,20000[","[10000,50000[",*
15302,"[15000,15500[","[15000,16000[","[14000,16000[","[12000,16000[","[10000,20000[","[10000,50000[",*
15311,"[15000,15500[","[15000,16000[","[14000,16000[","[12000,16000[","[10000,20000[","[10000,50000[",*
15341,"[15000,15500[","[15000,16000[","[14000,16000[","[12000,16000[","[10000,20000[","[10000,50000[",*
15352,"[15000,15500[","[15000,16000[","[14000,16000[","[12000,16000[","[10000,20000[","[10000,50000[",*
15423,"[15000,15500[","[15000,16000[","[14000,16000[","[12000,16000[","[10000,20000[","[10000,50000[",*
15437,"[15000,15500[","[15000,16000[","[14000,16000[","[12000,16000[","[10000,20000[","[10000,50000[",*
15442,"[15000,15500[","[15000,16000[","[14000,16000[","[12000,16000[","[10000,20000[","[10000,50000[",*
15445,"[15000,15500[","[15000,16000[","[14000,16000[","[12000,16000[","[10000,20000[","[10000,50000[",*
15449,"[15000,15500[","[15000,16000[","[14000,16000[","[12000,16000[","[10000,20000[","[10000,50000[",*
15459,"[15000,15500[","[15000,16000[","[14000,16000[","[12000,16000[","[10000,20000[","[10000,50000[",*
15474,"[15000,15500[","[15000,16000[","[14000,16000[","[12000,16000[","[10000,20000[","[10000,50000[",*
15477,"[15000,15500[","[15000,16000[","[14000,16000[","[12000,16000[","[10000,20000[","[10000,50000[",*
15485,"[15000,15500[","[15000,16000[","[14000,16000[","[12000,16000[","[10000,20000[","[10000,50000[",*
15511,"[15500,16000[","[15000,16000[","[14000,16000[","[12000,16000[","[10000,20000[","[10000,50000[",*
15515,"[15500,16000[","[15000,16000[","[14000,16000[","[12000,16000[","[10000,20000[","[10000,50000[",*
15520,"[15500,16000[","[15000,16000[","[14000,16000[","[12000,16000[","[10000,20000[","[10000,50000[",*
15561,"[15500,16000[","[15000,16000[","[14000,16000[","[12000,16000[","[10000,20000[","[10000,50000[",*
15578,"[15500,16000[","[15000,16000[","[14000,16000[","[12000,16000[","[10000,20000[","[10000,50000[",*
15681,"[15500,16000[","[15000,16000[","[14000,16000[","[12000,16000[","[10000,20000[","[10000,50000[",*
15740,"[15500,16000[","[15000,16000[","[14000,16000[","[12000,16000[","[10000,20000[","[10000,50000[",*
15787,"[15500,16000[","[15000,16000[","[14000,16000[","[12000,16000[","[10000,20000[","[10000,50000[",*
15801,"[15500,16000[","[15000,16000[","[14000,16000[","[12000,16000[","[10000,20000[","[10000,50000[",*
15834,"[15500,16000[","[15000,16000[","[14000,16000[","[12000,16000[","[10000,20000[","[10000,50000[",*
15841,"[15500,16000[","[15000,16000[","[14000,16000[","[12000,16000[","[10000,20000[","[10000,50000[",*
15904,"[15500,16000[","[15000,16000[","[14000,16000[","[12000,16000[","[10000,20000[","[10000,50000[",*
16063,"[16000,16500[","[16000,17000[","[16000,18000[","[16000,20000[","[10000,20000[","[10000,50000[",*
16119,"[16000,16500[","[16000,17000[","[16000,18000[","[16000,20000[","[10000,20000[","[10000,50000[",*
16125,"[16000,16500[","[16000,17000[","[16000,18000[","[16000,20000[","[10000,20000[","[10000,50000[",*
16173,"[16000,16500[","[16000,17000[","[16000,18000[","[16000,20000[","[10000,20000[","[10000,50000[",*
16178,"[16000,16500[","[16000,17000[","[16000,18000[","[16000,20000[","[10000,20000[","[10000,50000[",*
16232,"[16000,16500[","[16000,17000[","[16000,18000[","[16000,20000[","[10000,20000[","[10000,50000[",*
16236,"[16000,16500[","[16000,17000[","[16000,18000[","[16000,20000[","[10000,20000[","[10000,50000[",*
16264,"[16000,16500[","[16000,17000[","[16000,18000[","[16000,20000[","[10000,20000[","[10000,50000[",*
16353,"[16000,16500[","[16000,17000[","[16000,18000[","[16000,20000[","[10000,20000[","[10000,50000[",*
16358,"[16000,16500[","[16000,17000[","[16000,18000[","[16000,20000[","[10000,20000[","[10000,50000[",*
16377,"[16000,16500[","[16000,17000[","[16000,18000[","[16000,20000[","[10000,20000[","[10000,50000[",*
16397,"[16000,16500[","[16000,17000[","[16000,18000[","[16000,20000[","[10000,20000[","[10000,50000[",*
16402,"[16000,16500[","[16000,17000[","[16000,18000[","[16000,20000[","[10000,20000[","[10000,50000[",*
16430,"[16000,16500[","[16000,17000[","[16000,18000[","[16000,20000[","[10000,20000[","[10000,50000[",*
16431,"[16000,16500[","[16000,17000[","[16000,18000[","[16000,20000[","[10000,20000[","[10000,50000[",*
16432,"[16000,16500[","[16000,17000[","[16000,18000[","[16000,20000[","[10000,20000[","[10000,50000[",*
16486,"[16000,16500[","[16000,17000[","[16000,18000[","[16000,20000[","[10000,20000[","[10000,50000[",*
16489,"[16000,16500[","[16000,17000[","[16000,18000[","[16000,20000[","[10000,20000[","[10000,50000[",*
16517,"[16500,17000[","[16000,17000[","[16000,18000[","[16000,20000[","[10000,20000[","[10000,50000[",*
16563,"[16500,17000[","[16000,17000[","[16000,18000[","[16000,20000[","[10000,20000[","[10000,50000[",*
16649,"[16500,17000[","[16000,17000[","[16000,18000[","[16000,20000[","[10000,20000[","[10000,50000[",*
16727,"[16500,17000[","[16000,17000[","[16000,18000[","[16000,20000[","[10000,20000[","[10000,50000[",*
16786,"[16500,17000[","[16000,17000[","[16000,18000[","[16000,20000[","[10000,20000[","[10000,50000[",*
16843,"[16500,17000[","[16000,17000[","[16000,18000[","[16000,20000[","[10000,20000[","[10000,50000[",*
16869,"[16500,17000[","[16000,17000[","[16000,18000[","[16000,20000[","[10000,20000[","[10000,50000[",*
16873,"[16500,17000[","[16000,17000[","[16000,18000[","[16000,20000[","[10000,20000[","[10000,50000[",*
16874,"[16500,17000[","[16000,17000[","[16000,18000[","[16000,20000[","[10000,20000[","[10000,50000[",*
16917,"[16500,17000[","[16000,17000[","[16000,18000[","[16000,20000[","[10000,20000[","[10000,50000[",*
16922,"[16500,17000[","[16000,17000[","[16000,18000[","[16000,20000[","[10000,20000[","[10000,50000[",*
16935,"[16500,17000[","[16000,17000[","[16000,18000[","[16000,20000[","[10000,20000[","[10000,50000[",*
16957,"[16500,17000[","[16000,17000[","[16000,18000[","[16000,20000[","[10000,20000[","[10000,50000[",*
16992,"[16500,17000[","[16000,17000[","[16000,18000[","[16000,20000[","[10000,20000[","[10000,50000[",*
17008,"[17000,17500[","[17000,18000[","[16000,18000[","[16000,20000[","[10000,20000[","[10000,50000[",*
17023,"[17000,17500[","[17000,18000[","[16000,18000[","[16000,20000[","[10000,20000[","[10000,50000[",*
17036,"[17000,17500[","[17000,18000[","[16000,18000[","[16000,20000[","[10000,20000[","[10000,50000[",*
17056,"[17000,17500[","[17000,18000[","[16000,18000[","[16000,20000[","[10000,20000[","[10000,50000[",*
17092,"[17000,17500[","[17000,18000[","[16000,18000[","[16000,20000[","[10000,20000[","[10000,50000[",*
17118,"[17000,17500[","[17000,18000[","[16000,18000[","[16000,20000[","[10000,20000[","[10000,50000[",*
17206,"[17000,17500[","[17000,18000[","[16000,18000[","[16000,20000[","[10000,20000[","[10000,50000[",*
17297,"[17000,17500[","[17000,18000[","[16000,18000[","[16000,20000[","[10000,20000[","[10000,50000[",*
17332,"[17000,17500[","[17000,18000[","[16000,18000[","[16000,20000[","[10000,20000[","[10000,50000[",*
17335,"[17000,17500[","[17000,18000[","[16000,18000[","[16000,20000[","[10000,20000[","[10000,50000[",*
17339,"[17000,17500[","[17000,18000[","[16000,18000[","[16000,20000[","[10000,20000[","[10000,50000[",*
17361,"[17000,17500[","[17000,18000[","[16000,18000[","[16000,20000[","[10000,20000[","[10000,50000[",*
17410,"[17000,17500[","[17000,18000[","[16000,18000[","[16000,20000[","[10000,20000[","[10000,50000[",*
17413,"[17000,17500[","[17000,18000[","[16000,18000[","[16000,20000[","[10000,20000[","[10000,50000[",*
17418,"[17000,17500[","[17000,18000[","[16000,18000[","[16000,20000[","[10000,20000[","[10000,50000[",*
17432,"[17000,17500[","[17000,18000[","[16000,18000[","[16000,20000[","[10000,20000[","[10000,50000[",*
17441,"[17000,17500[","[17000,18000[","[16000,18000[","[16000,20000[","[10000,20000[","[10000,50000[",*
17455,"[17000,17500[","[17000,18000[","[16000,18000[","[16000,20000[","[10000,20000[","[10000,50000[",*
17458,"[17000,17500[","[17000,18000[","[16000,18000[","[16000,20000[","[10000,20000[","[10000,50000[",*
17555,"[17500,18000[","[17000,18000[","[16000,18000[","[16000,20000[","[10000,20000[","[10000,50000[",*
17609,"[17500,18000[","[17000,18000[","[16000,18000[","[16000,20000[","[10000,20000[","[10000,50000[",*
17655,"[17500,18000[","[17000,18000[","[16000,18000[","[16000,20000[","[10000,20000[","[10000,50000[",*
17672,"[17500,18000[","[17000,18000[","[16000,18000[","[16000,20000[","[10000,20000[","[10000,50000[",*
17739,"[17500,18000[","[17000,18000[","[16000,18000[","[16000,20000[","[10000,20000[","[10000,50000[",*
17747,"[17500,18000[","[17000,18000[","[16000,18000[","[16000,20000[","[10000,20000[","[10000,50000[",*
17769,"[17500,18000[","[17000,18000[","[16000,18000[","[16000,20000[","[10000,20000[","[10000,50000[",*
17875,"[17500,18000[","[17000,18000[","[16000,18000[","[16000,20000[","[10000,20000[","[10000,50000[",*
17891,"[17500,18000[","[17000,18000[","[16000,18000[","[16000,20000[","[10000,20000[","[10000,50000[",*
17924,"[17500,18000[","[17000,18000[","[16000,18000[","[16000,20000[","[10000,20000[","[10000,50000[",*
17946,"[17500,18000[","[17000,18000[","[16000,18000[","[16000,20000[","[10000,20000[","[10000,50000[",*
17957,"[17500,18000[","[17000,18000[","[16000,18000[","[16000,20000[","[10000,20000[","[10000,50000[",*
17964,"[17500,18000[","[17000,18000[","[16000,18000[","[16000,20000[","[10000,20000[","[10000,50000[",*
17983,"[17500,18000[","[17000,18000[","[16000,18000[","[16000,20000[","[10000,20000[","[10000,50000[",*
18016,"[18000,18500[","[18000,19000[","[18000,20000[","[16000,20000[","[10000,20000[","[10000,50000[",*
18111,"[18000,18500[","[18000,19000[","[18000,20000[","[16000,20000[","[10000,20000[","[10000,50000[",*
18188,"[18000,18500[","[18000,19000[","[18000,20000[","[16000,20000[","[10000,20000[","[10000,50000[",*
18254,"[18000,18500[","[18000,19000[","[18000,20000[","[16000,20000[","[10000,20000[","[10000,50000[",*
18268,"[18000,18500[","[18000,19000[","[18000,20000[","[16000,20000[","[10000,20000[","[10000,50000[",*
18347,"[18000,18500[","[18000,19000[","[18000,20000[","[16000,20000[","[10000,20000[","[10000,50000[",*
18508,"[18500,19000[","[18000,19000[","[18000,20000[","[16000,20000[","[10000,20000[","[10000,50000[",*
18558,"[18500,19000[","[18000,19000[","[18000,20000[","[16000,20000[","[10000,20000[","[10000,50000[",*
18722,"[18500,19000[","[18000,19000[","[18000,20000[","[16000,20000[","[10000,20000[","[10000,50000[",*
18777,"[18500,19000[","[18000,19000[","[18000,20000[","[16000,20000[","[10000,20000[","[10000,50000[",*
18881,"[18500,19000[","[18000,19000[","[18000,20000[","[16000,20000[","[10000,20000[","[10000,50000[",*
18904,"[18500,19000[","[18000,19000[","[18000,20000[","[16000,20000[","[10000,20000[","[10000,50000[",*
18931,"[18500,19000[","[18000,19000[","[18000,20000[","[16000,20000[","[10000,20000[","[10000,50000[",*
18967,"[18500,19000[","[18000,19000[","[18000,20000[","[16000,20000[","[10000,20000[","[10000,50000[",*
19102,"[19000,19500[","[19000,20000[","[18000,20000[","[16000,20000[","[10000,20000[","[10000,50000[",*
19213,"[19000,19500[","[19000,20000[","[18000,20000[","[16000,20000[","[10000,20000[","[10000,50000[",*
19268,"[19000,19500[","[19000,20000[","[18000,20000[","[16000,20000[","[10000,20000[","[10000,50000[",*
19313,"[19000,19500[","[19000,20000[","[18000,20000[","[16000,20000[","[10000,20000[","[10000,50000[",*
19317,"[19000,19500[","[19000,20000[","[18000,20000[","[16000,20000[","[10000,20000[","[10000,50000[",*
19343,"[19000,19500[","[19000,20000[","[18000,20000[","[16000,20000[","[10000,20000[","[10000,50000[",*
19348,"[19000,19500[","[19000,20000[","[18000,20000[","[16000,20000[","[10000,20000[","[10000,50000[",*
19358,"[19000,19500[","[19000,20000[","[18000,20000[","[16000,20000[","[10000,20000[","[10000,50000[",*
19391,"[19000,19500[","[19000,20000[","[18000,20000[","[16000,20000[","[10000,20000[","[10000,50000[",*
19447,"[19000,19500[","[19000,20000[","[18000,20000[","[16000,20000[","[10000,20000[","[10000,50000[",*
19690,"[19500,20000[","[19000,20000[","[18000,20000[","[16000,20000[","[10000,20000[","[10000,50000[",*
19706,"[19500,20000[","[19000,20000[","[18000,20000[","[16000,20000[","[10000,20000[","[10000,50000[",*
19796,"[19500,20000[","[19000,20000[","[18000,20000[","[16000,20000[","[10000,20000[","[10000,50000[",*
19797,"[19500,20000[","[19000,20000[","[18000,20000[","[16000,20000[","[10000,20000[","[10000,50000[",*
19833,"[19500,20000[","[19000,20000[","[18000,20000[","[16000,20000[","[10000,20000[","[10000,50000[",*
19850,"[19500,20000[","[19000,20000[","[18000,20000[","[16000,20000[","[10000,20000[","[10000,50000[",*
19985,"[19500,20000[","[19000,20000[","[18000,20000[","[16000,20000[","[10000,20000[","[10000,50000[",*
20011,"[20000,20500[","[20000,21000[","[20000,22000[","[20000,24000[","[20000,30000[","[10000,50000[",*
20138,"[20000,20500[","[20000,21000[","[20000,22000[","[20000,24000[","[20000,30000[","[10000,50000[",*
20179,"[20000,20500[","[20000,21000[","[20000,22000[","[20000,24000[","[20000,30000[","[10000,50000[",*
20187,"[20000,20500[","[20000,21000[","[20000,22000[","[20000,24000[","[20000,30000[","[10000,50000[",*
20261,"[20000,20500[","[20000,21000[","[20000,22000[","[20000,24000[","[20000,30000[","[10000,50000[",*
20422,"[20000,20500[","[20000,21000[","[20000,22000[","[20000,24000[","[20000,30000[","[10000,50000[",*
20451,"[20000,20500[","[20000,21000[","[20000,22000[","[20000,24000[","[20000,30000[","[10000,50000[",*
20453,"[20000,20500[","[20000,21000[","[20000,22000[","[20000,24000[","[20000,30000[","[10000,50000[",*
20479,"[20000,20500[","[20000,21000[","[20000,22000[","[20000,24000[","[20000,30000[","[10000,50000[",*
20527,"[20500,21000[","[20000,21000[","[20000,22000[","[20000,24000[","[20000,30000[","[10000,50000[",*
20541,"[20500,21000[","[20000,21000[","[20000,22000[","[20000,24000[","[20000,30000[","[10000,50000[",*
20580,"[20500,21000[","[20000,21000[","[20000,22000[","[20000,24000[","[20000,30000[","[10000,50000[",*
20584,"[20500,21000[","[20000,21000[","[20000,22000[","[20000,24000[","[20000,30000[","[10000,50000[",*
20585,"[20500,21000[","[20000,21000[","[20000,22000[","[20000,24000[","[20000,30000[","[10000,50000[",*
20600,"[20500,21000[","[20000,21000[","[20000,22000[","[20000,24000[","[20000,30000[","[10000,50000[",*
20718,"[20500,21000[","[20000,21000[","[20000,22000[","[20000,24000[","[20000,30000[","[10000,50000[",*
20723,"[20500,21000[","[20000,21000[","[20000,22000[","[20000,24000[","[20000,30000[","[10000,50000[",*
20727,"[20500,21000[","[20000,21000[","[20000,22000[","[20000,24000[","[20000,30000[","[10000,50000[",*
20772,"[20500,21000[","[20000,21000[","[20000,22000[","[20000,24000[","[20000,30000[","[10000,50000[",*
20794,"[20500,21000[","[20000,21000[","[20000,22000[","[20000,24000[","[20000,30000[","[10000,50000[",*
20798,"[20500,21000[","[20000,21000[","[20000,22000[","[20000,24000[","[20000,30000[","[10000,50000[",*
20806,"[20500,21000[","[20000,21000[","[20000,22000[","[20000,24000[","[20000,30000[","[10000,50000[",*
20928,"[20500,21000[","[20000,21000[","[20000,22000[","[20000,24000[","[20000,30000[","[10000,50000[",*
20932,"[20500,21000[","[20000,21000[","[20000,22000[","[20000,24000[","[20000,30000[","[10000,50000[",*
21024,"[21000,21500[","[21000,22000[","[20000,22000[","[20000,24000[","[20000,30000[","[10000,50000[",*
21088,"[21000,21500[","[21000,22000[","[20000,22000[","[20000,24000[","[20000,30000[","[10000,50000[",*
21096,"[21000,21500[","[21000,22000[","[20000,22000[","[20000,24000[","[20000,30000[","[10000,50000[",*
21111,"[21000,21500[","[21000,22000[","[20000,22000[","[20000,24000[","[20000,30000[","[10000,50000[",*
21244,"[21000,21500[","[21000,22000[","[20000,22000[","[20000,24000[","[20000,30000[","[10000,50000[",*
21292,"[21000,21500[","[21000,22000[","[20000,22000[","[20000,24000[","[20000,30000[","[10000,50000[",*
21446,"[21000,21500[","[21000,22000[","[20000,22000[","[20000,24000[","[20000,30000[","[10000,50000[",*
21510,"[21500,22000[","[21000,22000[","[20000,22000[","[20000,24000[","[20000,30000[","[10000,50000[",*
21515,"[21500,22000[","[21000,22000[","[20000,22000[","[20000,24000[","[20000,30000[","[10000,50000[",*
21522,"[21500,22000[","[21000,22000[","[20000,22000[","[20000,24000[","[20000,30000[","[10000,50000[",*
21574,"[21500,22000[","[21000,22000[","[20000,22000[","[20000,24000[","[20000,30000[","[10000,50000[",*
21614,"[21500,22000[","[21000,22000[","[20000,22000[","[20000,24000[","[20000,30000[","[10000,50000[",*
21664,"[21500,22000[","[21000,22000[","[20000,22000[","[20000,24000[","[20000,30000[","[10000,50000[",*
21854,"[21500,22000[","[21000,22000[","[20000,22000[","[20000,24000[","[20000,30000[","[10000,50000[",*
21861,"[21500,22000[","[21000,22000[","[20000,22000[","[20000,24000[","[20000,30000[","[10000,50000[",*
21963,"[21500,22000[","[21000,22000[","[20000,22000[","[20000,24000[","[20000,30000[","[10000,50000[",*
22008,"[22000,22500[","[22000,23000[","[22000,24000[","[20000,24000[","[20000,30000[","[10000,50000[",*
22018,"[22000,22500[","[22000,23000[","[22000,24000[","[20000,24000[","[20000,30000[","[10000,50000[",*
22086,"[22000,22500[","[22000,23000[","[22000,24000[","[20000,24000[","[20000,30000[","[10000,50000[",*
22125,"[22000,22500[","[22000,23000[","[22000,24000[","[20000,24000[","[20000,30000[","[10000,50000[",*
22171,"[22000,22500[","[22000,23000[","[22000,24000[","[20000,24000[","[20000,30000[","[10000,50000[",*
22196,"[22000,22500[","[22000,23000[","[22000,24000[","[20000,24000[","[20000,30000[","[10000,50000[",*
22341,"[22000,22500[","[22000,23000[","[22000,24000[","[20000,24000[","[20000,30000[","[10000,50000[",*
22370,"[22000,22500[","[22000,23000[","[22000,24000[","[20000,24000[","[20000,30000[","[10000,50000[",*
22452,"[22000,22500[","[22000,23000[","[22000,24000[","[20000,24000[","[20000,30000[","[10000,50000[",*
22520,"[22500,23000[","[22000,23000[","[22000,24000[","[20000,24000[","[20000,30000[","[10000,50000[",*
22546,"[22500,23000[","[22000,23000[","[22000,24000[","[20000,24000[","[20000,30000[","[10000,50000[",*
22557,"[22500,23000[","[22000,23000[","[22000,24000[","[20000,24000[","[20000,30000[","[10000,50000[",*
22569,"[22500,23000[","[22000,23000[","[22000,24000[","[20000,24000[","[20000,30000[","[10000,50000[",*
22755,"[22500,23000[","[22000,23000[","[22000,24000[","[20000,24000[","[20000,30000[","[10000,50000[",*
22815,"[22500,23000[","[22000,23000[","[22000,24000[","[20000,24000[","[20000,30000[","[10000,50000[",*
22856,"[22500,23000[","[22000,23000[","[22000,24000[","[20000,24000[","[20000,30000[","[10000,50000[",*
22867,"[22500,23000[","[22000,23000[","[22000,24000[","[20000,24000[","[20000,30000[","[10000,50000[",*
22928,"[22500,23000[","[22000,23000[","[22000,24000[","[20000,24000[","[20000,30000[","[10000,50000[",*
22946,"[22500,23000[","[22000,23000[","[22000,24000[","[20000,24000[","[20000,30000[","[10000,50000[",*
23047,"[23000,23500[","[23000,24000[","[22000,24000[","[20000,24000[","[20000,30000[","[10000,50000[",*
23076,"[23000,23500[","[23000,24000[","[22000,24000[","[20000,24000[","[20000,30000[","[10000,50000[",*
23189,"[23000,23500[","[23000,24000[","[22000,24000[","[20000,24000[","[20000,30000[","[10000,50000[",*
23421,"[23000,23500[","[23000,24000[","[22000,24000[","[20000,24000[","[20000,30000[","[10000,50000[",*
23494,"[23000,23500[","[23000,24000[","[22000,24000[","[20000,24000[","[20000,30000[","[10000,50000[",*
23495,"[23000,23500[","[23000,24000[","[22000,24000[","[20000,24000[","[20000,30000[","[10000,50000[",*
23552,"[23500,24000[","[23000,24000[","[22000,24000[","[20000,24000[","[20000,30000[","[10000,50000[",*
23592,"[23500,24000[","[23000,24000[","[22000,24000[","[20000,24000[","[20000,30000[","[10000,50000[",*
23663,"[23500,24000[","[23000,24000[","[22000,24000[","[20000,24000[","[20000,30000[","[10000,50000[",*
23867,"[23500,24000[","[23000,24000[","[22000,24000[","[20000,24000[","[20000,30000[","[10000,50000[",*
23876,"[23500,24000[","[23000,24000[","[22000,24000[","[20000,24000[","[20000,30000[","[10000,50000[",*
23878,"[23500,24000[","[23000,24000[","[22000,24000[","[20000,24000[","[20000,30000[","[10000,50000[",*
23917,"[23500,24000[","[23000,24000[","[22000,24000[","[20000,24000[","[20000,30000[","[10000,50000[",*
23919,"[23500,24000[","[23000,24000[","[22000,24000[","[20000,24000[","[20000,30000[","[10000,50000[",*
24025,"[24000,24500[","[24000,25000[","[24000,26000[","[24000,28000[","[20000,30000[","[10000,50000[",*
24055,"[24000,24500[","[24000,25000[","[24000,26000[","[24000,28000[","[20000,30000[","[10000,50000[",*
24277,"[24000,24500[","[24000,25000[","[24000,26000[","[24000,28000[","[20000,30000[","[10000,50000[",*
24299,"[24000,24500[","[24000,25000[","[24000,26000[","[24000,28000[","[20000,30000[","[10000,50000[",*
24312,"[24000,24500[","[24000,25000[","[24000,26000[","[24000,28000[","[20000,30000[","[10000,50000[",*
24450,"[24000,24500[","[24000,25000[","[24000,26000[","[24000,28000[","[20000,30000[","[10000,50000[",*
24498,"[24000,24500[","[24000,25000[","[24000,26000[","[24000,28000[","[20000,30000[","[10000,50000[",*
24556,"[24500,25000[","[24000,25000[","[24000,26000[","[24000,28000[","[20000,30000[","[10000,50000[",*
24598,"[24500,25000[","[24000,25000[","[24000,26000[","[24000,28000[","[20000,30000[","[10000,50000[",*
24780,"[24500,25000[","[24000,25000[","[24000,26000[","[24000,28000[","[20000,30000[","[10000,50000[",*
24870,"[24500,25000[","[24000,25000[","[24000,26000[","[24000,28000[","[20000,30000[","[10000,50000[",*
25204,"[25000,25500[","[25000,26000[","[24000,26000[","[24000,28000[","[20000,30000[","[10000,50000[",*
25290,"[25000,25500[","[25000,26000[","[24000,26000[","[24000,28000[","[20000,30000[","[10000,50000[",*
25741,"[25500,26000[","[25000,26000[","[24000,26000[","[24000,28000[","[20000,30000[","[10000,50000[",*
25824,"[25500,26000[","[25000,26000[","[24000,26000[","[24000,28000[","[20000,30000[","[10000,50000[",*
25856,"[25500,26000[","[25000,26000[","[24000,26000[","[24000,28000[","[20000,30000[","[10000,50000[",*
25947,"[25500,26000[","[25000,26000[","[24000,26000[","[24000,28000[","[20000,30000[","[10000,50000[",*
26172,"[26000,26500[","[26000,27000[","[26000,28000[","[24000,28000[","[20000,30000[","[10000,50000[",*
26233,"[26000,26500[","[26000,27000[","[26000,28000[","[24000,28000[","[20000,30000[","[10000,50000[",*
26254,"[26000,26500[","[26000,27000[","[26000,28000[","[24000,28000[","[20000,30000[","[10000,50000[",*
26306,"[26000,26500[","[26000,27000[","[26000,28000[","[24000,28000[","[20000,30000[","[10000,50000[",*
26394,"[26000,26500[","[26000,27000[","[26000,28000[","[24000,28000[","[20000,30000[","[10000,50000[",*
26452,"[26000,26500[","[26000,27000[","[26000,28000[","[24000,28000[","[20000,30000[","[10000,50000[",*
26575,"[26500,27000[","[26000,27000[","[26000,28000[","[24000,28000[","[20000,30000[","[10000,50000[",*
26721,"[26500,27000[","[26000,27000[","[26000,28000[","[24000,28000[","[20000,30000[","[10000,50000[",*
26765,"[26500,27000[","[26000,27000[","[26000,28000[","[24000,28000[","[20000,30000[","[10000,50000[",*
26831,"[26500,27000[","[26000,27000[","[26000,28000[","[24000,28000[","[20000,30000[","[10000,50000[",*
26965,"[26500,27000[","[26000,27000[","[26000,28000[","[24000,28000[","[20000,30000[","[10000,50000[",*
27069,"[27000,27500[","[27000,28000[","[26000,28000[","[24000,28000[","[20000,30000[","[10000,50000[",*
27359,"[27000,27500[","[27000,28000[","[26000,28000[","[24000,28000[","[20000,30000[","[10000,50000[",*
27446,"[27000,27500[","[27000,28000[","[26000,28000[","[24000,28000[","[20000,30000[","[10000,50000[",*
27624,"[27500,28000[","[27000,28000[","[26000,28000[","[24000,28000[","[20000,30000[","[10000,50000[",*
27696,"[27500,28000[","[27000,28000[","[26000,28000[","[24000,28000[","[20000,30000[","[10000,50000[",*
27733,"[27500,28000[","[27000,28000[","[26000,28000[","[24000,28000[","[20000,30000[","[10000,50000[",*
28318,"[28000,28500[","[28000,29000[","[28000,30000[","[28000,32000[","[20000,30000[","[10000,50000[",*
28433,"[28000,28500[","[28000,29000[","[28000,30000[","[28000,32000[","[20000,30000[","[10000,50000[",*
29050,"[29000,29500[","[29000,30000[","[28000,30000[","[28000,32000[","[20000,30000[","[10000,50000[",*
29080,"[29000,29500[","[29000,30000[","[28000,30000[","[28000,32000[","[20000,30000[","[10000,50000[",*
29125,"[29000,29500[","[29000,30000[","[28000,30000[","[28000,32000[","[20000,30000[","[10000,50000[",*
29184,"[29000,29500[","[29000,30000[","[28000,30000[","[28000,32000[","[20000,30000[","[10000,50000[",*
29207,"[29000,29500[","[29000,30000[","[28000,30000[","[28000,32000[","[20000,30000[","[10000,50000[",*
29230,"[29000,29500[","[29000,30000[","[28000,30000[","[28000,32000[","[20000,30000[","[10000,50000[",*
29312,"[29000,29500[","[29000,30000[","[28000,30000[","[28000,32000[","[20000,30000[","[10000,50000[",*
29340,"[29000,29500[","[29000,30000[","[28000,30000[","[28000,32000[","[20000,30000[","[10000,50000[",*
29397,"[29000,29500[","[29000,30000[","[28000,30000[","[28000,32000[","[20000,30000[","[10000,50000[",*
29484,"[29000,29500[","[29000,30000[","[28000,30000[","[28000,32000[","[20000,30000[","[10000,50000[",*
29887,"[29500,30000[","[29000,30000[","[28000,30000[","[28000,32000[","[20000,30000[","[10000,50000[",*
29941,"[29500,30000[","[29000,30000[","[28000,30000[","[28000,32000[","[20000,30000[","[10000,50000[",*
31472,"[31000,31500[","[31000,32000[","[30000,32000[","[28000,32000[","[30000,40000[","[10000,50000[",*
31630,"[31500,32000[","[31000,32000[","[30000,32000[","[28000,32000[","[30000,40000[","[10000,50000[",*
31868,"[31500,32000[","[31000,32000[","[30000,32000[","[28000,32000[","[30000,40000[","[10000,50000[",*
32464,"[32000,32500[","[32000,33000[","[32000,34000[","[32000,36000[","[30000,40000[","[10000,50000[",*
32685,"[32500,33000[","[32000,33000[","[32000,34000[","[32000,36000[","[30000,40000[","[10000,50000[",*
32948,"[32500,33000[","[32000,33000[","[32000,34000[","[32000,36000[","[30000,40000[","[10000,50000[",*
34230,"[34000,34500[","[34000,35000[","[34000,36000[","[32000,36000[","[30000,40000[","[10000,50000[",*
34247,"[34000,34500[","[34000,35000[","[34000,36000[","[32000,36000[","[30000,40000[","[10000,50000[",*
34646,"[34500,35000[","[34000,35000[","[34000,36000[","[32000,36000[","[30000,40000[","[10000,50000[",*
35368,"[35000,35500[","[35000,36000[","[34000,36000[","[32000,36000[","[30000,40000[","[10000,50000[",*
35589,"[35500,36000[","[35000,36000[","[34000,36000[","[32000,36000[","[30000,40000[","[10000,50000[",*
36221,"[36000,36500[","[36000,37000[","[36000,38000[","[36000,40000[","[30000,40000[","[10000,50000[",*
36252,"[36000,36500[","[36000,37000[","[36000,38000[","[36000,40000[","[30000,40000[","[10000,50000[",*
36686,"[36500,37000[","[36000,37000[","[36000,38000[","[36000,40000[","[30000,40000[","[10000,50000[",*
36935,"[36500,37000[","[36000,37000[","[36000,38000[","[36000,40000[","[30000,40000[","[10000,50000[",*
37127,"[37000,37500[","[37000,38000[","[36000,38000[","[36000,40000[","[30000,40000[","[10000,50000[",*
37176,"[37000,37500[","[37000,38000[","[36000,38000[","[36000,40000[","[30000,40000[","[10000,50000[",*
37378,"[37000,37500[","[37000,38000[","[36000,38000[","[36000,40000[","[30000,40000[","[10000,50000[",*
38279,"[38000,38500[","[38000,39000[","[38000,40000[","[36000,40000[","[30000,40000[","[10000,50000[",*
39098,"[39000,39500[","[39000,40000[","[38000,40000[","[36000,40000[","[30000,40000[","[10000,50000[",*
39385,"[39000,39500[","[39000,40000[","[38000,40000[","[36000,40000[","[30000,40000[","[10000,50000[",*
41242,"[41000,41500[","[41000,42000[","[40000,42000[","[40000,44000[","[40000,50000[","[10000,50000[",*
41630,"[41500,42000[","[41000,42000[","[40000,42000[","[40000,44000[","[40000,50000[","[10000,50000[",*
41923,"[41500,42000[","[41000,42000[","[40000,42000[","[40000,44000[","[40000,50000[","[10000,50000[",*
42045,"[42000,42500[","[42000,43000[","[42000,44000[","[40000,44000[","[40000,50000[","[10000,50000[",*
43074,"[43000,43500[","[43000,44000[","[42000,44000[","[40000,44000[","[40000,50000[","[10000,50000[",*
44128,"[44000,44500[","[44000,45000[","[44000,46000[","[44000,48000[","[40000,50000[","[10000,50000[",*
44134,"[44000,44500[","[44000,45000[","[44000,46000[","[44000,48000[","[40000,50000[","[10000,50000[",*
45141,"[45000,45500[","[45000,46000[","[44000,46000[","[44000,48000[","[40000,50000[","[10000,50000[",*
45248,"[45000,45500[","[45000,46000[","[44000,46000[","[44000,48000[","[40000,50000[","[10000,50000[",*
45789,"[45500,46000[","[45000,46000[","[44000,46000[","[44000,48000[","[40000,50000[","[10000,50000[",*
51439,"[51000,51500[","[51000,52000[","[50000,52000[","[48000,52000[","[50000,60000[",>=50000,*
52499,"[52000,52500[","[52000,53000[","[52000,54000[","[52000,56000[","[50000,60000[",>=50000,*
52527,"[52500,53000[","[52000,53000[","[52000,54000[","[52000,56000[","[50000,60000[",>=50000,*
52587,"[52500,53000[","[52000,53000[","[52000,54000[","[52000,56000[","[50000,60000[",>=50000,*
56831,"[56500,57000[","[56000,57000[","[56000,58000[","[56000,60000[","[50000,60000[",>=50000,*
57435,"[57000,57500[","[57000,58000[","[56000,58000[","[56000,60000[","[50000,60000[",>=50000,*
58544,"[58500,59000[","[58000,59000[","[58000,60000[","[56000,60000[","[50000,60000[",>=50000,*
58932,"[58500,59000[","[58000,59000[","[58000,60000[","[56000,60000[","[50000,60000[",>=50000,*
59649,"[59500,60000[","[59000,60000[","[58000,60000[","[56000,60000[","[50000,60000[",>=50000,*
64343,"[64000,64500[","[64000,65000[","[64000,66000[","[64000,68000[","[60000,70000[",>=50000,*
66653,"[66500,67000[","[66000,67000[","[66000,68000[","[64000,68000[","[60000,70000[",>=50000,*
66721,"[66500,67000[","[66000,67000[","[66000,68000[","[64000,68000[","[60000,70000[",>=50000,*
71188,"[71000,71500[","[71000,72000[","[70000,72000[","[68000,72000[","[70000,80000[",>=50000,*
81204,"[81000,81500[","[81000,82000[","[80000,82000[","[80000,84000[","[80000,90000[",>=50000,*
98417,"[98000,98500[","[98000,99000[","[98000,100000[","[96000,100000[","[90000,100000[",>=50000,*
102127,"[102000,102500[","[102000,103000[","[102000,104000[","[100000,104000[","[100000,110000[",>=50000,*
