0,"[0,50[","[0,100[","[0,250[","[0,500[","[0,3000[","[0,3000[",*
1,"[0,50[","[0,100[","[0,250[","[0,500[","[0,3000[","[0,3000[",*
2,"[0,50[","[0,100[","[0,250[","[0,500[","[0,3000[","[0,3000[",*
3,"[0,50[","[0,100[","[0,250[","[0,500[","[0,3000[","[0,3000[",*
4,"[0,50[","[0,100[","[0,250[","[0,500[","[0,3000[","[0,3000[",*
5,"[0,50[","[0,100[","[0,250[","[0,500[","[0,3000[","[0,3000[",*
6,"[0,50[","[0,100[","[0,250[","[0,500[","[0,3000[","[0,3000[",*
7,"[0,50[","[0,100[","[0,250[","[0,500[","[0,3000[","[0,3000[",*
8,"[0,50[","[0,100[","[0,250[","[0,500[","[0,3000[","[0,3000[",*
9,"[0,50[","[0,100[","[0,250[","[0,500[","[0,3000[","[0,3000[",*
10,"[0,50[","[0,100[","[0,250[","[0,500[","[0,3000[","[0,3000[",*
11,"[0,50[","[0,100[","[0,250[","[0,500[","[0,3000[","[0,3000[",*
12,"[0,50[","[0,100[","[0,250[","[0,500[","[0,3000[","[0,3000[",*
13,"[0,50[","[0,100[","[0,250[","[0,500[","[0,3000[","[0,3000[",*
14,"[0,50[","[0,100[","[0,250[","[0,500[","[0,3000[","[0,3000[",*
15,"[0,50[","[0,100[","[0,250[","[0,500[","[0,3000[","[0,3000[",*
16,"[0,50[","[0,100[","[0,250[","[0,500[","[0,3000[","[0,3000[",*
17,"[0,50[","[0,100[","[0,250[","[0,500[","[0,3000[","[0,3000[",*
18,"[0,50[","[0,100[","[0,250[","[0,500[","[0,3000[","[0,3000[",*
19,"[0,50[","[0,100[","[0,250[","[0,500[","[0,3000[","[0,3000[",*
20,"[0,50[","[0,100[","[0,250[","[0,500[","[0,3000[","[0,3000[",*
21,"[0,50[","[0,100[","[0,250[","[0,500[","[0,3000[","[0,3000[",*
22,"[0,50[","[0,100[","[0,250[","[0,500[","[0,3000[","[0,3000[",*
23,"[0,50[","[0,100[","[0,250[","[0,500[","[0,3000[","[0,3000[",*
24,"[0,50[","[0,100[","[0,250[","[0,500[","[0,3000[","[0,3000[",*
25,"[0,50[","[0,100[","[0,250[","[0,500[","[0,3000[","[0,3000[",*
26,"[0,50[","[0,100[","[0,250[","[0,500[","[0,3000[","[0,3000[",*
27,"[0,50[","[0,100[","[0,250[","[0,500[","[0,3000[","[0,3000[",*
28,"[0,50[","[0,100[","[0,250[","[0,500[","[0,3000[","[0,3000[",*
29,"[0,50[","[0,100[","[0,250[","[0,500[","[0,3000[","[0,3000[",*
30,"[0,50[","[0,100[","[0,250[","[0,500[","[0,3000[","[0,3000[",*
31,"[0,50[","[0,100[","[0,250[","[0,500[","[0,3000[","[0,3000[",*
32,"[0,50[","[0,100[","[0,250[","[0,500[","[0,3000[","[0,3000[",*
33,"[0,50[","[0,100[","[0,250[","[0,500[","[0,3000[","[0,3000[",*
34,"[0,50[","[0,100[","[0,250[","[0,500[","[0,3000[","[0,3000[",*
35,"[0,50[","[0,100[","[0,250[","[0,500[","[0,3000[","[0,3000[",*
36,"[0,50[","[0,100[","[0,250[","[0,500[","[0,3000[","[0,3000[",*
37,"[0,50[","[0,100[","[0,250[","[0,500[","[0,3000[","[0,3000[",*
38,"[0,50[","[0,100[","[0,250[","[0,500[","[0,3000[","[0,3000[",*
39,"[0,50[","[0,100[","[0,250[","[0,500[","[0,3000[","[0,3000[",*
40,"[0,50[","[0,100[","[0,250[","[0,500[","[0,3000[","[0,3000[",*
41,"[0,50[","[0,100[","[0,250[","[0,500[","[0,3000[","[0,3000[",*
42,"[0,50[","[0,100[","[0,250[","[0,500[","[0,3000[","[0,3000[",*
43,"[0,50[","[0,100[","[0,250[","[0,500[","[0,3000[","[0,3000[",*
44,"[0,50[","[0,100[","[0,250[","[0,500[","[0,3000[","[0,3000[",*
45,"[0,50[","[0,100[","[0,250[","[0,500[","[0,3000[","[0,3000[",*
46,"[0,50[","[0,100[","[0,250[","[0,500[","[0,3000[","[0,3000[",*
47,"[0,50[","[0,100[","[0,250[","[0,500[","[0,3000[","[0,3000[",*
48,"[0,50[","[0,100[","[0,250[","[0,500[","[0,3000[","[0,3000[",*
49,"[0,50[","[0,100[","[0,250[","[0,500[","[0,3000[","[0,3000[",*
50,"[50,100[","[0,100[","[0,250[","[0,500[","[0,3000[","[0,3000[",*
51,"[50,100[","[0,100[","[0,250[","[0,500[","[0,3000[","[0,3000[",*
52,"[50,100[","[0,100[","[0,250[","[0,500[","[0,3000[","[0,3000[",*
53,"[50,100[","[0,100[","[0,250[","[0,500[","[0,3000[","[0,3000[",*
54,"[50,100[","[0,100[","[0,250[","[0,500[","[0,3000[","[0,3000[",*
55,"[50,100[","[0,100[","[0,250[","[0,500[","[0,3000[","[0,3000[",*
56,"[50,100[","[0,100[","[0,250[","[0,500[","[0,3000[","[0,3000[",*
57,"[50,100[","[0,100[","[0,250[","[0,500[","[0,3000[","[0,3000[",*
58,"[50,100[","[0,100[","[0,250[","[0,500[","[0,3000[","[0,3000[",*
59,"[50,100[","[0,100[","[0,250[","[0,500[","[0,3000[","[0,3000[",*
60,"[50,100[","[0,100[","[0,250[","[0,500[","[0,3000[","[0,3000[",*
61,"[50,100[","[0,100[","[0,250[","[0,500[","[0,3000[","[0,3000[",*
62,"[50,100[","[0,100[","[0,250[","[0,500[","[0,3000[","[0,3000[",*
63,"[50,100[","[0,100[","[0,250[","[0,500[","[0,3000[","[0,3000[",*
64,"[50,100[","[0,100[","[0,250[","[0,500[","[0,3000[","[0,3000[",*
65,"[50,100[","[0,100[","[0,250[","[0,500[","[0,3000[","[0,3000[",*
66,"[50,100[","[0,100[","[0,250[","[0,500[","[0,3000[","[0,3000[",*
67,"[50,100[","[0,100[","[0,250[","[0,500[","[0,3000[","[0,3000[",*
68,"[50,100[","[0,100[","[0,250[","[0,500[","[0,3000[","[0,3000[",*
69,"[50,100[","[0,100[","[0,250[","[0,500[","[0,3000[","[0,3000[",*
70,"[50,100[","[0,100[","[0,250[","[0,500[","[0,3000[","[0,3000[",*
71,"[50,100[","[0,100[","[0,250[","[0,500[","[0,3000[","[0,3000[",*
72,"[50,100[","[0,100[","[0,250[","[0,500[","[0,3000[","[0,3000[",*
73,"[50,100[","[0,100[","[0,250[","[0,500[","[0,3000[","[0,3000[",*
74,"[50,100[","[0,100[","[0,250[","[0,500[","[0,3000[","[0,3000[",*
75,"[50,100[","[0,100[","[0,250[","[0,500[","[0,3000[","[0,3000[",*
76,"[50,100[","[0,100[","[0,250[","[0,500[","[0,3000[","[0,3000[",*
77,"[50,100[","[0,100[","[0,250[","[0,500[","[0,3000[","[0,3000[",*
78,"[50,100[","[0,100[","[0,250[","[0,500[","[0,3000[","[0,3000[",*
79,"[50,100[","[0,100[","[0,250[","[0,500[","[0,3000[","[0,3000[",*
80,"[50,100[","[0,100[","[0,250[","[0,500[","[0,3000[","[0,3000[",*
81,"[50,100[","[0,100[","[0,250[","[0,500[","[0,3000[","[0,3000[",*
82,"[50,100[","[0,100[","[0,250[","[0,500[","[0,3000[","[0,3000[",*
83,"[50,100[","[0,100[","[0,250[","[0,500[","[0,3000[","[0,3000[",*
84,"[50,100[","[0,100[","[0,250[","[0,500[","[0,3000[","[0,3000[",*
85,"[50,100[","[0,100[","[0,250[","[0,500[","[0,3000[","[0,3000[",*
86,"[50,100[","[0,100[","[0,250[","[0,500[","[0,3000[","[0,3000[",*
87,"[50,100[","[0,100[","[0,250[","[0,500[","[0,3000[","[0,3000[",*
88,"[50,100[","[0,100[","[0,250[","[0,500[","[0,3000[","[0,3000[",*
89,"[50,100[","[0,100[","[0,250[","[0,500[","[0,3000[","[0,3000[",*
90,"[50,100[","[0,100[","[0,250[","[0,500[","[0,3000[","[0,3000[",*
91,"[50,100[","[0,100[","[0,250[","[0,500[","[0,3000[","[0,3000[",*
92,"[50,100[","[0,100[","[0,250[","[0,500[","[0,3000[","[0,3000[",*
93,"[50,100[","[0,100[","[0,250[","[0,500[","[0,3000[","[0,3000[",*
94,"[50,100[","[0,100[","[0,250[","[0,500[","[0,3000[","[0,3000[",*
95,"[50,100[","[0,100[","[0,250[","[0,500[","[0,3000[","[0,3000[",*
96,"[50,100[","[0,100[","[0,250[","[0,500[","[0,3000[","[0,3000[",*
97,"[50,100[","[0,100[","[0,250[","[0,500[","[0,3000[","[0,3000[",*
98,"[50,100[","[0,100[","[0,250[","[0,500[","[0,3000[","[0,3000[",*
99,"[50,100[","[0,100[","[0,250[","[0,500[","[0,3000[","[0,3000[",*
100,"[100,150[","[100,200[","[0,250[","[0,500[","[0,3000[","[0,3000[",*
101,"[100,150[","[100,200[","[0,250[","[0,500[","[0,3000[","[0,3000[",*
102,"[100,150[","[100,200[","[0,250[","[0,500[","[0,3000[","[0,3000[",*
103,"[100,150[","[100,200[","[0,250[","[0,500[","[0,3000[","[0,3000[",*
104,"[100,150[","[100,200[","[0,250[","[0,500[","[0,3000[","[0,3000[",*
105,"[100,150[","[100,200[","[0,250[","[0,500[","[0,3000[","[0,3000[",*
106,"[100,150[","[100,200[","[0,250[","[0,500[","[0,3000[","[0,3000[",*
107,"[100,150[","[100,200[","[0,250[","[0,500[","[0,3000[","[0,3000[",*
108,"[100,150[","[100,200[","[0,250[","[0,500[","[0,3000[","[0,3000[",*
109,"[100,150[","[100,200[","[0,250[","[0,500[","[0,3000[","[0,3000[",*
110,"[100,150[","[100,200[","[0,250[","[0,500[","[0,3000[","[0,3000[",*
111,"[100,150[","[100,200[","[0,250[","[0,500[","[0,3000[","[0,3000[",*
112,"[100,150[","[100,200[","[0,250[","[0,500[","[0,3000[","[0,3000[",*
113,"[100,150[","[100,200[","[0,250[","[0,500[","[0,3000[","[0,3000[",*
114,"[100,150[","[100,200[","[0,250[","[0,500[","[0,3000[","[0,3000[",*
115,"[100,150[","[100,200[","[0,250[","[0,500[","[0,3000[","[0,3000[",*
116,"[100,150[","[100,200[","[0,250[","[0,500[","[0,3000[","[0,3000[",*
117,"[100,150[","[100,200[","[0,250[","[0,500[","[0,3000[","[0,3000[",*
118,"[100,150[","[100,200[","[0,250[","[0,500[","[0,3000[","[0,3000[",*
119,"[100,150[","[100,200[","[0,250[","[0,500[","[0,3000[","[0,3000[",*
120,"[100,150[","[100,200[","[0,250[","[0,500[","[0,3000[","[0,3000[",*
121,"[100,150[","[100,200[","[0,250[","[0,500[","[0,3000[","[0,3000[",*
122,"[100,150[","[100,200[","[0,250[","[0,500[","[0,3000[","[0,3000[",*
123,"[100,150[","[100,200[","[0,250[","[0,500[","[0,3000[","[0,3000[",*
124,"[100,150[","[100,200[","[0,250[","[0,500[","[0,3000[","[0,3000[",*
125,"[100,150[","[100,200[","[0,250[","[0,500[","[0,3000[","[0,3000[",*
126,"[100,150[","[100,200[","[0,250[","[0,500[","[0,3000[","[0,3000[",*
127,"[100,150[","[100,200[","[0,250[","[0,500[","[0,3000[","[0,3000[",*
128,"[100,150[","[100,200[","[0,250[","[0,500[","[0,3000[","[0,3000[",*
129,"[100,150[","[100,200[","[0,250[","[0,500[","[0,3000[","[0,3000[",*
130,"[100,150[","[100,200[","[0,250[","[0,500[","[0,3000[","[0,3000[",*
131,"[100,150[","[100,200[","[0,250[","[0,500[","[0,3000[","[0,3000[",*
132,"[100,150[","[100,200[","[0,250[","[0,500[","[0,3000[","[0,3000[",*
133,"[100,150[","[100,200[","[0,250[","[0,500[","[0,3000[","[0,3000[",*
134,"[100,150[","[100,200[","[0,250[","[0,500[","[0,3000[","[0,3000[",*
135,"[100,150[","[100,200[","[0,250[","[0,500[","[0,3000[","[0,3000[",*
136,"[100,150[","[100,200[","[0,250[","[0,500[","[0,3000[","[0,3000[",*
137,"[100,150[","[100,200[","[0,250[","[0,500[","[0,3000[","[0,3000[",*
138,"[100,150[","[100,200[","[0,250[","[0,500[","[0,3000[","[0,3000[",*
139,"[100,150[","[100,200[","[0,250[","[0,500[","[0,3000[","[0,3000[",*
140,"[100,150[","[100,200[","[0,250[","[0,500[","[0,3000[","[0,3000[",*
141,"[100,150[","[100,200[","[0,250[","[0,500[","[0,3000[","[0,3000[",*
142,"[100,150[","[100,200[","[0,250[","[0,500[","[0,3000[","[0,3000[",*
143,"[100,150[","[100,200[","[0,250[","[0,500[","[0,3000[","[0,3000[",*
144,"[100,150[","[100,200[","[0,250[","[0,500[","[0,3000[","[0,3000[",*
145,"[100,150[","[100,200[","[0,250[","[0,500[","[0,3000[","[0,3000[",*
146,"[100,150[","[100,200[","[0,250[","[0,500[","[0,3000[","[0,3000[",*
147,"[100,150[","[100,200[","[0,250[","[0,500[","[0,3000[","[0,3000[",*
148,"[100,150[","[100,200[","[0,250[","[0,500[","[0,3000[","[0,3000[",*
149,"[100,150[","[100,200[","[0,250[","[0,500[","[0,3000[","[0,3000[",*
150,"[150,200[","[100,200[","[0,250[","[0,500[","[0,3000[","[0,3000[",*
151,"[150,200[","[100,200[","[0,250[","[0,500[","[0,3000[","[0,3000[",*
152,"[150,200[","[100,200[","[0,250[","[0,500[","[0,3000[","[0,3000[",*
153,"[150,200[","[100,200[","[0,250[","[0,500[","[0,3000[","[0,3000[",*
154,"[150,200[","[100,200[","[0,250[","[0,500[","[0,3000[","[0,3000[",*
155,"[150,200[","[100,200[","[0,250[","[0,500[","[0,3000[","[0,3000[",*
156,"[150,200[","[100,200[","[0,250[","[0,500[","[0,3000[","[0,3000[",*
157,"[150,200[","[100,200[","[0,250[","[0,500[","[0,3000[","[0,3000[",*
158,"[150,200[","[100,200[","[0,250[","[0,500[","[0,3000[","[0,3000[",*
159,"[150,200[","[100,200[","[0,250[","[0,500[","[0,3000[","[0,3000[",*
160,"[150,200[","[100,200[","[0,250[","[0,500[","[0,3000[","[0,3000[",*
161,"[150,200[","[100,200[","[0,250[","[0,500[","[0,3000[","[0,3000[",*
162,"[150,200[","[100,200[","[0,250[","[0,500[","[0,3000[","[0,3000[",*
163,"[150,200[","[100,200[","[0,250[","[0,500[","[0,3000[","[0,3000[",*
164,"[150,200[","[100,200[","[0,250[","[0,500[","[0,3000[","[0,3000[",*
165,"[150,200[","[100,200[","[0,250[","[0,500[","[0,3000[","[0,3000[",*
166,"[150,200[","[100,200[","[0,250[","[0,500[","[0,3000[","[0,3000[",*
167,"[150,200[","[100,200[","[0,250[","[0,500[","[0,3000[","[0,3000[",*
168,"[150,200[","[100,200[","[0,250[","[0,500[","[0,3000[","[0,3000[",*
169,"[150,200[","[100,200[","[0,250[","[0,500[","[0,3000[","[0,3000[",*
170,"[150,200[","[100,200[","[0,250[","[0,500[","[0,3000[","[0,3000[",*
171,"[150,200[","[100,200[","[0,250[","[0,500[","[0,3000[","[0,3000[",*
172,"[150,200[","[100,200[","[0,250[","[0,500[","[0,3000[","[0,3000[",*
173,"[150,200[","[100,200[","[0,250[","[0,500[","[0,3000[","[0,3000[",*
174,"[150,200[","[100,200[","[0,250[","[0,500[","[0,3000[","[0,3000[",*
175,"[150,200[","[100,200[","[0,250[","[0,500[","[0,3000[","[0,3000[",*
176,"[150,200[","[100,200[","[0,250[","[0,500[","[0,3000[","[0,3000[",*
177,"[150,200[","[100,200[","[0,250[","[0,500[","[0,3000[","[0,3000[",*
178,"[150,200[","[100,200[","[0,250[","[0,500[","[0,3000[","[0,3000[",*
179,"[150,200[","[100,200[","[0,250[","[0,500[","[0,3000[","[0,3000[",*
180,"[150,200[","[100,200[","[0,250[","[0,500[","[0,3000[","[0,3000[",*
181,"[150,200[","[100,200[","[0,250[","[0,500[","[0,3000[","[0,3000[",*
182,"[150,200[","[100,200[","[0,250[","[0,500[","[0,3000[","[0,3000[",*
183,"[150,200[","[100,200[","[0,250[","[0,500[","[0,3000[","[0,3000[",*
184,"[150,200[","[100,200[","[0,250[","[0,500[","[0,3000[","[0,3000[",*
185,"[150,200[","[100,200[","[0,250[","[0,500[","[0,3000[","[0,3000[",*
186,"[150,200[","[100,200[","[0,250[","[0,500[","[0,3000[","[0,3000[",*
187,"[150,200[","[100,200[","[0,250[","[0,500[","[0,3000[","[0,3000[",*
188,"[150,200[","[100,200[","[0,250[","[0,500[","[0,3000[","[0,3000[",*
189,"[150,200[","[100,200[","[0,250[","[0,500[","[0,3000[","[0,3000[",*
190,"[150,200[","[100,200[","[0,250[","[0,500[","[0,3000[","[0,3000[",*
191,"[150,200[","[100,200[","[0,250[","[0,500[","[0,3000[","[0,3000[",*
192,"[150,200[","[100,200[","[0,250[","[0,500[","[0,3000[","[0,3000[",*
193,"[150,200[","[100,200[","[0,250[","[0,500[","[0,3000[","[0,3000[",*
194,"[150,200[","[100,200[","[0,250[","[0,500[","[0,3000[","[0,3000[",*
195,"[150,200[","[100,200[","[0,250[","[0,500[","[0,3000[","[0,3000[",*
196,"[150,200[","[100,200[","[0,250[","[0,500[","[0,3000[","[0,3000[",*
197,"[150,200[","[100,200[","[0,250[","[0,500[","[0,3000[","[0,3000[",*
198,"[150,200[","[100,200[","[0,250[","[0,500[","[0,3000[","[0,3000[",*
199,"[150,200[","[100,200[","[0,250[","[0,500[","[0,3000[","[0,3000[",*
200,"[200,250[","[200,300[","[0,250[","[0,500[","[0,3000[","[0,3000[",*
201,"[200,250[","[200,300[","[0,250[","[0,500[","[0,3000[","[0,3000[",*
202,"[200,250[","[200,300[","[0,250[","[0,500[","[0,3000[","[0,3000[",*
203,"[200,250[","[200,300[","[0,250[","[0,500[","[0,3000[","[0,3000[",*
204,"[200,250[","[200,300[","[0,250[","[0,500[","[0,3000[","[0,3000[",*
205,"[200,250[","[200,300[","[0,250[","[0,500[","[0,3000[","[0,3000[",*
206,"[200,250[","[200,300[","[0,250[","[0,500[","[0,3000[","[0,3000[",*
207,"[200,250[","[200,300[","[0,250[","[0,500[","[0,3000[","[0,3000[",*
208,"[200,250[","[200,300[","[0,250[","[0,500[","[0,3000[","[0,3000[",*
209,"[200,250[","[200,300[","[0,250[","[0,500[","[0,3000[","[0,3000[",*
210,"[200,250[","[200,300[","[0,250[","[0,500[","[0,3000[","[0,3000[",*
211,"[200,250[","[200,300[","[0,250[","[0,500[","[0,3000[","[0,3000[",*
212,"[200,250[","[200,300[","[0,250[","[0,500[","[0,3000[","[0,3000[",*
213,"[200,250[","[200,300[","[0,250[","[0,500[","[0,3000[","[0,3000[",*
214,"[200,250[","[200,300[","[0,250[","[0,500[","[0,3000[","[0,3000[",*
215,"[200,250[","[200,300[","[0,250[","[0,500[","[0,3000[","[0,3000[",*
216,"[200,250[","[200,300[","[0,250[","[0,500[","[0,3000[","[0,3000[",*
217,"[200,250[","[200,300[","[0,250[","[0,500[","[0,3000[","[0,3000[",*
218,"[200,250[","[200,300[","[0,250[","[0,500[","[0,3000[","[0,3000[",*
219,"[200,250[","[200,300[","[0,250[","[0,500[","[0,3000[","[0,3000[",*
220,"[200,250[","[200,300[","[0,250[","[0,500[","[0,3000[","[0,3000[",*
221,"[200,250[","[200,300[","[0,250[","[0,500[","[0,3000[","[0,3000[",*
222,"[200,250[","[200,300[","[0,250[","[0,500[","[0,3000[","[0,3000[",*
223,"[200,250[","[200,300[","[0,250[","[0,500[","[0,3000[","[0,3000[",*
224,"[200,250[","[200,300[","[0,250[","[0,500[","[0,3000[","[0,3000[",*
225,"[200,250[","[200,300[","[0,250[","[0,500[","[0,3000[","[0,3000[",*
226,"[200,250[","[200,300[","[0,250[","[0,500[","[0,3000[","[0,3000[",*
227,"[200,250[","[200,300[","[0,250[","[0,500[","[0,3000[","[0,3000[",*
228,"[200,250[","[200,300[","[0,250[","[0,500[","[0,3000[","[0,3000[",*
229,"[200,250[","[200,300[","[0,250[","[0,500[","[0,3000[","[0,3000[",*
230,"[200,250[","[200,300[","[0,250[","[0,500[","[0,3000[","[0,3000[",*
231,"[200,250[","[200,300[","[0,250[","[0,500[","[0,3000[","[0,3000[",*
232,"[200,250[","[200,300[","[0,250[","[0,500[","[0,3000[","[0,3000[",*
233,"[200,250[","[200,300[","[0,250[","[0,500[","[0,3000[","[0,3000[",*
234,"[200,250[","[200,300[","[0,250[","[0,500[","[0,3000[","[0,3000[",*
235,"[200,250[","[200,300[","[0,250[","[0,500[","[0,3000[","[0,3000[",*
236,"[200,250[","[200,300[","[0,250[","[0,500[","[0,3000[","[0,3000[",*
237,"[200,250[","[200,300[","[0,250[","[0,500[","[0,3000[","[0,3000[",*
238,"[200,250[","[200,300[","[0,250[","[0,500[","[0,3000[","[0,3000[",*
239,"[200,250[","[200,300[","[0,250[","[0,500[","[0,3000[","[0,3000[",*
240,"[200,250[","[200,300[","[0,250[","[0,500[","[0,3000[","[0,3000[",*
241,"[200,250[","[200,300[","[0,250[","[0,500[","[0,3000[","[0,3000[",*
242,"[200,250[","[200,300[","[0,250[","[0,500[","[0,3000[","[0,3000[",*
243,"[200,250[","[200,300[","[0,250[","[0,500[","[0,3000[","[0,3000[",*
244,"[200,250[","[200,300[","[0,250[","[0,500[","[0,3000[","[0,3000[",*
245,"[200,250[","[200,300[","[0,250[","[0,500[","[0,3000[","[0,3000[",*
246,"[200,250[","[200,300[","[0,250[","[0,500[","[0,3000[","[0,3000[",*
247,"[200,250[","[200,300[","[0,250[","[0,500[","[0,3000[","[0,3000[",*
248,"[200,250[","[200,300[","[0,250[","[0,500[","[0,3000[","[0,3000[",*
249,"[200,250[","[200,300[","[0,250[","[0,500[","[0,3000[","[0,3000[",*
250,"[250,300[","[200,300[","[250,500[","[0,500[","[0,3000[","[0,3000[",*
251,"[250,300[","[200,300[","[250,500[","[0,500[","[0,3000[","[0,3000[",*
252,"[250,300[","[200,300[","[250,500[","[0,500[","[0,3000[","[0,3000[",*
253,"[250,300[","[200,300[","[250,500[","[0,500[","[0,3000[","[0,3000[",*
254,"[250,300[","[200,300[","[250,500[","[0,500[","[0,3000[","[0,3000[",*
255,"[250,300[","[200,300[","[250,500[","[0,500[","[0,3000[","[0,3000[",*
256,"[250,300[","[200,300[","[250,500[","[0,500[","[0,3000[","[0,3000[",*
257,"[250,300[","[200,300[","[250,500[","[0,500[","[0,3000[","[0,3000[",*
258,"[250,300[","[200,300[","[250,500[","[0,500[","[0,3000[","[0,3000[",*
259,"[250,300[","[200,300[","[250,500[","[0,500[","[0,3000[","[0,3000[",*
260,"[250,300[","[200,300[","[250,500[","[0,500[","[0,3000[","[0,3000[",*
261,"[250,300[","[200,300[","[250,500[","[0,500[","[0,3000[","[0,3000[",*
262,"[250,300[","[200,300[","[250,500[","[0,500[","[0,3000[","[0,3000[",*
263,"[250,300[","[200,300[","[250,500[","[0,500[","[0,3000[","[0,3000[",*
264,"[250,300[","[200,300[","[250,500[","[0,500[","[0,3000[","[0,3000[",*
265,"[250,300[","[200,300[","[250,500[","[0,500[","[0,3000[","[0,3000[",*
266,"[250,300[","[200,300[","[250,500[","[0,500[","[0,3000[","[0,3000[",*
267,"[250,300[","[200,300[","[250,500[","[0,500[","[0,3000[","[0,3000[",*
268,"[250,300[","[200,300[","[250,500[","[0,500[","[0,3000[","[0,3000[",*
269,"[250,300[","[200,300[","[250,500[","[0,500[","[0,3000[","[0,3000[",*
270,"[250,300[","[200,300[","[250,500[","[0,500[","[0,3000[","[0,3000[",*
271,"[250,300[","[200,300[","[250,500[","[0,500[","[0,3000[","[0,3000[",*
272,"[250,300[","[200,300[","[250,500[","[0,500[","[0,3000[","[0,3000[",*
273,"[250,300[","[200,300[","[250,500[","[0,500[","[0,3000[","[0,3000[",*
274,"[250,300[","[200,300[","[250,500[","[0,500[","[0,3000[","[0,3000[",*
275,"[250,300[","[200,300[","[250,500[","[0,500[","[0,3000[","[0,3000[",*
276,"[250,300[","[200,300[","[250,500[","[0,500[","[0,3000[","[0,3000[",*
277,"[250,300[","[200,300[","[250,500[","[0,500[","[0,3000[","[0,3000[",*
278,"[250,300[","[200,300[","[250,500[","[0,500[","[0,3000[","[0,3000[",*
279,"[250,300[","[200,300[","[250,500[","[0,500[","[0,3000[","[0,3000[",*
280,"[250,300[","[200,300[","[250,500[","[0,500[","[0,3000[","[0,3000[",*
281,"[250,300[","[200,300[","[250,500[","[0,500[","[0,3000[","[0,3000[",*
282,"[250,300[","[200,300[","[250,500[","[0,500[","[0,3000[","[0,3000[",*
283,"[250,300[","[200,300[","[250,500[","[0,500[","[0,3000[","[0,3000[",*
284,"[250,300[","[200,300[","[250,500[","[0,500[","[0,3000[","[0,3000[",*
285,"[250,300[","[200,300[","[250,500[","[0,500[","[0,3000[","[0,3000[",*
286,"[250,300[","[200,300[","[250,500[","[0,500[","[0,3000[","[0,3000[",*
287,"[250,300[","[200,300[","[250,500[","[0,500[","[0,3000[","[0,3000[",*
288,"[250,300[","[200,300[","[250,500[","[0,500[","[0,3000[","[0,3000[",*
289,"[250,300[","[200,300[","[250,500[","[0,500[","[0,3000[","[0,3000[",*
290,"[250,300[","[200,300[","[250,500[","[0,500[","[0,3000[","[0,3000[",*
291,"[250,300[","[200,300[","[250,500[","[0,500[","[0,3000[","[0,3000[",*
292,"[250,300[","[200,300[","[250,500[","[0,500[","[0,3000[","[0,3000[",*
293,"[250,300[","[200,300[","[250,500[","[0,500[","[0,3000[","[0,3000[",*
294,"[250,300[","[200,300[","[250,500[","[0,500[","[0,3000[","[0,3000[",*
295,"[250,300[","[200,300[","[250,500[","[0,500[","[0,3000[","[0,3000[",*
296,"[250,300[","[200,300[","[250,500[","[0,500[","[0,3000[","[0,3000[",*
297,"[250,300[","[200,300[","[250,500[","[0,500[","[0,3000[","[0,3000[",*
298,"[250,300[","[200,300[","[250,500[","[0,500[","[0,3000[","[0,3000[",*
299,"[250,300[","[200,300[","[250,500[","[0,500[","[0,3000[","[0,3000[",*
300,"[300,350[","[300,400[","[250,500[","[0,500[","[0,3000[","[0,3000[",*
301,"[300,350[","[300,400[","[250,500[","[0,500[","[0,3000[","[0,3000[",*
302,"[300,350[","[300,400[","[250,500[","[0,500[","[0,3000[","[0,3000[",*
303,"[300,350[","[300,400[","[250,500[","[0,500[","[0,3000[","[0,3000[",*
304,"[300,350[","[300,400[","[250,500[","[0,500[","[0,3000[","[0,3000[",*
305,"[300,350[","[300,400[","[250,500[","[0,500[","[0,3000[","[0,3000[",*
306,"[300,350[","[300,400[","[250,500[","[0,500[","[0,3000[","[0,3000[",*
307,"[300,350[","[300,400[","[250,500[","[0,500[","[0,3000[","[0,3000[",*
308,"[300,350[","[300,400[","[250,500[","[0,500[","[0,3000[","[0,3000[",*
309,"[300,350[","[300,400[","[250,500[","[0,500[","[0,3000[","[0,3000[",*
310,"[300,350[","[300,400[","[250,500[","[0,500[","[0,3000[","[0,3000[",*
311,"[300,350[","[300,400[","[250,500[","[0,500[","[0,3000[","[0,3000[",*
312,"[300,350[","[300,400[","[250,500[","[0,500[","[0,3000[","[0,3000[",*
313,"[300,350[","[300,400[","[250,500[","[0,500[","[0,3000[","[0,3000[",*
314,"[300,350[","[300,400[","[250,500[","[0,500[","[0,3000[","[0,3000[",*
315,"[300,350[","[300,400[","[250,500[","[0,500[","[0,3000[","[0,3000[",*
316,"[300,350[","[300,400[","[250,500[","[0,500[","[0,3000[","[0,3000[",*
317,"[300,350[","[300,400[","[250,500[","[0,500[","[0,3000[","[0,3000[",*
318,"[300,350[","[300,400[","[250,500[","[0,500[","[0,3000[","[0,3000[",*
319,"[300,350[","[300,400[","[250,500[","[0,500[","[0,3000[","[0,3000[",*
320,"[300,350[","[300,400[","[250,500[","[0,500[","[0,3000[","[0,3000[",*
321,"[300,350[","[300,400[","[250,500[","[0,500[","[0,3000[","[0,3000[",*
322,"[300,350[","[300,400[","[250,500[","[0,500[","[0,3000[","[0,3000[",*
323,"[300,350[","[300,400[","[250,500[","[0,500[","[0,3000[","[0,3000[",*
324,"[300,350[","[300,400[","[250,500[","[0,500[","[0,3000[","[0,3000[",*
325,"[300,350[","[300,400[","[250,500[","[0,500[","[0,3000[","[0,3000[",*
326,"[300,350[","[300,400[","[250,500[","[0,500[","[0,3000[","[0,3000[",*
327,"[300,350[","[300,400[","[250,500[","[0,500[","[0,3000[","[0,3000[",*
328,"[300,350[","[300,400[","[250,500[","[0,500[","[0,3000[","[0,3000[",*
329,"[300,350[","[300,400[","[250,500[","[0,500[","[0,3000[","[0,3000[",*
330,"[300,350[","[300,400[","[250,500[","[0,500[","[0,3000[","[0,3000[",*
331,"[300,350[","[300,400[","[250,500[","[0,500[","[0,3000[","[0,3000[",*
332,"[300,350[","[300,400[","[250,500[","[0,500[","[0,3000[","[0,3000[",*
333,"[300,350[","[300,400[","[250,500[","[0,500[","[0,3000[","[0,3000[",*
334,"[300,350[","[300,400[","[250,500[","[0,500[","[0,3000[","[0,3000[",*
335,"[300,350[","[300,400[","[250,500[","[0,500[","[0,3000[","[0,3000[",*
336,"[300,350[","[300,400[","[250,500[","[0,500[","[0,3000[","[0,3000[",*
337,"[300,350[","[300,400[","[250,500[","[0,500[","[0,3000[","[0,3000[",*
338,"[300,350[","[300,400[","[250,500[","[0,500[","[0,3000[","[0,3000[",*
339,"[300,350[","[300,400[","[250,500[","[0,500[","[0,3000[","[0,3000[",*
340,"[300,350[","[300,400[","[250,500[","[0,500[","[0,3000[","[0,3000[",*
341,"[300,350[","[300,400[","[250,500[","[0,500[","[0,3000[","[0,3000[",*
342,"[300,350[","[300,400[","[250,500[","[0,500[","[0,3000[","[0,3000[",*
343,"[300,350[","[300,400[","[250,500[","[0,500[","[0,3000[","[0,3000[",*
344,"[300,350[","[300,400[","[250,500[","[0,500[","[0,3000[","[0,3000[",*
345,"[300,350[","[300,400[","[250,500[","[0,500[","[0,3000[","[0,3000[",*
346,"[300,350[","[300,400[","[250,500[","[0,500[","[0,3000[","[0,3000[",*
347,"[300,350[","[300,400[","[250,500[","[0,500[","[0,3000[","[0,3000[",*
348,"[300,350[","[300,400[","[250,500[","[0,500[","[0,3000[","[0,3000[",*
349,"[300,350[","[300,400[","[250,500[","[0,500[","[0,3000[","[0,3000[",*
350,"[350,400[","[300,400[","[250,500[","[0,500[","[0,3000[","[0,3000[",*
351,"[350,400[","[300,400[","[250,500[","[0,500[","[0,3000[","[0,3000[",*
352,"[350,400[","[300,400[","[250,500[","[0,500[","[0,3000[","[0,3000[",*
353,"[350,400[","[300,400[","[250,500[","[0,500[","[0,3000[","[0,3000[",*
354,"[350,400[","[300,400[","[250,500[","[0,500[","[0,3000[","[0,3000[",*
355,"[350,400[","[300,400[","[250,500[","[0,500[","[0,3000[","[0,3000[",*
356,"[350,400[","[300,400[","[250,500[","[0,500[","[0,3000[","[0,3000[",*
357,"[350,400[","[300,400[","[250,500[","[0,500[","[0,3000[","[0,3000[",*
358,"[350,400[","[300,400[","[250,500[","[0,500[","[0,3000[","[0,3000[",*
359,"[350,400[","[300,400[","[250,500[","[0,500[","[0,3000[","[0,3000[",*
360,"[350,400[","[300,400[","[250,500[","[0,500[","[0,3000[","[0,3000[",*
361,"[350,400[","[300,400[","[250,500[","[0,500[","[0,3000[","[0,3000[",*
362,"[350,400[","[300,400[","[250,500[","[0,500[","[0,3000[","[0,3000[",*
363,"[350,400[","[300,400[","[250,500[","[0,500[","[0,3000[","[0,3000[",*
364,"[350,400[","[300,400[","[250,500[","[0,500[","[0,3000[","[0,3000[",*
365,"[350,400[","[300,400[","[250,500[","[0,500[","[0,3000[","[0,3000[",*
366,"[350,400[","[300,400[","[250,500[","[0,500[","[0,3000[","[0,3000[",*
367,"[350,400[","[300,400[","[250,500[","[0,500[","[0,3000[","[0,3000[",*
368,"[350,400[","[300,400[","[250,500[","[0,500[","[0,3000[","[0,3000[",*
369,"[350,400[","[300,400[","[250,500[","[0,500[","[0,3000[","[0,3000[",*
370,"[350,400[","[300,400[","[250,500[","[0,500[","[0,3000[","[0,3000[",*
371,"[350,400[","[300,400[","[250,500[","[0,500[","[0,3000[","[0,3000[",*
372,"[350,400[","[300,400[","[250,500[","[0,500[","[0,3000[","[0,3000[",*
373,"[350,400[","[300,400[","[250,500[","[0,500[","[0,3000[","[0,3000[",*
374,"[350,400[","[300,400[","[250,500[","[0,500[","[0,3000[","[0,3000[",*
375,"[350,400[","[300,400[","[250,500[","[0,500[","[0,3000[","[0,3000[",*
376,"[350,400[","[300,400[","[250,500[","[0,500[","[0,3000[","[0,3000[",*
377,"[350,400[","[300,400[","[250,500[","[0,500[","[0,3000[","[0,3000[",*
378,"[350,400[","[300,400[","[250,500[","[0,500[","[0,3000[","[0,3000[",*
379,"[350,400[","[300,400[","[250,500[","[0,500[","[0,3000[","[0,3000[",*
380,"[350,400[","[300,400[","[250,500[","[0,500[","[0,3000[","[0,3000[",*
381,"[350,400[","[300,400[","[250,500[","[0,500[","[0,3000[","[0,3000[",*
382,"[350,400[","[300,400[","[250,500[","[0,500[","[0,3000[","[0,3000[",*
383,"[350,400[","[300,400[","[250,500[","[0,500[","[0,3000[","[0,3000[",*
384,"[350,400[","[300,400[","[250,500[","[0,500[","[0,3000[","[0,3000[",*
385,"[350,400[","[300,400[","[250,500[","[0,500[","[0,3000[","[0,3000[",*
386,"[350,400[","[300,400[","[250,500[","[0,500[","[0,3000[","[0,3000[",*
387,"[350,400[","[300,400[","[250,500[","[0,500[","[0,3000[","[0,3000[",*
388,"[350,400[","[300,400[","[250,500[","[0,500[","[0,3000[","[0,3000[",*
389,"[350,400[","[300,400[","[250,500[","[0,500[","[0,3000[","[0,3000[",*
390,"[350,400[","[300,400[","[250,500[","[0,500[","[0,3000[","[0,3000[",*
391,"[350,400[","[300,400[","[250,500[","[0,500[","[0,3000[","[0,3000[",*
392,"[350,400[","[300,400[","[250,500[","[0,500[","[0,3000[","[0,3000[",*
393,"[350,400[","[300,400[","[250,500[","[0,500[","[0,3000[","[0,3000[",*
394,"[350,400[","[300,400[","[250,500[","[0,500[","[0,3000[","[0,3000[",*
395,"[350,400[","[300,400[","[250,500[","[0,500[","[0,3000[","[0,3000[",*
396,"[350,400[","[300,400[","[250,500[","[0,500[","[0,3000[","[0,3000[",*
397,"[350,400[","[300,400[","[250,500[","[0,500[","[0,3000[","[0,3000[",*
398,"[350,400[","[300,400[","[250,500[","[0,500[","[0,3000[","[0,3000[",*
399,"[350,400[","[300,400[","[250,500[","[0,500[","[0,3000[","[0,3000[",*
400,"[400,450[","[400,500[","[250,500[","[0,500[","[0,3000[","[0,3000[",*
401,"[400,450[","[400,500[","[250,500[","[0,500[","[0,3000[","[0,3000[",*
402,"[400,450[","[400,500[","[250,500[","[0,500[","[0,3000[","[0,3000[",*
403,"[400,450[","[400,500[","[250,500[","[0,500[","[0,3000[","[0,3000[",*
404,"[400,450[","[400,500[","[250,500[","[0,500[","[0,3000[","[0,3000[",*
405,"[400,450[","[400,500[","[250,500[","[0,500[","[0,3000[","[0,3000[",*
406,"[400,450[","[400,500[","[250,500[","[0,500[","[0,3000[","[0,3000[",*
407,"[400,450[","[400,500[","[250,500[","[0,500[","[0,3000[","[0,3000[",*
408,"[400,450[","[400,500[","[250,500[","[0,500[","[0,3000[","[0,3000[",*
409,"[400,450[","[400,500[","[250,500[","[0,500[","[0,3000[","[0,3000[",*
410,"[400,450[","[400,500[","[250,500[","[0,500[","[0,3000[","[0,3000[",*
411,"[400,450[","[400,500[","[250,500[","[0,500[","[0,3000[","[0,3000[",*
412,"[400,450[","[400,500[","[250,500[","[0,500[","[0,3000[","[0,3000[",*
413,"[400,450[","[400,500[","[250,500[","[0,500[","[0,3000[","[0,3000[",*
414,"[400,450[","[400,500[","[250,500[","[0,500[","[0,3000[","[0,3000[",*
415,"[400,450[","[400,500[","[250,500[","[0,500[","[0,3000[","[0,3000[",*
416,"[400,450[","[400,500[","[250,500[","[0,500[","[0,3000[","[0,3000[",*
417,"[400,450[","[400,500[","[250,500[","[0,500[","[0,3000[","[0,3000[",*
418,"[400,450[","[400,500[","[250,500[","[0,500[","[0,3000[","[0,3000[",*
419,"[400,450[","[400,500[","[250,500[","[0,500[","[0,3000[","[0,3000[",*
420,"[400,450[","[400,500[","[250,500[","[0,500[","[0,3000[","[0,3000[",*
421,"[400,450[","[400,500[","[250,500[","[0,500[","[0,3000[","[0,3000[",*
422,"[400,450[","[400,500[","[250,500[","[0,500[","[0,3000[","[0,3000[",*
423,"[400,450[","[400,500[","[250,500[","[0,500[","[0,3000[","[0,3000[",*
424,"[400,450[","[400,500[","[250,500[","[0,500[","[0,3000[","[0,3000[",*
425,"[400,450[","[400,500[","[250,500[","[0,500[","[0,3000[","[0,3000[",*
426,"[400,450[","[400,500[","[250,500[","[0,500[","[0,3000[","[0,3000[",*
427,"[400,450[","[400,500[","[250,500[","[0,500[","[0,3000[","[0,3000[",*
428,"[400,450[","[400,500[","[250,500[","[0,500[","[0,3000[","[0,3000[",*
429,"[400,450[","[400,500[","[250,500[","[0,500[","[0,3000[","[0,3000[",*
430,"[400,450[","[400,500[","[250,500[","[0,500[","[0,3000[","[0,3000[",*
431,"[400,450[","[400,500[","[250,500[","[0,500[","[0,3000[","[0,3000[",*
432,"[400,450[","[400,500[","[250,500[","[0,500[","[0,3000[","[0,3000[",*
433,"[400,450[","[400,500[","[250,500[","[0,500[","[0,3000[","[0,3000[",*
434,"[400,450[","[400,500[","[250,500[","[0,500[","[0,3000[","[0,3000[",*
435,"[400,450[","[400,500[","[250,500[","[0,500[","[0,3000[","[0,3000[",*
436,"[400,450[","[400,500[","[250,500[","[0,500[","[0,3000[","[0,3000[",*
437,"[400,450[","[400,500[","[250,500[","[0,500[","[0,3000[","[0,3000[",*
438,"[400,450[","[400,500[","[250,500[","[0,500[","[0,3000[","[0,3000[",*
439,"[400,450[","[400,500[","[250,500[","[0,500[","[0,3000[","[0,3000[",*
440,"[400,450[","[400,500[","[250,500[","[0,500[","[0,3000[","[0,3000[",*
441,"[400,450[","[400,500[","[250,500[","[0,500[","[0,3000[","[0,3000[",*
442,"[400,450[","[400,500[","[250,500[","[0,500[","[0,3000[","[0,3000[",*
443,"[400,450[","[400,500[","[250,500[","[0,500[","[0,3000[","[0,3000[",*
444,"[400,450[","[400,500[","[250,500[","[0,500[","[0,3000[","[0,3000[",*
445,"[400,450[","[400,500[","[250,500[","[0,500[","[0,3000[","[0,3000[",*
446,"[400,450[","[400,500[","[250,500[","[0,500[","[0,3000[","[0,3000[",*
447,"[400,450[","[400,500[","[250,500[","[0,500[","[0,3000[","[0,3000[",*
448,"[400,450[","[400,500[","[250,500[","[0,500[","[0,3000[","[0,3000[",*
449,"[400,450[","[400,500[","[250,500[","[0,500[","[0,3000[","[0,3000[",*
450,"[450,500[","[400,500[","[250,500[","[0,500[","[0,3000[","[0,3000[",*
451,"[450,500[","[400,500[","[250,500[","[0,500[","[0,3000[","[0,3000[",*
452,"[450,500[","[400,500[","[250,500[","[0,500[","[0,3000[","[0,3000[",*
453,"[450,500[","[400,500[","[250,500[","[0,500[","[0,3000[","[0,3000[",*
454,"[450,500[","[400,500[","[250,500[","[0,500[","[0,3000[","[0,3000[",*
455,"[450,500[","[400,500[","[250,500[","[0,500[","[0,3000[","[0,3000[",*
456,"[450,500[","[400,500[","[250,500[","[0,500[","[0,3000[","[0,3000[",*
457,"[450,500[","[400,500[","[250,500[","[0,500[","[0,3000[","[0,3000[",*
458,"[450,500[","[400,500[","[250,500[","[0,500[","[0,3000[","[0,3000[",*
459,"[450,500[","[400,500[","[250,500[","[0,500[","[0,3000[","[0,3000[",*
460,"[450,500[","[400,500[","[250,500[","[0,500[","[0,3000[","[0,3000[",*
461,"[450,500[","[400,500[","[250,500[","[0,500[","[0,3000[","[0,3000[",*
462,"[450,500[","[400,500[","[250,500[","[0,500[","[0,3000[","[0,3000[",*
463,"[450,500[","[400,500[","[250,500[","[0,500[","[0,3000[","[0,3000[",*
464,"[450,500[","[400,500[","[250,500[","[0,500[","[0,3000[","[0,3000[",*
465,"[450,500[","[400,500[","[250,500[","[0,500[","[0,3000[","[0,3000[",*
466,"[450,500[","[400,500[","[250,500[","[0,500[","[0,3000[","[0,3000[",*
467,"[450,500[","[400,500[","[250,500[","[0,500[","[0,3000[","[0,3000[",*
468,"[450,500[","[400,500[","[250,500[","[0,500[","[0,3000[","[0,3000[",*
469,"[450,500[","[400,500[","[250,500[","[0,500[","[0,3000[","[0,3000[",*
470,"[450,500[","[400,500[","[250,500[","[0,500[","[0,3000[","[0,3000[",*
471,"[450,500[","[400,500[","[250,500[","[0,500[","[0,3000[","[0,3000[",*
472,"[450,500[","[400,500[","[250,500[","[0,500[","[0,3000[","[0,3000[",*
473,"[450,500[","[400,500[","[250,500[","[0,500[","[0,3000[","[0,3000[",*
474,"[450,500[","[400,500[","[250,500[","[0,500[","[0,3000[","[0,3000[",*
475,"[450,500[","[400,500[","[250,500[","[0,500[","[0,3000[","[0,3000[",*
476,"[450,500[","[400,500[","[250,500[","[0,500[","[0,3000[","[0,3000[",*
477,"[450,500[","[400,500[","[250,500[","[0,500[","[0,3000[","[0,3000[",*
478,"[450,500[","[400,500[","[250,500[","[0,500[","[0,3000[","[0,3000[",*
479,"[450,500[","[400,500[","[250,500[","[0,500[","[0,3000[","[0,3000[",*
480,"[450,500[","[400,500[","[250,500[","[0,500[","[0,3000[","[0,3000[",*
481,"[450,500[","[400,500[","[250,500[","[0,500[","[0,3000[","[0,3000[",*
482,"[450,500[","[400,500[","[250,500[","[0,500[","[0,3000[","[0,3000[",*
483,"[450,500[","[400,500[","[250,500[","[0,500[","[0,3000[","[0,3000[",*
484,"[450,500[","[400,500[","[250,500[","[0,500[","[0,3000[","[0,3000[",*
485,"[450,500[","[400,500[","[250,500[","[0,500[","[0,3000[","[0,3000[",*
486,"[450,500[","[400,500[","[250,500[","[0,500[","[0,3000[","[0,3000[",*
487,"[450,500[","[400,500[","[250,500[","[0,500[","[0,3000[","[0,3000[",*
488,"[450,500[","[400,500[","[250,500[","[0,500[","[0,3000[","[0,3000[",*
489,"[450,500[","[400,500[","[250,500[","[0,500[","[0,3000[","[0,3000[",*
490,"[450,500[","[400,500[","[250,500[","[0,500[","[0,3000[","[0,3000[",*
491,"[450,500[","[400,500[","[250,500[","[0,500[","[0,3000[","[0,3000[",*
492,"[450,500[","[400,500[","[250,500[","[0,500[","[0,3000[","[0,3000[",*
493,"[450,500[","[400,500[","[250,500[","[0,500[","[0,3000[","[0,3000[",*
494,"[450,500[","[400,500[","[250,500[","[0,500[","[0,3000[","[0,3000[",*
495,"[450,500[","[400,500[","[250,500[","[0,500[","[0,3000[","[0,3000[",*
496,"[450,500[","[400,500[","[250,500[","[0,500[","[0,3000[","[0,3000[",*
497,"[450,500[","[400,500[","[250,500[","[0,500[","[0,3000[","[0,3000[",*
498,"[450,500[","[400,500[","[250,500[","[0,500[","[0,3000[","[0,3000[",*
499,"[450,500[","[400,500[","[250,500[","[0,500[","[0,3000[","[0,3000[",*
500,"[500,550[","[500,600[","[500,750[","[500,1000[","[0,3000[","[0,3000[",*
501,"[500,550[","[500,600[","[500,750[","[500,1000[","[0,3000[","[0,3000[",*
502,"[500,550[","[500,600[","[500,750[","[500,1000[","[0,3000[","[0,3000[",*
503,"[500,550[","[500,600[","[500,750[","[500,1000[","[0,3000[","[0,3000[",*
504,"[500,550[","[500,600[","[500,750[","[500,1000[","[0,3000[","[0,3000[",*
505,"[500,550[","[500,600[","[500,750[","[500,1000[","[0,3000[","[0,3000[",*
506,"[500,550[","[500,600[","[500,750[","[500,1000[","[0,3000[","[0,3000[",*
507,"[500,550[","[500,600[","[500,750[","[500,1000[","[0,3000[","[0,3000[",*
508,"[500,550[","[500,600[","[500,750[","[500,1000[","[0,3000[","[0,3000[",*
509,"[500,550[","[500,600[","[500,750[","[500,1000[","[0,3000[","[0,3000[",*
510,"[500,550[","[500,600[","[500,750[","[500,1000[","[0,3000[","[0,3000[",*
511,"[500,550[","[500,600[","[500,750[","[500,1000[","[0,3000[","[0,3000[",*
512,"[500,550[","[500,600[","[500,750[","[500,1000[","[0,3000[","[0,3000[",*
513,"[500,550[","[500,600[","[500,750[","[500,1000[","[0,3000[","[0,3000[",*
514,"[500,550[","[500,600[","[500,750[","[500,1000[","[0,3000[","[0,3000[",*
515,"[500,550[","[500,600[","[500,750[","[500,1000[","[0,3000[","[0,3000[",*
516,"[500,550[","[500,600[","[500,750[","[500,1000[","[0,3000[","[0,3000[",*
517,"[500,550[","[500,600[","[500,750[","[500,1000[","[0,3000[","[0,3000[",*
518,"[500,550[","[500,600[","[500,750[","[500,1000[","[0,3000[","[0,3000[",*
519,"[500,550[","[500,600[","[500,750[","[500,1000[","[0,3000[","[0,3000[",*
520,"[500,550[","[500,600[","[500,750[","[500,1000[","[0,3000[","[0,3000[",*
521,"[500,550[","[500,600[","[500,750[","[500,1000[","[0,3000[","[0,3000[",*
522,"[500,550[","[500,600[","[500,750[","[500,1000[","[0,3000[","[0,3000[",*
523,"[500,550[","[500,600[","[500,750[","[500,1000[","[0,3000[","[0,3000[",*
524,"[500,550[","[500,600[","[500,750[","[500,1000[","[0,3000[","[0,3000[",*
525,"[500,550[","[500,600[","[500,750[","[500,1000[","[0,3000[","[0,3000[",*
526,"[500,550[","[500,600[","[500,750[","[500,1000[","[0,3000[","[0,3000[",*
527,"[500,550[","[500,600[","[500,750[","[500,1000[","[0,3000[","[0,3000[",*
528,"[500,550[","[500,600[","[500,750[","[500,1000[","[0,3000[","[0,3000[",*
529,"[500,550[","[500,600[","[500,750[","[500,1000[","[0,3000[","[0,3000[",*
530,"[500,550[","[500,600[","[500,750[","[500,1000[","[0,3000[","[0,3000[",*
531,"[500,550[","[500,600[","[500,750[","[500,1000[","[0,3000[","[0,3000[",*
532,"[500,550[","[500,600[","[500,750[","[500,1000[","[0,3000[","[0,3000[",*
533,"[500,550[","[500,600[","[500,750[","[500,1000[","[0,3000[","[0,3000[",*
534,"[500,550[","[500,600[","[500,750[","[500,1000[","[0,3000[","[0,3000[",*
535,"[500,550[","[500,600[","[500,750[","[500,1000[","[0,3000[","[0,3000[",*
536,"[500,550[","[500,600[","[500,750[","[500,1000[","[0,3000[","[0,3000[",*
537,"[500,550[","[500,600[","[500,750[","[500,1000[","[0,3000[","[0,3000[",*
538,"[500,550[","[500,600[","[500,750[","[500,1000[","[0,3000[","[0,3000[",*
539,"[500,550[","[500,600[","[500,750[","[500,1000[","[0,3000[","[0,3000[",*
540,"[500,550[","[500,600[","[500,750[","[500,1000[","[0,3000[","[0,3000[",*
541,"[500,550[","[500,600[","[500,750[","[500,1000[","[0,3000[","[0,3000[",*
542,"[500,550[","[500,600[","[500,750[","[500,1000[","[0,3000[","[0,3000[",*
543,"[500,550[","[500,600[","[500,750[","[500,1000[","[0,3000[","[0,3000[",*
544,"[500,550[","[500,600[","[500,750[","[500,1000[","[0,3000[","[0,3000[",*
545,"[500,550[","[500,600[","[500,750[","[500,1000[","[0,3000[","[0,3000[",*
546,"[500,550[","[500,600[","[500,750[","[500,1000[","[0,3000[","[0,3000[",*
547,"[500,550[","[500,600[","[500,750[","[500,1000[","[0,3000[","[0,3000[",*
548,"[500,550[","[500,600[","[500,750[","[500,1000[","[0,3000[","[0,3000[",*
549,"[500,550[","[500,600[","[500,750[","[500,1000[","[0,3000[","[0,3000[",*
550,"[550,600[","[500,600[","[500,750[","[500,1000[","[0,3000[","[0,3000[",*
551,"[550,600[","[500,600[","[500,750[","[500,1000[","[0,3000[","[0,3000[",*
552,"[550,600[","[500,600[","[500,750[","[500,1000[","[0,3000[","[0,3000[",*
553,"[550,600[","[500,600[","[500,750[","[500,1000[","[0,3000[","[0,3000[",*
554,"[550,600[","[500,600[","[500,750[","[500,1000[","[0,3000[","[0,3000[",*
555,"[550,600[","[500,600[","[500,750[","[500,1000[","[0,3000[","[0,3000[",*
556,"[550,600[","[500,600[","[500,750[","[500,1000[","[0,3000[","[0,3000[",*
557,"[550,600[","[500,600[","[500,750[","[500,1000[","[0,3000[","[0,3000[",*
558,"[550,600[","[500,600[","[500,750[","[500,1000[","[0,3000[","[0,3000[",*
559,"[550,600[","[500,600[","[500,750[","[500,1000[","[0,3000[","[0,3000[",*
560,"[550,600[","[500,600[","[500,750[","[500,1000[","[0,3000[","[0,3000[",*
561,"[550,600[","[500,600[","[500,750[","[500,1000[","[0,3000[","[0,3000[",*
562,"[550,600[","[500,600[","[500,750[","[500,1000[","[0,3000[","[0,3000[",*
563,"[550,600[","[500,600[","[500,750[","[500,1000[","[0,3000[","[0,3000[",*
564,"[550,600[","[500,600[","[500,750[","[500,1000[","[0,3000[","[0,3000[",*
565,"[550,600[","[500,600[","[500,750[","[500,1000[","[0,3000[","[0,3000[",*
566,"[550,600[","[500,600[","[500,750[","[500,1000[","[0,3000[","[0,3000[",*
567,"[550,600[","[500,600[","[500,750[","[500,1000[","[0,3000[","[0,3000[",*
568,"[550,600[","[500,600[","[500,750[","[500,1000[","[0,3000[","[0,3000[",*
569,"[550,600[","[500,600[","[500,750[","[500,1000[","[0,3000[","[0,3000[",*
570,"[550,600[","[500,600[","[500,750[","[500,1000[","[0,3000[","[0,3000[",*
571,"[550,600[","[500,600[","[500,750[","[500,1000[","[0,3000[","[0,3000[",*
572,"[550,600[","[500,600[","[500,750[","[500,1000[","[0,3000[","[0,3000[",*
573,"[550,600[","[500,600[","[500,750[","[500,1000[","[0,3000[","[0,3000[",*
574,"[550,600[","[500,600[","[500,750[","[500,1000[","[0,3000[","[0,3000[",*
575,"[550,600[","[500,600[","[500,750[","[500,1000[","[0,3000[","[0,3000[",*
576,"[550,600[","[500,600[","[500,750[","[500,1000[","[0,3000[","[0,3000[",*
577,"[550,600[","[500,600[","[500,750[","[500,1000[","[0,3000[","[0,3000[",*
578,"[550,600[","[500,600[","[500,750[","[500,1000[","[0,3000[","[0,3000[",*
579,"[550,600[","[500,600[","[500,750[","[500,1000[","[0,3000[","[0,3000[",*
580,"[550,600[","[500,600[","[500,750[","[500,1000[","[0,3000[","[0,3000[",*
581,"[550,600[","[500,600[","[500,750[","[500,1000[","[0,3000[","[0,3000[",*
582,"[550,600[","[500,600[","[500,750[","[500,1000[","[0,3000[","[0,3000[",*
583,"[550,600[","[500,600[","[500,750[","[500,1000[","[0,3000[","[0,3000[",*
584,"[550,600[","[500,600[","[500,750[","[500,1000[","[0,3000[","[0,3000[",*
585,"[550,600[","[500,600[","[500,750[","[500,1000[","[0,3000[","[0,3000[",*
586,"[550,600[","[500,600[","[500,750[","[500,1000[","[0,3000[","[0,3000[",*
587,"[550,600[","[500,600[","[500,750[","[500,1000[","[0,3000[","[0,3000[",*
588,"[550,600[","[500,600[","[500,750[","[500,1000[","[0,3000[","[0,3000[",*
589,"[550,600[","[500,600[","[500,750[","[500,1000[","[0,3000[","[0,3000[",*
590,"[550,600[","[500,600[","[500,750[","[500,1000[","[0,3000[","[0,3000[",*
591,"[550,600[","[500,600[","[500,750[","[500,1000[","[0,3000[","[0,3000[",*
592,"[550,600[","[500,600[","[500,750[","[500,1000[","[0,3000[","[0,3000[",*
593,"[550,600[","[500,600[","[500,750[","[500,1000[","[0,3000[","[0,3000[",*
594,"[550,600[","[500,600[","[500,750[","[500,1000[","[0,3000[","[0,3000[",*
595,"[550,600[","[500,600[","[500,750[","[500,1000[","[0,3000[","[0,3000[",*
596,"[550,600[","[500,600[","[500,750[","[500,1000[","[0,3000[","[0,3000[",*
597,"[550,600[","[500,600[","[500,750[","[500,1000[","[0,3000[","[0,3000[",*
598,"[550,600[","[500,600[","[500,750[","[500,1000[","[0,3000[","[0,3000[",*
599,"[550,600[","[500,600[","[500,750[","[500,1000[","[0,3000[","[0,3000[",*
600,"[600,650[","[600,700[","[500,750[","[500,1000[","[0,3000[","[0,3000[",*
601,"[600,650[","[600,700[","[500,750[","[500,1000[","[0,3000[","[0,3000[",*
602,"[600,650[","[600,700[","[500,750[","[500,1000[","[0,3000[","[0,3000[",*
603,"[600,650[","[600,700[","[500,750[","[500,1000[","[0,3000[","[0,3000[",*
604,"[600,650[","[600,700[","[500,750[","[500,1000[","[0,3000[","[0,3000[",*
605,"[600,650[","[600,700[","[500,750[","[500,1000[","[0,3000[","[0,3000[",*
606,"[600,650[","[600,700[","[500,750[","[500,1000[","[0,3000[","[0,3000[",*
607,"[600,650[","[600,700[","[500,750[","[500,1000[","[0,3000[","[0,3000[",*
608,"[600,650[","[600,700[","[500,750[","[500,1000[","[0,3000[","[0,3000[",*
609,"[600,650[","[600,700[","[500,750[","[500,1000[","[0,3000[","[0,3000[",*
610,"[600,650[","[600,700[","[500,750[","[500,1000[","[0,3000[","[0,3000[",*
611,"[600,650[","[600,700[","[500,750[","[500,1000[","[0,3000[","[0,3000[",*
612,"[600,650[","[600,700[","[500,750[","[500,1000[","[0,3000[","[0,3000[",*
613,"[600,650[","[600,700[","[500,750[","[500,1000[","[0,3000[","[0,3000[",*
614,"[600,650[","[600,700[","[500,750[","[500,1000[","[0,3000[","[0,3000[",*
615,"[600,650[","[600,700[","[500,750[","[500,1000[","[0,3000[","[0,3000[",*
616,"[600,650[","[600,700[","[500,750[","[500,1000[","[0,3000[","[0,3000[",*
617,"[600,650[","[600,700[","[500,750[","[500,1000[","[0,3000[","[0,3000[",*
618,"[600,650[","[600,700[","[500,750[","[500,1000[","[0,3000[","[0,3000[",*
619,"[600,650[","[600,700[","[500,750[","[500,1000[","[0,3000[","[0,3000[",*
620,"[600,650[","[600,700[","[500,750[","[500,1000[","[0,3000[","[0,3000[",*
621,"[600,650[","[600,700[","[500,750[","[500,1000[","[0,3000[","[0,3000[",*
622,"[600,650[","[600,700[","[500,750[","[500,1000[","[0,3000[","[0,3000[",*
623,"[600,650[","[600,700[","[500,750[","[500,1000[","[0,3000[","[0,3000[",*
624,"[600,650[","[600,700[","[500,750[","[500,1000[","[0,3000[","[0,3000[",*
625,"[600,650[","[600,700[","[500,750[","[500,1000[","[0,3000[","[0,3000[",*
626,"[600,650[","[600,700[","[500,750[","[500,1000[","[0,3000[","[0,3000[",*
627,"[600,650[","[600,700[","[500,750[","[500,1000[","[0,3000[","[0,3000[",*
628,"[600,650[","[600,700[","[500,750[","[500,1000[","[0,3000[","[0,3000[",*
629,"[600,650[","[600,700[","[500,750[","[500,1000[","[0,3000[","[0,3000[",*
630,"[600,650[","[600,700[","[500,750[","[500,1000[","[0,3000[","[0,3000[",*
631,"[600,650[","[600,700[","[500,750[","[500,1000[","[0,3000[","[0,3000[",*
632,"[600,650[","[600,700[","[500,750[","[500,1000[","[0,3000[","[0,3000[",*
633,"[600,650[","[600,700[","[500,750[","[500,1000[","[0,3000[","[0,3000[",*
634,"[600,650[","[600,700[","[500,750[","[500,1000[","[0,3000[","[0,3000[",*
635,"[600,650[","[600,700[","[500,750[","[500,1000[","[0,3000[","[0,3000[",*
636,"[600,650[","[600,700[","[500,750[","[500,1000[","[0,3000[","[0,3000[",*
637,"[600,650[","[600,700[","[500,750[","[500,1000[","[0,3000[","[0,3000[",*
638,"[600,650[","[600,700[","[500,750[","[500,1000[","[0,3000[","[0,3000[",*
639,"[600,650[","[600,700[","[500,750[","[500,1000[","[0,3000[","[0,3000[",*
640,"[600,650[","[600,700[","[500,750[","[500,1000[","[0,3000[","[0,3000[",*
641,"[600,650[","[600,700[","[500,750[","[500,1000[","[0,3000[","[0,3000[",*
642,"[600,650[","[600,700[","[500,750[","[500,1000[","[0,3000[","[0,3000[",*
643,"[600,650[","[600,700[","[500,750[","[500,1000[","[0,3000[","[0,3000[",*
644,"[600,650[","[600,700[","[500,750[","[500,1000[","[0,3000[","[0,3000[",*
645,"[600,650[","[600,700[","[500,750[","[500,1000[","[0,3000[","[0,3000[",*
646,"[600,650[","[600,700[","[500,750[","[500,1000[","[0,3000[","[0,3000[",*
647,"[600,650[","[600,700[","[500,750[","[500,1000[","[0,3000[","[0,3000[",*
648,"[600,650[","[600,700[","[500,750[","[500,1000[","[0,3000[","[0,3000[",*
649,"[600,650[","[600,700[","[500,750[","[500,1000[","[0,3000[","[0,3000[",*
650,"[650,700[","[600,700[","[500,750[","[500,1000[","[0,3000[","[0,3000[",*
651,"[650,700[","[600,700[","[500,750[","[500,1000[","[0,3000[","[0,3000[",*
652,"[650,700[","[600,700[","[500,750[","[500,1000[","[0,3000[","[0,3000[",*
653,"[650,700[","[600,700[","[500,750[","[500,1000[","[0,3000[","[0,3000[",*
654,"[650,700[","[600,700[","[500,750[","[500,1000[","[0,3000[","[0,3000[",*
655,"[650,700[","[600,700[","[500,750[","[500,1000[","[0,3000[","[0,3000[",*
656,"[650,700[","[600,700[","[500,750[","[500,1000[","[0,3000[","[0,3000[",*
657,"[650,700[","[600,700[","[500,750[","[500,1000[","[0,3000[","[0,3000[",*
658,"[650,700[","[600,700[","[500,750[","[500,1000[","[0,3000[","[0,3000[",*
659,"[650,700[","[600,700[","[500,750[","[500,1000[","[0,3000[","[0,3000[",*
660,"[650,700[","[600,700[","[500,750[","[500,1000[","[0,3000[","[0,3000[",*
661,"[650,700[","[600,700[","[500,750[","[500,1000[","[0,3000[","[0,3000[",*
662,"[650,700[","[600,700[","[500,750[","[500,1000[","[0,3000[","[0,3000[",*
663,"[650,700[","[600,700[","[500,750[","[500,1000[","[0,3000[","[0,3000[",*
664,"[650,700[","[600,700[","[500,750[","[500,1000[","[0,3000[","[0,3000[",*
665,"[650,700[","[600,700[","[500,750[","[500,1000[","[0,3000[","[0,3000[",*
666,"[650,700[","[600,700[","[500,750[","[500,1000[","[0,3000[","[0,3000[",*
667,"[650,700[","[600,700[","[500,750[","[500,1000[","[0,3000[","[0,3000[",*
668,"[650,700[","[600,700[","[500,750[","[500,1000[","[0,3000[","[0,3000[",*
669,"[650,700[","[600,700[","[500,750[","[500,1000[","[0,3000[","[0,3000[",*
670,"[650,700[","[600,700[","[500,750[","[500,1000[","[0,3000[","[0,3000[",*
671,"[650,700[","[600,700[","[500,750[","[500,1000[","[0,3000[","[0,3000[",*
672,"[650,700[","[600,700[","[500,750[","[500,1000[","[0,3000[","[0,3000[",*
673,"[650,700[","[600,700[","[500,750[","[500,1000[","[0,3000[","[0,3000[",*
674,"[650,700[","[600,700[","[500,750[","[500,1000[","[0,3000[","[0,3000[",*
675,"[650,700[","[600,700[","[500,750[","[500,1000[","[0,3000[","[0,3000[",*
676,"[650,700[","[600,700[","[500,750[","[500,1000[","[0,3000[","[0,3000[",*
677,"[650,700[","[600,700[","[500,750[","[500,1000[","[0,3000[","[0,3000[",*
678,"[650,700[","[600,700[","[500,750[","[500,1000[","[0,3000[","[0,3000[",*
679,"[650,700[","[600,700[","[500,750[","[500,1000[","[0,3000[","[0,3000[",*
680,"[650,700[","[600,700[","[500,750[","[500,1000[","[0,3000[","[0,3000[",*
681,"[650,700[","[600,700[","[500,750[","[500,1000[","[0,3000[","[0,3000[",*
682,"[650,700[","[600,700[","[500,750[","[500,1000[","[0,3000[","[0,3000[",*
683,"[650,700[","[600,700[","[500,750[","[500,1000[","[0,3000[","[0,3000[",*
684,"[650,700[","[600,700[","[500,750[","[500,1000[","[0,3000[","[0,3000[",*
685,"[650,700[","[600,700[","[500,750[","[500,1000[","[0,3000[","[0,3000[",*
686,"[650,700[","[600,700[","[500,750[","[500,1000[","[0,3000[","[0,3000[",*
687,"[650,700[","[600,700[","[500,750[","[500,1000[","[0,3000[","[0,3000[",*
688,"[650,700[","[600,700[","[500,750[","[500,1000[","[0,3000[","[0,3000[",*
689,"[650,700[","[600,700[","[500,750[","[500,1000[","[0,3000[","[0,3000[",*
690,"[650,700[","[600,700[","[500,750[","[500,1000[","[0,3000[","[0,3000[",*
691,"[650,700[","[600,700[","[500,750[","[500,1000[","[0,3000[","[0,3000[",*
692,"[650,700[","[600,700[","[500,750[","[500,1000[","[0,3000[","[0,3000[",*
693,"[650,700[","[600,700[","[500,750[","[500,1000[","[0,3000[","[0,3000[",*
694,"[650,700[","[600,700[","[500,750[","[500,1000[","[0,3000[","[0,3000[",*
695,"[650,700[","[600,700[","[500,750[","[500,1000[","[0,3000[","[0,3000[",*
696,"[650,700[","[600,700[","[500,750[","[500,1000[","[0,3000[","[0,3000[",*
697,"[650,700[","[600,700[","[500,750[","[500,1000[","[0,3000[","[0,3000[",*
698,"[650,700[","[600,700[","[500,750[","[500,1000[","[0,3000[","[0,3000[",*
699,"[650,700[","[600,700[","[500,750[","[500,1000[","[0,3000[","[0,3000[",*
700,"[700,750[","[700,800[","[500,750[","[500,1000[","[0,3000[","[0,3000[",*
701,"[700,750[","[700,800[","[500,750[","[500,1000[","[0,3000[","[0,3000[",*
702,"[700,750[","[700,800[","[500,750[","[500,1000[","[0,3000[","[0,3000[",*
703,"[700,750[","[700,800[","[500,750[","[500,1000[","[0,3000[","[0,3000[",*
704,"[700,750[","[700,800[","[500,750[","[500,1000[","[0,3000[","[0,3000[",*
705,"[700,750[","[700,800[","[500,750[","[500,1000[","[0,3000[","[0,3000[",*
706,"[700,750[","[700,800[","[500,750[","[500,1000[","[0,3000[","[0,3000[",*
707,"[700,750[","[700,800[","[500,750[","[500,1000[","[0,3000[","[0,3000[",*
708,"[700,750[","[700,800[","[500,750[","[500,1000[","[0,3000[","[0,3000[",*
709,"[700,750[","[700,800[","[500,750[","[500,1000[","[0,3000[","[0,3000[",*
710,"[700,750[","[700,800[","[500,750[","[500,1000[","[0,3000[","[0,3000[",*
711,"[700,750[","[700,800[","[500,750[","[500,1000[","[0,3000[","[0,3000[",*
712,"[700,750[","[700,800[","[500,750[","[500,1000[","[0,3000[","[0,3000[",*
713,"[700,750[","[700,800[","[500,750[","[500,1000[","[0,3000[","[0,3000[",*
714,"[700,750[","[700,800[","[500,750[","[500,1000[","[0,3000[","[0,3000[",*
715,"[700,750[","[700,800[","[500,750[","[500,1000[","[0,3000[","[0,3000[",*
716,"[700,750[","[700,800[","[500,750[","[500,1000[","[0,3000[","[0,3000[",*
717,"[700,750[","[700,800[","[500,750[","[500,1000[","[0,3000[","[0,3000[",*
718,"[700,750[","[700,800[","[500,750[","[500,1000[","[0,3000[","[0,3000[",*
719,"[700,750[","[700,800[","[500,750[","[500,1000[","[0,3000[","[0,3000[",*
720,"[700,750[","[700,800[","[500,750[","[500,1000[","[0,3000[","[0,3000[",*
721,"[700,750[","[700,800[","[500,750[","[500,1000[","[0,3000[","[0,3000[",*
722,"[700,750[","[700,800[","[500,750[","[500,1000[","[0,3000[","[0,3000[",*
723,"[700,750[","[700,800[","[500,750[","[500,1000[","[0,3000[","[0,3000[",*
724,"[700,750[","[700,800[","[500,750[","[500,1000[","[0,3000[","[0,3000[",*
725,"[700,750[","[700,800[","[500,750[","[500,1000[","[0,3000[","[0,3000[",*
726,"[700,750[","[700,800[","[500,750[","[500,1000[","[0,3000[","[0,3000[",*
727,"[700,750[","[700,800[","[500,750[","[500,1000[","[0,3000[","[0,3000[",*
728,"[700,750[","[700,800[","[500,750[","[500,1000[","[0,3000[","[0,3000[",*
729,"[700,750[","[700,800[","[500,750[","[500,1000[","[0,3000[","[0,3000[",*
730,"[700,750[","[700,800[","[500,750[","[500,1000[","[0,3000[","[0,3000[",*
731,"[700,750[","[700,800[","[500,750[","[500,1000[","[0,3000[","[0,3000[",*
732,"[700,750[","[700,800[","[500,750[","[500,1000[","[0,3000[","[0,3000[",*
733,"[700,750[","[700,800[","[500,750[","[500,1000[","[0,3000[","[0,3000[",*
734,"[700,750[","[700,800[","[500,750[","[500,1000[","[0,3000[","[0,3000[",*
735,"[700,750[","[700,800[","[500,750[","[500,1000[","[0,3000[","[0,3000[",*
736,"[700,750[","[700,800[","[500,750[","[500,1000[","[0,3000[","[0,3000[",*
737,"[700,750[","[700,800[","[500,750[","[500,1000[","[0,3000[","[0,3000[",*
738,"[700,750[","[700,800[","[500,750[","[500,1000[","[0,3000[","[0,3000[",*
739,"[700,750[","[700,800[","[500,750[","[500,1000[","[0,3000[","[0,3000[",*
740,"[700,750[","[700,800[","[500,750[","[500,1000[","[0,3000[","[0,3000[",*
741,"[700,750[","[700,800[","[500,750[","[500,1000[","[0,3000[","[0,3000[",*
742,"[700,750[","[700,800[","[500,750[","[500,1000[","[0,3000[","[0,3000[",*
743,"[700,750[","[700,800[","[500,750[","[500,1000[","[0,3000[","[0,3000[",*
744,"[700,750[","[700,800[","[500,750[","[500,1000[","[0,3000[","[0,3000[",*
745,"[700,750[","[700,800[","[500,750[","[500,1000[","[0,3000[","[0,3000[",*
746,"[700,750[","[700,800[","[500,750[","[500,1000[","[0,3000[","[0,3000[",*
747,"[700,750[","[700,800[","[500,750[","[500,1000[","[0,3000[","[0,3000[",*
748,"[700,750[","[700,800[","[500,750[","[500,1000[","[0,3000[","[0,3000[",*
749,"[700,750[","[700,800[","[500,750[","[500,1000[","[0,3000[","[0,3000[",*
750,"[750,800[","[700,800[","[750,1000[","[500,1000[","[0,3000[","[0,3000[",*
751,"[750,800[","[700,800[","[750,1000[","[500,1000[","[0,3000[","[0,3000[",*
752,"[750,800[","[700,800[","[750,1000[","[500,1000[","[0,3000[","[0,3000[",*
753,"[750,800[","[700,800[","[750,1000[","[500,1000[","[0,3000[","[0,3000[",*
754,"[750,800[","[700,800[","[750,1000[","[500,1000[","[0,3000[","[0,3000[",*
755,"[750,800[","[700,800[","[750,1000[","[500,1000[","[0,3000[","[0,3000[",*
756,"[750,800[","[700,800[","[750,1000[","[500,1000[","[0,3000[","[0,3000[",*
757,"[750,800[","[700,800[","[750,1000[","[500,1000[","[0,3000[","[0,3000[",*
758,"[750,800[","[700,800[","[750,1000[","[500,1000[","[0,3000[","[0,3000[",*
759,"[750,800[","[700,800[","[750,1000[","[500,1000[","[0,3000[","[0,3000[",*
760,"[750,800[","[700,800[","[750,1000[","[500,1000[","[0,3000[","[0,3000[",*
761,"[750,800[","[700,800[","[750,1000[","[500,1000[","[0,3000[","[0,3000[",*
762,"[750,800[","[700,800[","[750,1000[","[500,1000[","[0,3000[","[0,3000[",*
763,"[750,800[","[700,800[","[750,1000[","[500,1000[","[0,3000[","[0,3000[",*
764,"[750,800[","[700,800[","[750,1000[","[500,1000[","[0,3000[","[0,3000[",*
765,"[750,800[","[700,800[","[750,1000[","[500,1000[","[0,3000[","[0,3000[",*
766,"[750,800[","[700,800[","[750,1000[","[500,1000[","[0,3000[","[0,3000[",*
767,"[750,800[","[700,800[","[750,1000[","[500,1000[","[0,3000[","[0,3000[",*
768,"[750,800[","[700,800[","[750,1000[","[500,1000[","[0,3000[","[0,3000[",*
769,"[750,800[","[700,800[","[750,1000[","[500,1000[","[0,3000[","[0,3000[",*
770,"[750,800[","[700,800[","[750,1000[","[500,1000[","[0,3000[","[0,3000[",*
771,"[750,800[","[700,800[","[750,1000[","[500,1000[","[0,3000[","[0,3000[",*
772,"[750,800[","[700,800[","[750,1000[","[500,1000[","[0,3000[","[0,3000[",*
773,"[750,800[","[700,800[","[750,1000[","[500,1000[","[0,3000[","[0,3000[",*
774,"[750,800[","[700,800[","[750,1000[","[500,1000[","[0,3000[","[0,3000[",*
775,"[750,800[","[700,800[","[750,1000[","[500,1000[","[0,3000[","[0,3000[",*
776,"[750,800[","[700,800[","[750,1000[","[500,1000[","[0,3000[","[0,3000[",*
777,"[750,800[","[700,800[","[750,1000[","[500,1000[","[0,3000[","[0,3000[",*
778,"[750,800[","[700,800[","[750,1000[","[500,1000[","[0,3000[","[0,3000[",*
779,"[750,800[","[700,800[","[750,1000[","[500,1000[","[0,3000[","[0,3000[",*
780,"[750,800[","[700,800[","[750,1000[","[500,1000[","[0,3000[","[0,3000[",*
781,"[750,800[","[700,800[","[750,1000[","[500,1000[","[0,3000[","[0,3000[",*
782,"[750,800[","[700,800[","[750,1000[","[500,1000[","[0,3000[","[0,3000[",*
783,"[750,800[","[700,800[","[750,1000[","[500,1000[","[0,3000[","[0,3000[",*
784,"[750,800[","[700,800[","[750,1000[","[500,1000[","[0,3000[","[0,3000[",*
785,"[750,800[","[700,800[","[750,1000[","[500,1000[","[0,3000[","[0,3000[",*
786,"[750,800[","[700,800[","[750,1000[","[500,1000[","[0,3000[","[0,3000[",*
787,"[750,800[","[700,800[","[750,1000[","[500,1000[","[0,3000[","[0,3000[",*
788,"[750,800[","[700,800[","[750,1000[","[500,1000[","[0,3000[","[0,3000[",*
789,"[750,800[","[700,800[","[750,1000[","[500,1000[","[0,3000[","[0,3000[",*
790,"[750,800[","[700,800[","[750,1000[","[500,1000[","[0,3000[","[0,3000[",*
791,"[750,800[","[700,800[","[750,1000[","[500,1000[","[0,3000[","[0,3000[",*
792,"[750,800[","[700,800[","[750,1000[","[500,1000[","[0,3000[","[0,3000[",*
793,"[750,800[","[700,800[","[750,1000[","[500,1000[","[0,3000[","[0,3000[",*
794,"[750,800[","[700,800[","[750,1000[","[500,1000[","[0,3000[","[0,3000[",*
795,"[750,800[","[700,800[","[750,1000[","[500,1000[","[0,3000[","[0,3000[",*
796,"[750,800[","[700,800[","[750,1000[","[500,1000[","[0,3000[","[0,3000[",*
797,"[750,800[","[700,800[","[750,1000[","[500,1000[","[0,3000[","[0,3000[",*
798,"[750,800[","[700,800[","[750,1000[","[500,1000[","[0,3000[","[0,3000[",*
799,"[750,800[","[700,800[","[750,1000[","[500,1000[","[0,3000[","[0,3000[",*
800,"[800,850[","[800,900[","[750,1000[","[500,1000[","[0,3000[","[0,3000[",*
801,"[800,850[","[800,900[","[750,1000[","[500,1000[","[0,3000[","[0,3000[",*
802,"[800,850[","[800,900[","[750,1000[","[500,1000[","[0,3000[","[0,3000[",*
803,"[800,850[","[800,900[","[750,1000[","[500,1000[","[0,3000[","[0,3000[",*
804,"[800,850[","[800,900[","[750,1000[","[500,1000[","[0,3000[","[0,3000[",*
805,"[800,850[","[800,900[","[750,1000[","[500,1000[","[0,3000[","[0,3000[",*
806,"[800,850[","[800,900[","[750,1000[","[500,1000[","[0,3000[","[0,3000[",*
807,"[800,850[","[800,900[","[750,1000[","[500,1000[","[0,3000[","[0,3000[",*
808,"[800,850[","[800,900[","[750,1000[","[500,1000[","[0,3000[","[0,3000[",*
809,"[800,850[","[800,900[","[750,1000[","[500,1000[","[0,3000[","[0,3000[",*
810,"[800,850[","[800,900[","[750,1000[","[500,1000[","[0,3000[","[0,3000[",*
811,"[800,850[","[800,900[","[750,1000[","[500,1000[","[0,3000[","[0,3000[",*
812,"[800,850[","[800,900[","[750,1000[","[500,1000[","[0,3000[","[0,3000[",*
813,"[800,850[","[800,900[","[750,1000[","[500,1000[","[0,3000[","[0,3000[",*
814,"[800,850[","[800,900[","[750,1000[","[500,1000[","[0,3000[","[0,3000[",*
815,"[800,850[","[800,900[","[750,1000[","[500,1000[","[0,3000[","[0,3000[",*
816,"[800,850[","[800,900[","[750,1000[","[500,1000[","[0,3000[","[0,3000[",*
817,"[800,850[","[800,900[","[750,1000[","[500,1000[","[0,3000[","[0,3000[",*
818,"[800,850[","[800,900[","[750,1000[","[500,1000[","[0,3000[","[0,3000[",*
819,"[800,850[","[800,900[","[750,1000[","[500,1000[","[0,3000[","[0,3000[",*
820,"[800,850[","[800,900[","[750,1000[","[500,1000[","[0,3000[","[0,3000[",*
821,"[800,850[","[800,900[","[750,1000[","[500,1000[","[0,3000[","[0,3000[",*
822,"[800,850[","[800,900[","[750,1000[","[500,1000[","[0,3000[","[0,3000[",*
823,"[800,850[","[800,900[","[750,1000[","[500,1000[","[0,3000[","[0,3000[",*
824,"[800,850[","[800,900[","[750,1000[","[500,1000[","[0,3000[","[0,3000[",*
825,"[800,850[","[800,900[","[750,1000[","[500,1000[","[0,3000[","[0,3000[",*
826,"[800,850[","[800,900[","[750,1000[","[500,1000[","[0,3000[","[0,3000[",*
827,"[800,850[","[800,900[","[750,1000[","[500,1000[","[0,3000[","[0,3000[",*
828,"[800,850[","[800,900[","[750,1000[","[500,1000[","[0,3000[","[0,3000[",*
829,"[800,850[","[800,900[","[750,1000[","[500,1000[","[0,3000[","[0,3000[",*
830,"[800,850[","[800,900[","[750,1000[","[500,1000[","[0,3000[","[0,3000[",*
831,"[800,850[","[800,900[","[750,1000[","[500,1000[","[0,3000[","[0,3000[",*
832,"[800,850[","[800,900[","[750,1000[","[500,1000[","[0,3000[","[0,3000[",*
833,"[800,850[","[800,900[","[750,1000[","[500,1000[","[0,3000[","[0,3000[",*
834,"[800,850[","[800,900[","[750,1000[","[500,1000[","[0,3000[","[0,3000[",*
835,"[800,850[","[800,900[","[750,1000[","[500,1000[","[0,3000[","[0,3000[",*
836,"[800,850[","[800,900[","[750,1000[","[500,1000[","[0,3000[","[0,3000[",*
837,"[800,850[","[800,900[","[750,1000[","[500,1000[","[0,3000[","[0,3000[",*
838,"[800,850[","[800,900[","[750,1000[","[500,1000[","[0,3000[","[0,3000[",*
839,"[800,850[","[800,900[","[750,1000[","[500,1000[","[0,3000[","[0,3000[",*
840,"[800,850[","[800,900[","[750,1000[","[500,1000[","[0,3000[","[0,3000[",*
841,"[800,850[","[800,900[","[750,1000[","[500,1000[","[0,3000[","[0,3000[",*
842,"[800,850[","[800,900[","[750,1000[","[500,1000[","[0,3000[","[0,3000[",*
843,"[800,850[","[800,900[","[750,1000[","[500,1000[","[0,3000[","[0,3000[",*
844,"[800,850[","[800,900[","[750,1000[","[500,1000[","[0,3000[","[0,3000[",*
845,"[800,850[","[800,900[","[750,1000[","[500,1000[","[0,3000[","[0,3000[",*
846,"[800,850[","[800,900[","[750,1000[","[500,1000[","[0,3000[","[0,3000[",*
847,"[800,850[","[800,900[","[750,1000[","[500,1000[","[0,3000[","[0,3000[",*
848,"[800,850[","[800,900[","[750,1000[","[500,1000[","[0,3000[","[0,3000[",*
849,"[800,850[","[800,900[","[750,1000[","[500,1000[","[0,3000[","[0,3000[",*
850,"[850,900[","[800,900[","[750,1000[","[500,1000[","[0,3000[","[0,3000[",*
851,"[850,900[","[800,900[","[750,1000[","[500,1000[","[0,3000[","[0,3000[",*
852,"[850,900[","[800,900[","[750,1000[","[500,1000[","[0,3000[","[0,3000[",*
853,"[850,900[","[800,900[","[750,1000[","[500,1000[","[0,3000[","[0,3000[",*
854,"[850,900[","[800,900[","[750,1000[","[500,1000[","[0,3000[","[0,3000[",*
855,"[850,900[","[800,900[","[750,1000[","[500,1000[","[0,3000[","[0,3000[",*
856,"[850,900[","[800,900[","[750,1000[","[500,1000[","[0,3000[","[0,3000[",*
857,"[850,900[","[800,900[","[750,1000[","[500,1000[","[0,3000[","[0,3000[",*
858,"[850,900[","[800,900[","[750,1000[","[500,1000[","[0,3000[","[0,3000[",*
859,"[850,900[","[800,900[","[750,1000[","[500,1000[","[0,3000[","[0,3000[",*
860,"[850,900[","[800,900[","[750,1000[","[500,1000[","[0,3000[","[0,3000[",*
861,"[850,900[","[800,900[","[750,1000[","[500,1000[","[0,3000[","[0,3000[",*
862,"[850,900[","[800,900[","[750,1000[","[500,1000[","[0,3000[","[0,3000[",*
863,"[850,900[","[800,900[","[750,1000[","[500,1000[","[0,3000[","[0,3000[",*
864,"[850,900[","[800,900[","[750,1000[","[500,1000[","[0,3000[","[0,3000[",*
865,"[850,900[","[800,900[","[750,1000[","[500,1000[","[0,3000[","[0,3000[",*
866,"[850,900[","[800,900[","[750,1000[","[500,1000[","[0,3000[","[0,3000[",*
867,"[850,900[","[800,900[","[750,1000[","[500,1000[","[0,3000[","[0,3000[",*
868,"[850,900[","[800,900[","[750,1000[","[500,1000[","[0,3000[","[0,3000[",*
869,"[850,900[","[800,900[","[750,1000[","[500,1000[","[0,3000[","[0,3000[",*
870,"[850,900[","[800,900[","[750,1000[","[500,1000[","[0,3000[","[0,3000[",*
871,"[850,900[","[800,900[","[750,1000[","[500,1000[","[0,3000[","[0,3000[",*
872,"[850,900[","[800,900[","[750,1000[","[500,1000[","[0,3000[","[0,3000[",*
873,"[850,900[","[800,900[","[750,1000[","[500,1000[","[0,3000[","[0,3000[",*
874,"[850,900[","[800,900[","[750,1000[","[500,1000[","[0,3000[","[0,3000[",*
875,"[850,900[","[800,900[","[750,1000[","[500,1000[","[0,3000[","[0,3000[",*
876,"[850,900[","[800,900[","[750,1000[","[500,1000[","[0,3000[","[0,3000[",*
877,"[850,900[","[800,900[","[750,1000[","[500,1000[","[0,3000[","[0,3000[",*
878,"[850,900[","[800,900[","[750,1000[","[500,1000[","[0,3000[","[0,3000[",*
879,"[850,900[","[800,900[","[750,1000[","[500,1000[","[0,3000[","[0,3000[",*
880,"[850,900[","[800,900[","[750,1000[","[500,1000[","[0,3000[","[0,3000[",*
881,"[850,900[","[800,900[","[750,1000[","[500,1000[","[0,3000[","[0,3000[",*
882,"[850,900[","[800,900[","[750,1000[","[500,1000[","[0,3000[","[0,3000[",*
883,"[850,900[","[800,900[","[750,1000[","[500,1000[","[0,3000[","[0,3000[",*
884,"[850,900[","[800,900[","[750,1000[","[500,1000[","[0,3000[","[0,3000[",*
885,"[850,900[","[800,900[","[750,1000[","[500,1000[","[0,3000[","[0,3000[",*
886,"[850,900[","[800,900[","[750,1000[","[500,1000[","[0,3000[","[0,3000[",*
887,"[850,900[","[800,900[","[750,1000[","[500,1000[","[0,3000[","[0,3000[",*
888,"[850,900[","[800,900[","[750,1000[","[500,1000[","[0,3000[","[0,3000[",*
889,"[850,900[","[800,900[","[750,1000[","[500,1000[","[0,3000[","[0,3000[",*
890,"[850,900[","[800,900[","[750,1000[","[500,1000[","[0,3000[","[0,3000[",*
891,"[850,900[","[800,900[","[750,1000[","[500,1000[","[0,3000[","[0,3000[",*
892,"[850,900[","[800,900[","[750,1000[","[500,1000[","[0,3000[","[0,3000[",*
893,"[850,900[","[800,900[","[750,1000[","[500,1000[","[0,3000[","[0,3000[",*
894,"[850,900[","[800,900[","[750,1000[","[500,1000[","[0,3000[","[0,3000[",*
895,"[850,900[","[800,900[","[750,1000[","[500,1000[","[0,3000[","[0,3000[",*
896,"[850,900[","[800,900[","[750,1000[","[500,1000[","[0,3000[","[0,3000[",*
897,"[850,900[","[800,900[","[750,1000[","[500,1000[","[0,3000[","[0,3000[",*
898,"[850,900[","[800,900[","[750,1000[","[500,1000[","[0,3000[","[0,3000[",*
899,"[850,900[","[800,900[","[750,1000[","[500,1000[","[0,3000[","[0,3000[",*
900,"[900,950[","[900,1000[","[750,1000[","[500,1000[","[0,3000[","[0,3000[",*
901,"[900,950[","[900,1000[","[750,1000[","[500,1000[","[0,3000[","[0,3000[",*
902,"[900,950[","[900,1000[","[750,1000[","[500,1000[","[0,3000[","[0,3000[",*
903,"[900,950[","[900,1000[","[750,1000[","[500,1000[","[0,3000[","[0,3000[",*
904,"[900,950[","[900,1000[","[750,1000[","[500,1000[","[0,3000[","[0,3000[",*
905,"[900,950[","[900,1000[","[750,1000[","[500,1000[","[0,3000[","[0,3000[",*
906,"[900,950[","[900,1000[","[750,1000[","[500,1000[","[0,3000[","[0,3000[",*
907,"[900,950[","[900,1000[","[750,1000[","[500,1000[","[0,3000[","[0,3000[",*
908,"[900,950[","[900,1000[","[750,1000[","[500,1000[","[0,3000[","[0,3000[",*
909,"[900,950[","[900,1000[","[750,1000[","[500,1000[","[0,3000[","[0,3000[",*
910,"[900,950[","[900,1000[","[750,1000[","[500,1000[","[0,3000[","[0,3000[",*
911,"[900,950[","[900,1000[","[750,1000[","[500,1000[","[0,3000[","[0,3000[",*
912,"[900,950[","[900,1000[","[750,1000[","[500,1000[","[0,3000[","[0,3000[",*
913,"[900,950[","[900,1000[","[750,1000[","[500,1000[","[0,3000[","[0,3000[",*
914,"[900,950[","[900,1000[","[750,1000[","[500,1000[","[0,3000[","[0,3000[",*
915,"[900,950[","[900,1000[","[750,1000[","[500,1000[","[0,3000[","[0,3000[",*
916,"[900,950[","[900,1000[","[750,1000[","[500,1000[","[0,3000[","[0,3000[",*
917,"[900,950[","[900,1000[","[750,1000[","[500,1000[","[0,3000[","[0,3000[",*
918,"[900,950[","[900,1000[","[750,1000[","[500,1000[","[0,3000[","[0,3000[",*
919,"[900,950[","[900,1000[","[750,1000[","[500,1000[","[0,3000[","[0,3000[",*
920,"[900,950[","[900,1000[","[750,1000[","[500,1000[","[0,3000[","[0,3000[",*
921,"[900,950[","[900,1000[","[750,1000[","[500,1000[","[0,3000[","[0,3000[",*
922,"[900,950[","[900,1000[","[750,1000[","[500,1000[","[0,3000[","[0,3000[",*
923,"[900,950[","[900,1000[","[750,1000[","[500,1000[","[0,3000[","[0,3000[",*
924,"[900,950[","[900,1000[","[750,1000[","[500,1000[","[0,3000[","[0,3000[",*
925,"[900,950[","[900,1000[","[750,1000[","[500,1000[","[0,3000[","[0,3000[",*
926,"[900,950[","[900,1000[","[750,1000[","[500,1000[","[0,3000[","[0,3000[",*
927,"[900,950[","[900,1000[","[750,1000[","[500,1000[","[0,3000[","[0,3000[",*
928,"[900,950[","[900,1000[","[750,1000[","[500,1000[","[0,3000[","[0,3000[",*
929,"[900,950[","[900,1000[","[750,1000[","[500,1000[","[0,3000[","[0,3000[",*
930,"[900,950[","[900,1000[","[750,1000[","[500,1000[","[0,3000[","[0,3000[",*
931,"[900,950[","[900,1000[","[750,1000[","[500,1000[","[0,3000[","[0,3000[",*
932,"[900,950[","[900,1000[","[750,1000[","[500,1000[","[0,3000[","[0,3000[",*
933,"[900,950[","[900,1000[","[750,1000[","[500,1000[","[0,3000[","[0,3000[",*
934,"[900,950[","[900,1000[","[750,1000[","[500,1000[","[0,3000[","[0,3000[",*
935,"[900,950[","[900,1000[","[750,1000[","[500,1000[","[0,3000[","[0,3000[",*
936,"[900,950[","[900,1000[","[750,1000[","[500,1000[","[0,3000[","[0,3000[",*
937,"[900,950[","[900,1000[","[750,1000[","[500,1000[","[0,3000[","[0,3000[",*
938,"[900,950[","[900,1000[","[750,1000[","[500,1000[","[0,3000[","[0,3000[",*
939,"[900,950[","[900,1000[","[750,1000[","[500,1000[","[0,3000[","[0,3000[",*
940,"[900,950[","[900,1000[","[750,1000[","[500,1000[","[0,3000[","[0,3000[",*
941,"[900,950[","[900,1000[","[750,1000[","[500,1000[","[0,3000[","[0,3000[",*
942,"[900,950[","[900,1000[","[750,1000[","[500,1000[","[0,3000[","[0,3000[",*
943,"[900,950[","[900,1000[","[750,1000[","[500,1000[","[0,3000[","[0,3000[",*
944,"[900,950[","[900,1000[","[750,1000[","[500,1000[","[0,3000[","[0,3000[",*
945,"[900,950[","[900,1000[","[750,1000[","[500,1000[","[0,3000[","[0,3000[",*
946,"[900,950[","[900,1000[","[750,1000[","[500,1000[","[0,3000[","[0,3000[",*
947,"[900,950[","[900,1000[","[750,1000[","[500,1000[","[0,3000[","[0,3000[",*
948,"[900,950[","[900,1000[","[750,1000[","[500,1000[","[0,3000[","[0,3000[",*
949,"[900,950[","[900,1000[","[750,1000[","[500,1000[","[0,3000[","[0,3000[",*
950,"[950,1000[","[900,1000[","[750,1000[","[500,1000[","[0,3000[","[0,3000[",*
951,"[950,1000[","[900,1000[","[750,1000[","[500,1000[","[0,3000[","[0,3000[",*
952,"[950,1000[","[900,1000[","[750,1000[","[500,1000[","[0,3000[","[0,3000[",*
953,"[950,1000[","[900,1000[","[750,1000[","[500,1000[","[0,3000[","[0,3000[",*
954,"[950,1000[","[900,1000[","[750,1000[","[500,1000[","[0,3000[","[0,3000[",*
955,"[950,1000[","[900,1000[","[750,1000[","[500,1000[","[0,3000[","[0,3000[",*
956,"[950,1000[","[900,1000[","[750,1000[","[500,1000[","[0,3000[","[0,3000[",*
957,"[950,1000[","[900,1000[","[750,1000[","[500,1000[","[0,3000[","[0,3000[",*
958,"[950,1000[","[900,1000[","[750,1000[","[500,1000[","[0,3000[","[0,3000[",*
959,"[950,1000[","[900,1000[","[750,1000[","[500,1000[","[0,3000[","[0,3000[",*
960,"[950,1000[","[900,1000[","[750,1000[","[500,1000[","[0,3000[","[0,3000[",*
961,"[950,1000[","[900,1000[","[750,1000[","[500,1000[","[0,3000[","[0,3000[",*
962,"[950,1000[","[900,1000[","[750,1000[","[500,1000[","[0,3000[","[0,3000[",*
963,"[950,1000[","[900,1000[","[750,1000[","[500,1000[","[0,3000[","[0,3000[",*
964,"[950,1000[","[900,1000[","[750,1000[","[500,1000[","[0,3000[","[0,3000[",*
965,"[950,1000[","[900,1000[","[750,1000[","[500,1000[","[0,3000[","[0,3000[",*
966,"[950,1000[","[900,1000[","[750,1000[","[500,1000[","[0,3000[","[0,3000[",*
967,"[950,1000[","[900,1000[","[750,1000[","[500,1000[","[0,3000[","[0,3000[",*
968,"[950,1000[","[900,1000[","[750,1000[","[500,1000[","[0,3000[","[0,3000[",*
969,"[950,1000[","[900,1000[","[750,1000[","[500,1000[","[0,3000[","[0,3000[",*
970,"[950,1000[","[900,1000[","[750,1000[","[500,1000[","[0,3000[","[0,3000[",*
971,"[950,1000[","[900,1000[","[750,1000[","[500,1000[","[0,3000[","[0,3000[",*
972,"[950,1000[","[900,1000[","[750,1000[","[500,1000[","[0,3000[","[0,3000[",*
973,"[950,1000[","[900,1000[","[750,1000[","[500,1000[","[0,3000[","[0,3000[",*
974,"[950,1000[","[900,1000[","[750,1000[","[500,1000[","[0,3000[","[0,3000[",*
975,"[950,1000[","[900,1000[","[750,1000[","[500,1000[","[0,3000[","[0,3000[",*
976,"[950,1000[","[900,1000[","[750,1000[","[500,1000[","[0,3000[","[0,3000[",*
977,"[950,1000[","[900,1000[","[750,1000[","[500,1000[","[0,3000[","[0,3000[",*
978,"[950,1000[","[900,1000[","[750,1000[","[500,1000[","[0,3000[","[0,3000[",*
979,"[950,1000[","[900,1000[","[750,1000[","[500,1000[","[0,3000[","[0,3000[",*
980,"[950,1000[","[900,1000[","[750,1000[","[500,1000[","[0,3000[","[0,3000[",*
981,"[950,1000[","[900,1000[","[750,1000[","[500,1000[","[0,3000[","[0,3000[",*
982,"[950,1000[","[900,1000[","[750,1000[","[500,1000[","[0,3000[","[0,3000[",*
983,"[950,1000[","[900,1000[","[750,1000[","[500,1000[","[0,3000[","[0,3000[",*
984,"[950,1000[","[900,1000[","[750,1000[","[500,1000[","[0,3000[","[0,3000[",*
985,"[950,1000[","[900,1000[","[750,1000[","[500,1000[","[0,3000[","[0,3000[",*
986,"[950,1000[","[900,1000[","[750,1000[","[500,1000[","[0,3000[","[0,3000[",*
987,"[950,1000[","[900,1000[","[750,1000[","[500,1000[","[0,3000[","[0,3000[",*
988,"[950,1000[","[900,1000[","[750,1000[","[500,1000[","[0,3000[","[0,3000[",*
989,"[950,1000[","[900,1000[","[750,1000[","[500,1000[","[0,3000[","[0,3000[",*
990,"[950,1000[","[900,1000[","[750,1000[","[500,1000[","[0,3000[","[0,3000[",*
991,"[950,1000[","[900,1000[","[750,1000[","[500,1000[","[0,3000[","[0,3000[",*
992,"[950,1000[","[900,1000[","[750,1000[","[500,1000[","[0,3000[","[0,3000[",*
993,"[950,1000[","[900,1000[","[750,1000[","[500,1000[","[0,3000[","[0,3000[",*
994,"[950,1000[","[900,1000[","[750,1000[","[500,1000[","[0,3000[","[0,3000[",*
995,"[950,1000[","[900,1000[","[750,1000[","[500,1000[","[0,3000[","[0,3000[",*
996,"[950,1000[","[900,1000[","[750,1000[","[500,1000[","[0,3000[","[0,3000[",*
997,"[950,1000[","[900,1000[","[750,1000[","[500,1000[","[0,3000[","[0,3000[",*
998,"[950,1000[","[900,1000[","[750,1000[","[500,1000[","[0,3000[","[0,3000[",*
999,"[950,1000[","[900,1000[","[750,1000[","[500,1000[","[0,3000[","[0,3000[",*
1000,"[1000,1050[","[1000,1100[","[1000,1250[","[1000,1500[","[0,3000[","[0,3000[",*
1001,"[1000,1050[","[1000,1100[","[1000,1250[","[1000,1500[","[0,3000[","[0,3000[",*
1002,"[1000,1050[","[1000,1100[","[1000,1250[","[1000,1500[","[0,3000[","[0,3000[",*
1003,"[1000,1050[","[1000,1100[","[1000,1250[","[1000,1500[","[0,3000[","[0,3000[",*
1004,"[1000,1050[","[1000,1100[","[1000,1250[","[1000,1500[","[0,3000[","[0,3000[",*
1005,"[1000,1050[","[1000,1100[","[1000,1250[","[1000,1500[","[0,3000[","[0,3000[",*
1006,"[1000,1050[","[1000,1100[","[1000,1250[","[1000,1500[","[0,3000[","[0,3000[",*
1007,"[1000,1050[","[1000,1100[","[1000,1250[","[1000,1500[","[0,3000[","[0,3000[",*
1008,"[1000,1050[","[1000,1100[","[1000,1250[","[1000,1500[","[0,3000[","[0,3000[",*
1009,"[1000,1050[","[1000,1100[","[1000,1250[","[1000,1500[","[0,3000[","[0,3000[",*
1010,"[1000,1050[","[1000,1100[","[1000,1250[","[1000,1500[","[0,3000[","[0,3000[",*
1011,"[1000,1050[","[1000,1100[","[1000,1250[","[1000,1500[","[0,3000[","[0,3000[",*
1012,"[1000,1050[","[1000,1100[","[1000,1250[","[1000,1500[","[0,3000[","[0,3000[",*
1013,"[1000,1050[","[1000,1100[","[1000,1250[","[1000,1500[","[0,3000[","[0,3000[",*
1014,"[1000,1050[","[1000,1100[","[1000,1250[","[1000,1500[","[0,3000[","[0,3000[",*
1015,"[1000,1050[","[1000,1100[","[1000,1250[","[1000,1500[","[0,3000[","[0,3000[",*
1016,"[1000,1050[","[1000,1100[","[1000,1250[","[1000,1500[","[0,3000[","[0,3000[",*
1017,"[1000,1050[","[1000,1100[","[1000,1250[","[1000,1500[","[0,3000[","[0,3000[",*
1018,"[1000,1050[","[1000,1100[","[1000,1250[","[1000,1500[","[0,3000[","[0,3000[",*
1019,"[1000,1050[","[1000,1100[","[1000,1250[","[1000,1500[","[0,3000[","[0,3000[",*
1020,"[1000,1050[","[1000,1100[","[1000,1250[","[1000,1500[","[0,3000[","[0,3000[",*
1021,"[1000,1050[","[1000,1100[","[1000,1250[","[1000,1500[","[0,3000[","[0,3000[",*
1022,"[1000,1050[","[1000,1100[","[1000,1250[","[1000,1500[","[0,3000[","[0,3000[",*
1023,"[1000,1050[","[1000,1100[","[1000,1250[","[1000,1500[","[0,3000[","[0,3000[",*
1024,"[1000,1050[","[1000,1100[","[1000,1250[","[1000,1500[","[0,3000[","[0,3000[",*
1025,"[1000,1050[","[1000,1100[","[1000,1250[","[1000,1500[","[0,3000[","[0,3000[",*
1026,"[1000,1050[","[1000,1100[","[1000,1250[","[1000,1500[","[0,3000[","[0,3000[",*
1027,"[1000,1050[","[1000,1100[","[1000,1250[","[1000,1500[","[0,3000[","[0,3000[",*
1028,"[1000,1050[","[1000,1100[","[1000,1250[","[1000,1500[","[0,3000[","[0,3000[",*
1029,"[1000,1050[","[1000,1100[","[1000,1250[","[1000,1500[","[0,3000[","[0,3000[",*
1030,"[1000,1050[","[1000,1100[","[1000,1250[","[1000,1500[","[0,3000[","[0,3000[",*
1031,"[1000,1050[","[1000,1100[","[1000,1250[","[1000,1500[","[0,3000[","[0,3000[",*
1032,"[1000,1050[","[1000,1100[","[1000,1250[","[1000,1500[","[0,3000[","[0,3000[",*
1033,"[1000,1050[","[1000,1100[","[1000,1250[","[1000,1500[","[0,3000[","[0,3000[",*
1034,"[1000,1050[","[1000,1100[","[1000,1250[","[1000,1500[","[0,3000[","[0,3000[",*
1035,"[1000,1050[","[1000,1100[","[1000,1250[","[1000,1500[","[0,3000[","[0,3000[",*
1036,"[1000,1050[","[1000,1100[","[1000,1250[","[1000,1500[","[0,3000[","[0,3000[",*
1037,"[1000,1050[","[1000,1100[","[1000,1250[","[1000,1500[","[0,3000[","[0,3000[",*
1038,"[1000,1050[","[1000,1100[","[1000,1250[","[1000,1500[","[0,3000[","[0,3000[",*
1039,"[1000,1050[","[1000,1100[","[1000,1250[","[1000,1500[","[0,3000[","[0,3000[",*
1040,"[1000,1050[","[1000,1100[","[1000,1250[","[1000,1500[","[0,3000[","[0,3000[",*
1041,"[1000,1050[","[1000,1100[","[1000,1250[","[1000,1500[","[0,3000[","[0,3000[",*
1042,"[1000,1050[","[1000,1100[","[1000,1250[","[1000,1500[","[0,3000[","[0,3000[",*
1043,"[1000,1050[","[1000,1100[","[1000,1250[","[1000,1500[","[0,3000[","[0,3000[",*
1044,"[1000,1050[","[1000,1100[","[1000,1250[","[1000,1500[","[0,3000[","[0,3000[",*
1045,"[1000,1050[","[1000,1100[","[1000,1250[","[1000,1500[","[0,3000[","[0,3000[",*
1046,"[1000,1050[","[1000,1100[","[1000,1250[","[1000,1500[","[0,3000[","[0,3000[",*
1047,"[1000,1050[","[1000,1100[","[1000,1250[","[1000,1500[","[0,3000[","[0,3000[",*
1048,"[1000,1050[","[1000,1100[","[1000,1250[","[1000,1500[","[0,3000[","[0,3000[",*
1049,"[1000,1050[","[1000,1100[","[1000,1250[","[1000,1500[","[0,3000[","[0,3000[",*
1050,"[1050,1100[","[1000,1100[","[1000,1250[","[1000,1500[","[0,3000[","[0,3000[",*
1051,"[1050,1100[","[1000,1100[","[1000,1250[","[1000,1500[","[0,3000[","[0,3000[",*
1052,"[1050,1100[","[1000,1100[","[1000,1250[","[1000,1500[","[0,3000[","[0,3000[",*
1053,"[1050,1100[","[1000,1100[","[1000,1250[","[1000,1500[","[0,3000[","[0,3000[",*
1054,"[1050,1100[","[1000,1100[","[1000,1250[","[1000,1500[","[0,3000[","[0,3000[",*
1055,"[1050,1100[","[1000,1100[","[1000,1250[","[1000,1500[","[0,3000[","[0,3000[",*
1056,"[1050,1100[","[1000,1100[","[1000,1250[","[1000,1500[","[0,3000[","[0,3000[",*
1057,"[1050,1100[","[1000,1100[","[1000,1250[","[1000,1500[","[0,3000[","[0,3000[",*
1058,"[1050,1100[","[1000,1100[","[1000,1250[","[1000,1500[","[0,3000[","[0,3000[",*
1059,"[1050,1100[","[1000,1100[","[1000,1250[","[1000,1500[","[0,3000[","[0,3000[",*
1060,"[1050,1100[","[1000,1100[","[1000,1250[","[1000,1500[","[0,3000[","[0,3000[",*
1061,"[1050,1100[","[1000,1100[","[1000,1250[","[1000,1500[","[0,3000[","[0,3000[",*
1062,"[1050,1100[","[1000,1100[","[1000,1250[","[1000,1500[","[0,3000[","[0,3000[",*
1063,"[1050,1100[","[1000,1100[","[1000,1250[","[1000,1500[","[0,3000[","[0,3000[",*
1064,"[1050,1100[","[1000,1100[","[1000,1250[","[1000,1500[","[0,3000[","[0,3000[",*
1065,"[1050,1100[","[1000,1100[","[1000,1250[","[1000,1500[","[0,3000[","[0,3000[",*
1066,"[1050,1100[","[1000,1100[","[1000,1250[","[1000,1500[","[0,3000[","[0,3000[",*
1067,"[1050,1100[","[1000,1100[","[1000,1250[","[1000,1500[","[0,3000[","[0,3000[",*
1068,"[1050,1100[","[1000,1100[","[1000,1250[","[1000,1500[","[0,3000[","[0,3000[",*
1069,"[1050,1100[","[1000,1100[","[1000,1250[","[1000,1500[","[0,3000[","[0,3000[",*
1070,"[1050,1100[","[1000,1100[","[1000,1250[","[1000,1500[","[0,3000[","[0,3000[",*
1071,"[1050,1100[","[1000,1100[","[1000,1250[","[1000,1500[","[0,3000[","[0,3000[",*
1072,"[1050,1100[","[1000,1100[","[1000,1250[","[1000,1500[","[0,3000[","[0,3000[",*
1073,"[1050,1100[","[1000,1100[","[1000,1250[","[1000,1500[","[0,3000[","[0,3000[",*
1074,"[1050,1100[","[1000,1100[","[1000,1250[","[1000,1500[","[0,3000[","[0,3000[",*
1075,"[1050,1100[","[1000,1100[","[1000,1250[","[1000,1500[","[0,3000[","[0,3000[",*
1076,"[1050,1100[","[1000,1100[","[1000,1250[","[1000,1500[","[0,3000[","[0,3000[",*
1077,"[1050,1100[","[1000,1100[","[1000,1250[","[1000,1500[","[0,3000[","[0,3000[",*
1078,"[1050,1100[","[1000,1100[","[1000,1250[","[1000,1500[","[0,3000[","[0,3000[",*
1079,"[1050,1100[","[1000,1100[","[1000,1250[","[1000,1500[","[0,3000[","[0,3000[",*
1080,"[1050,1100[","[1000,1100[","[1000,1250[","[1000,1500[","[0,3000[","[0,3000[",*
1081,"[1050,1100[","[1000,1100[","[1000,1250[","[1000,1500[","[0,3000[","[0,3000[",*
1082,"[1050,1100[","[1000,1100[","[1000,1250[","[1000,1500[","[0,3000[","[0,3000[",*
1083,"[1050,1100[","[1000,1100[","[1000,1250[","[1000,1500[","[0,3000[","[0,3000[",*
1084,"[1050,1100[","[1000,1100[","[1000,1250[","[1000,1500[","[0,3000[","[0,3000[",*
1085,"[1050,1100[","[1000,1100[","[1000,1250[","[1000,1500[","[0,3000[","[0,3000[",*
1086,"[1050,1100[","[1000,1100[","[1000,1250[","[1000,1500[","[0,3000[","[0,3000[",*
1087,"[1050,1100[","[1000,1100[","[1000,1250[","[1000,1500[","[0,3000[","[0,3000[",*
1088,"[1050,1100[","[1000,1100[","[1000,1250[","[1000,1500[","[0,3000[","[0,3000[",*
1089,"[1050,1100[","[1000,1100[","[1000,1250[","[1000,1500[","[0,3000[","[0,3000[",*
1090,"[1050,1100[","[1000,1100[","[1000,1250[","[1000,1500[","[0,3000[","[0,3000[",*
1091,"[1050,1100[","[1000,1100[","[1000,1250[","[1000,1500[","[0,3000[","[0,3000[",*
1092,"[1050,1100[","[1000,1100[","[1000,1250[","[1000,1500[","[0,3000[","[0,3000[",*
1093,"[1050,1100[","[1000,1100[","[1000,1250[","[1000,1500[","[0,3000[","[0,3000[",*
1094,"[1050,1100[","[1000,1100[","[1000,1250[","[1000,1500[","[0,3000[","[0,3000[",*
1095,"[1050,1100[","[1000,1100[","[1000,1250[","[1000,1500[","[0,3000[","[0,3000[",*
1096,"[1050,1100[","[1000,1100[","[1000,1250[","[1000,1500[","[0,3000[","[0,3000[",*
1097,"[1050,1100[","[1000,1100[","[1000,1250[","[1000,1500[","[0,3000[","[0,3000[",*
1098,"[1050,1100[","[1000,1100[","[1000,1250[","[1000,1500[","[0,3000[","[0,3000[",*
1099,"[1050,1100[","[1000,1100[","[1000,1250[","[1000,1500[","[0,3000[","[0,3000[",*
1100,"[1100,1150[","[1100,1200[","[1000,1250[","[1000,1500[","[0,3000[","[0,3000[",*
1101,"[1100,1150[","[1100,1200[","[1000,1250[","[1000,1500[","[0,3000[","[0,3000[",*
1102,"[1100,1150[","[1100,1200[","[1000,1250[","[1000,1500[","[0,3000[","[0,3000[",*
1103,"[1100,1150[","[1100,1200[","[1000,1250[","[1000,1500[","[0,3000[","[0,3000[",*
1104,"[1100,1150[","[1100,1200[","[1000,1250[","[1000,1500[","[0,3000[","[0,3000[",*
1105,"[1100,1150[","[1100,1200[","[1000,1250[","[1000,1500[","[0,3000[","[0,3000[",*
1106,"[1100,1150[","[1100,1200[","[1000,1250[","[1000,1500[","[0,3000[","[0,3000[",*
1107,"[1100,1150[","[1100,1200[","[1000,1250[","[1000,1500[","[0,3000[","[0,3000[",*
1108,"[1100,1150[","[1100,1200[","[1000,1250[","[1000,1500[","[0,3000[","[0,3000[",*
1109,"[1100,1150[","[1100,1200[","[1000,1250[","[1000,1500[","[0,3000[","[0,3000[",*
1110,"[1100,1150[","[1100,1200[","[1000,1250[","[1000,1500[","[0,3000[","[0,3000[",*
1111,"[1100,1150[","[1100,1200[","[1000,1250[","[1000,1500[","[0,3000[","[0,3000[",*
1112,"[1100,1150[","[1100,1200[","[1000,1250[","[1000,1500[","[0,3000[","[0,3000[",*
1113,"[1100,1150[","[1100,1200[","[1000,1250[","[1000,1500[","[0,3000[","[0,3000[",*
1114,"[1100,1150[","[1100,1200[","[1000,1250[","[1000,1500[","[0,3000[","[0,3000[",*
1115,"[1100,1150[","[1100,1200[","[1000,1250[","[1000,1500[","[0,3000[","[0,3000[",*
1116,"[1100,1150[","[1100,1200[","[1000,1250[","[1000,1500[","[0,3000[","[0,3000[",*
1117,"[1100,1150[","[1100,1200[","[1000,1250[","[1000,1500[","[0,3000[","[0,3000[",*
1118,"[1100,1150[","[1100,1200[","[1000,1250[","[1000,1500[","[0,3000[","[0,3000[",*
1119,"[1100,1150[","[1100,1200[","[1000,1250[","[1000,1500[","[0,3000[","[0,3000[",*
1120,"[1100,1150[","[1100,1200[","[1000,1250[","[1000,1500[","[0,3000[","[0,3000[",*
1121,"[1100,1150[","[1100,1200[","[1000,1250[","[1000,1500[","[0,3000[","[0,3000[",*
1122,"[1100,1150[","[1100,1200[","[1000,1250[","[1000,1500[","[0,3000[","[0,3000[",*
1123,"[1100,1150[","[1100,1200[","[1000,1250[","[1000,1500[","[0,3000[","[0,3000[",*
1124,"[1100,1150[","[1100,1200[","[1000,1250[","[1000,1500[","[0,3000[","[0,3000[",*
1125,"[1100,1150[","[1100,1200[","[1000,1250[","[1000,1500[","[0,3000[","[0,3000[",*
1126,"[1100,1150[","[1100,1200[","[1000,1250[","[1000,1500[","[0,3000[","[0,3000[",*
1127,"[1100,1150[","[1100,1200[","[1000,1250[","[1000,1500[","[0,3000[","[0,3000[",*
1128,"[1100,1150[","[1100,1200[","[1000,1250[","[1000,1500[","[0,3000[","[0,3000[",*
1129,"[1100,1150[","[1100,1200[","[1000,1250[","[1000,1500[","[0,3000[","[0,3000[",*
1130,"[1100,1150[","[1100,1200[","[1000,1250[","[1000,1500[","[0,3000[","[0,3000[",*
1131,"[1100,1150[","[1100,1200[","[1000,1250[","[1000,1500[","[0,3000[","[0,3000[",*
1132,"[1100,1150[","[1100,1200[","[1000,1250[","[1000,1500[","[0,3000[","[0,3000[",*
1133,"[1100,1150[","[1100,1200[","[1000,1250[","[1000,1500[","[0,3000[","[0,3000[",*
1134,"[1100,1150[","[1100,1200[","[1000,1250[","[1000,1500[","[0,3000[","[0,3000[",*
1135,"[1100,1150[","[1100,1200[","[1000,1250[","[1000,1500[","[0,3000[","[0,3000[",*
1136,"[1100,1150[","[1100,1200[","[1000,1250[","[1000,1500[","[0,3000[","[0,3000[",*
1137,"[1100,1150[","[1100,1200[","[1000,1250[","[1000,1500[","[0,3000[","[0,3000[",*
1138,"[1100,1150[","[1100,1200[","[1000,1250[","[1000,1500[","[0,3000[","[0,3000[",*
1139,"[1100,1150[","[1100,1200[","[1000,1250[","[1000,1500[","[0,3000[","[0,3000[",*
1140,"[1100,1150[","[1100,1200[","[1000,1250[","[1000,1500[","[0,3000[","[0,3000[",*
1141,"[1100,1150[","[1100,1200[","[1000,1250[","[1000,1500[","[0,3000[","[0,3000[",*
1142,"[1100,1150[","[1100,1200[","[1000,1250[","[1000,1500[","[0,3000[","[0,3000[",*
1143,"[1100,1150[","[1100,1200[","[1000,1250[","[1000,1500[","[0,3000[","[0,3000[",*
1144,"[1100,1150[","[1100,1200[","[1000,1250[","[1000,1500[","[0,3000[","[0,3000[",*
1145,"[1100,1150[","[1100,1200[","[1000,1250[","[1000,1500[","[0,3000[","[0,3000[",*
1146,"[1100,1150[","[1100,1200[","[1000,1250[","[1000,1500[","[0,3000[","[0,3000[",*
1147,"[1100,1150[","[1100,1200[","[1000,1250[","[1000,1500[","[0,3000[","[0,3000[",*
1148,"[1100,1150[","[1100,1200[","[1000,1250[","[1000,1500[","[0,3000[","[0,3000[",*
1149,"[1100,1150[","[1100,1200[","[1000,1250[","[1000,1500[","[0,3000[","[0,3000[",*
1150,"[1150,1200[","[1100,1200[","[1000,1250[","[1000,1500[","[0,3000[","[0,3000[",*
1151,"[1150,1200[","[1100,1200[","[1000,1250[","[1000,1500[","[0,3000[","[0,3000[",*
1152,"[1150,1200[","[1100,1200[","[1000,1250[","[1000,1500[","[0,3000[","[0,3000[",*
1153,"[1150,1200[","[1100,1200[","[1000,1250[","[1000,1500[","[0,3000[","[0,3000[",*
1154,"[1150,1200[","[1100,1200[","[1000,1250[","[1000,1500[","[0,3000[","[0,3000[",*
1155,"[1150,1200[","[1100,1200[","[1000,1250[","[1000,1500[","[0,3000[","[0,3000[",*
1156,"[1150,1200[","[1100,1200[","[1000,1250[","[1000,1500[","[0,3000[","[0,3000[",*
1157,"[1150,1200[","[1100,1200[","[1000,1250[","[1000,1500[","[0,3000[","[0,3000[",*
1158,"[1150,1200[","[1100,1200[","[1000,1250[","[1000,1500[","[0,3000[","[0,3000[",*
1159,"[1150,1200[","[1100,1200[","[1000,1250[","[1000,1500[","[0,3000[","[0,3000[",*
1160,"[1150,1200[","[1100,1200[","[1000,1250[","[1000,1500[","[0,3000[","[0,3000[",*
1161,"[1150,1200[","[1100,1200[","[1000,1250[","[1000,1500[","[0,3000[","[0,3000[",*
1162,"[1150,1200[","[1100,1200[","[1000,1250[","[1000,1500[","[0,3000[","[0,3000[",*
1163,"[1150,1200[","[1100,1200[","[1000,1250[","[1000,1500[","[0,3000[","[0,3000[",*
1164,"[1150,1200[","[1100,1200[","[1000,1250[","[1000,1500[","[0,3000[","[0,3000[",*
1165,"[1150,1200[","[1100,1200[","[1000,1250[","[1000,1500[","[0,3000[","[0,3000[",*
1166,"[1150,1200[","[1100,1200[","[1000,1250[","[1000,1500[","[0,3000[","[0,3000[",*
1167,"[1150,1200[","[1100,1200[","[1000,1250[","[1000,1500[","[0,3000[","[0,3000[",*
1168,"[1150,1200[","[1100,1200[","[1000,1250[","[1000,1500[","[0,3000[","[0,3000[",*
1169,"[1150,1200[","[1100,1200[","[1000,1250[","[1000,1500[","[0,3000[","[0,3000[",*
1170,"[1150,1200[","[1100,1200[","[1000,1250[","[1000,1500[","[0,3000[","[0,3000[",*
1171,"[1150,1200[","[1100,1200[","[1000,1250[","[1000,1500[","[0,3000[","[0,3000[",*
1172,"[1150,1200[","[1100,1200[","[1000,1250[","[1000,1500[","[0,3000[","[0,3000[",*
1173,"[1150,1200[","[1100,1200[","[1000,1250[","[1000,1500[","[0,3000[","[0,3000[",*
1174,"[1150,1200[","[1100,1200[","[1000,1250[","[1000,1500[","[0,3000[","[0,3000[",*
1175,"[1150,1200[","[1100,1200[","[1000,1250[","[1000,1500[","[0,3000[","[0,3000[",*
1176,"[1150,1200[","[1100,1200[","[1000,1250[","[1000,1500[","[0,3000[","[0,3000[",*
1177,"[1150,1200[","[1100,1200[","[1000,1250[","[1000,1500[","[0,3000[","[0,3000[",*
1178,"[1150,1200[","[1100,1200[","[1000,1250[","[1000,1500[","[0,3000[","[0,3000[",*
1179,"[1150,1200[","[1100,1200[","[1000,1250[","[1000,1500[","[0,3000[","[0,3000[",*
1180,"[1150,1200[","[1100,1200[","[1000,1250[","[1000,1500[","[0,3000[","[0,3000[",*
1181,"[1150,1200[","[1100,1200[","[1000,1250[","[1000,1500[","[0,3000[","[0,3000[",*
1182,"[1150,1200[","[1100,1200[","[1000,1250[","[1000,1500[","[0,3000[","[0,3000[",*
1183,"[1150,1200[","[1100,1200[","[1000,1250[","[1000,1500[","[0,3000[","[0,3000[",*
1184,"[1150,1200[","[1100,1200[","[1000,1250[","[1000,1500[","[0,3000[","[0,3000[",*
1185,"[1150,1200[","[1100,1200[","[1000,1250[","[1000,1500[","[0,3000[","[0,3000[",*
1186,"[1150,1200[","[1100,1200[","[1000,1250[","[1000,1500[","[0,3000[","[0,3000[",*
1187,"[1150,1200[","[1100,1200[","[1000,1250[","[1000,1500[","[0,3000[","[0,3000[",*
1188,"[1150,1200[","[1100,1200[","[1000,1250[","[1000,1500[","[0,3000[","[0,3000[",*
1189,"[1150,1200[","[1100,1200[","[1000,1250[","[1000,1500[","[0,3000[","[0,3000[",*
1190,"[1150,1200[","[1100,1200[","[1000,1250[","[1000,1500[","[0,3000[","[0,3000[",*
1191,"[1150,1200[","[1100,1200[","[1000,1250[","[1000,1500[","[0,3000[","[0,3000[",*
1192,"[1150,1200[","[1100,1200[","[1000,1250[","[1000,1500[","[0,3000[","[0,3000[",*
1193,"[1150,1200[","[1100,1200[","[1000,1250[","[1000,1500[","[0,3000[","[0,3000[",*
1194,"[1150,1200[","[1100,1200[","[1000,1250[","[1000,1500[","[0,3000[","[0,3000[",*
1195,"[1150,1200[","[1100,1200[","[1000,1250[","[1000,1500[","[0,3000[","[0,3000[",*
1196,"[1150,1200[","[1100,1200[","[1000,1250[","[1000,1500[","[0,3000[","[0,3000[",*
1197,"[1150,1200[","[1100,1200[","[1000,1250[","[1000,1500[","[0,3000[","[0,3000[",*
1198,"[1150,1200[","[1100,1200[","[1000,1250[","[1000,1500[","[0,3000[","[0,3000[",*
1199,"[1150,1200[","[1100,1200[","[1000,1250[","[1000,1500[","[0,3000[","[0,3000[",*
1200,"[1200,1500[","[1200,1300[","[1000,1250[","[1000,1500[","[0,3000[","[0,3000[",*
1201,"[1200,1500[","[1200,1300[","[1000,1250[","[1000,1500[","[0,3000[","[0,3000[",*
1202,"[1200,1500[","[1200,1300[","[1000,1250[","[1000,1500[","[0,3000[","[0,3000[",*
1203,"[1200,1500[","[1200,1300[","[1000,1250[","[1000,1500[","[0,3000[","[0,3000[",*
1204,"[1200,1500[","[1200,1300[","[1000,1250[","[1000,1500[","[0,3000[","[0,3000[",*
1205,"[1200,1500[","[1200,1300[","[1000,1250[","[1000,1500[","[0,3000[","[0,3000[",*
1206,"[1200,1500[","[1200,1300[","[1000,1250[","[1000,1500[","[0,3000[","[0,3000[",*
1207,"[1200,1500[","[1200,1300[","[1000,1250[","[1000,1500[","[0,3000[","[0,3000[",*
1208,"[1200,1500[","[1200,1300[","[1000,1250[","[1000,1500[","[0,3000[","[0,3000[",*
1209,"[1200,1500[","[1200,1300[","[1000,1250[","[1000,1500[","[0,3000[","[0,3000[",*
1210,"[1200,1500[","[1200,1300[","[1000,1250[","[1000,1500[","[0,3000[","[0,3000[",*
1211,"[1200,1500[","[1200,1300[","[1000,1250[","[1000,1500[","[0,3000[","[0,3000[",*
1212,"[1200,1500[","[1200,1300[","[1000,1250[","[1000,1500[","[0,3000[","[0,3000[",*
1213,"[1200,1500[","[1200,1300[","[1000,1250[","[1000,1500[","[0,3000[","[0,3000[",*
1214,"[1200,1500[","[1200,1300[","[1000,1250[","[1000,1500[","[0,3000[","[0,3000[",*
1215,"[1200,1500[","[1200,1300[","[1000,1250[","[1000,1500[","[0,3000[","[0,3000[",*
1216,"[1200,1500[","[1200,1300[","[1000,1250[","[1000,1500[","[0,3000[","[0,3000[",*
1217,"[1200,1500[","[1200,1300[","[1000,1250[","[1000,1500[","[0,3000[","[0,3000[",*
1218,"[1200,1500[","[1200,1300[","[1000,1250[","[1000,1500[","[0,3000[","[0,3000[",*
1219,"[1200,1500[","[1200,1300[","[1000,1250[","[1000,1500[","[0,3000[","[0,3000[",*
1220,"[1200,1500[","[1200,1300[","[1000,1250[","[1000,1500[","[0,3000[","[0,3000[",*
1221,"[1200,1500[","[1200,1300[","[1000,1250[","[1000,1500[","[0,3000[","[0,3000[",*
1222,"[1200,1500[","[1200,1300[","[1000,1250[","[1000,1500[","[0,3000[","[0,3000[",*
1223,"[1200,1500[","[1200,1300[","[1000,1250[","[1000,1500[","[0,3000[","[0,3000[",*
1224,"[1200,1500[","[1200,1300[","[1000,1250[","[1000,1500[","[0,3000[","[0,3000[",*
1225,"[1200,1500[","[1200,1300[","[1000,1250[","[1000,1500[","[0,3000[","[0,3000[",*
1226,"[1200,1500[","[1200,1300[","[1000,1250[","[1000,1500[","[0,3000[","[0,3000[",*
1227,"[1200,1500[","[1200,1300[","[1000,1250[","[1000,1500[","[0,3000[","[0,3000[",*
1228,"[1200,1500[","[1200,1300[","[1000,1250[","[1000,1500[","[0,3000[","[0,3000[",*
1229,"[1200,1500[","[1200,1300[","[1000,1250[","[1000,1500[","[0,3000[","[0,3000[",*
1230,"[1200,1500[","[1200,1300[","[1000,1250[","[1000,1500[","[0,3000[","[0,3000[",*
1231,"[1200,1500[","[1200,1300[","[1000,1250[","[1000,1500[","[0,3000[","[0,3000[",*
1232,"[1200,1500[","[1200,1300[","[1000,1250[","[1000,1500[","[0,3000[","[0,3000[",*
1233,"[1200,1500[","[1200,1300[","[1000,1250[","[1000,1500[","[0,3000[","[0,3000[",*
1234,"[1200,1500[","[1200,1300[","[1000,1250[","[1000,1500[","[0,3000[","[0,3000[",*
1235,"[1200,1500[","[1200,1300[","[1000,1250[","[1000,1500[","[0,3000[","[0,3000[",*
1236,"[1200,1500[","[1200,1300[","[1000,1250[","[1000,1500[","[0,3000[","[0,3000[",*
1237,"[1200,1500[","[1200,1300[","[1000,1250[","[1000,1500[","[0,3000[","[0,3000[",*
1238,"[1200,1500[","[1200,1300[","[1000,1250[","[1000,1500[","[0,3000[","[0,3000[",*
1239,"[1200,1500[","[1200,1300[","[1000,1250[","[1000,1500[","[0,3000[","[0,3000[",*
1240,"[1200,1500[","[1200,1300[","[1000,1250[","[1000,1500[","[0,3000[","[0,3000[",*
1241,"[1200,1500[","[1200,1300[","[1000,1250[","[1000,1500[","[0,3000[","[0,3000[",*
1242,"[1200,1500[","[1200,1300[","[1000,1250[","[1000,1500[","[0,3000[","[0,3000[",*
1243,"[1200,1500[","[1200,1300[","[1000,1250[","[1000,1500[","[0,3000[","[0,3000[",*
1244,"[1200,1500[","[1200,1300[","[1000,1250[","[1000,1500[","[0,3000[","[0,3000[",*
1245,"[1200,1500[","[1200,1300[","[1000,1250[","[1000,1500[","[0,3000[","[0,3000[",*
1246,"[1200,1500[","[1200,1300[","[1000,1250[","[1000,1500[","[0,3000[","[0,3000[",*
1247,"[1200,1500[","[1200,1300[","[1000,1250[","[1000,1500[","[0,3000[","[0,3000[",*
1248,"[1200,1500[","[1200,1300[","[1000,1250[","[1000,1500[","[0,3000[","[0,3000[",*
1249,"[1200,1500[","[1200,1300[","[1000,1250[","[1000,1500[","[0,3000[","[0,3000[",*
1250,"[1200,1500[","[1200,1300[","[1250,1500[","[1000,1500[","[0,3000[","[0,3000[",*
1251,"[1200,1500[","[1200,1300[","[1250,1500[","[1000,1500[","[0,3000[","[0,3000[",*
1252,"[1200,1500[","[1200,1300[","[1250,1500[","[1000,1500[","[0,3000[","[0,3000[",*
1253,"[1200,1500[","[1200,1300[","[1250,1500[","[1000,1500[","[0,3000[","[0,3000[",*
1254,"[1200,1500[","[1200,1300[","[1250,1500[","[1000,1500[","[0,3000[","[0,3000[",*
1255,"[1200,1500[","[1200,1300[","[1250,1500[","[1000,1500[","[0,3000[","[0,3000[",*
1256,"[1200,1500[","[1200,1300[","[1250,1500[","[1000,1500[","[0,3000[","[0,3000[",*
1257,"[1200,1500[","[1200,1300[","[1250,1500[","[1000,1500[","[0,3000[","[0,3000[",*
1258,"[1200,1500[","[1200,1300[","[1250,1500[","[1000,1500[","[0,3000[","[0,3000[",*
1259,"[1200,1500[","[1200,1300[","[1250,1500[","[1000,1500[","[0,3000[","[0,3000[",*
1260,"[1200,1500[","[1200,1300[","[1250,1500[","[1000,1500[","[0,3000[","[0,3000[",*
1261,"[1200,1500[","[1200,1300[","[1250,1500[","[1000,1500[","[0,3000[","[0,3000[",*
1262,"[1200,1500[","[1200,1300[","[1250,1500[","[1000,1500[","[0,3000[","[0,3000[",*
1263,"[1200,1500[","[1200,1300[","[1250,1500[","[1000,1500[","[0,3000[","[0,3000[",*
1264,"[1200,1500[","[1200,1300[","[1250,1500[","[1000,1500[","[0,3000[","[0,3000[",*
1265,"[1200,1500[","[1200,1300[","[1250,1500[","[1000,1500[","[0,3000[","[0,3000[",*
1266,"[1200,1500[","[1200,1300[","[1250,1500[","[1000,1500[","[0,3000[","[0,3000[",*
1267,"[1200,1500[","[1200,1300[","[1250,1500[","[1000,1500[","[0,3000[","[0,3000[",*
1268,"[1200,1500[","[1200,1300[","[1250,1500[","[1000,1500[","[0,3000[","[0,3000[",*
1269,"[1200,1500[","[1200,1300[","[1250,1500[","[1000,1500[","[0,3000[","[0,3000[",*
1270,"[1200,1500[","[1200,1300[","[1250,1500[","[1000,1500[","[0,3000[","[0,3000[",*
1271,"[1200,1500[","[1200,1300[","[1250,1500[","[1000,1500[","[0,3000[","[0,3000[",*
1272,"[1200,1500[","[1200,1300[","[1250,1500[","[1000,1500[","[0,3000[","[0,3000[",*
1273,"[1200,1500[","[1200,1300[","[1250,1500[","[1000,1500[","[0,3000[","[0,3000[",*
1274,"[1200,1500[","[1200,1300[","[1250,1500[","[1000,1500[","[0,3000[","[0,3000[",*
1275,"[1200,1500[","[1200,1300[","[1250,1500[","[1000,1500[","[0,3000[","[0,3000[",*
1276,"[1200,1500[","[1200,1300[","[1250,1500[","[1000,1500[","[0,3000[","[0,3000[",*
1277,"[1200,1500[","[1200,1300[","[1250,1500[","[1000,1500[","[0,3000[","[0,3000[",*
1278,"[1200,1500[","[1200,1300[","[1250,1500[","[1000,1500[","[0,3000[","[0,3000[",*
1279,"[1200,1500[","[1200,1300[","[1250,1500[","[1000,1500[","[0,3000[","[0,3000[",*
1280,"[1200,1500[","[1200,1300[","[1250,1500[","[1000,1500[","[0,3000[","[0,3000[",*
1281,"[1200,1500[","[1200,1300[","[1250,1500[","[1000,1500[","[0,3000[","[0,3000[",*
1282,"[1200,1500[","[1200,1300[","[1250,1500[","[1000,1500[","[0,3000[","[0,3000[",*
1283,"[1200,1500[","[1200,1300[","[1250,1500[","[1000,1500[","[0,3000[","[0,3000[",*
1284,"[1200,1500[","[1200,1300[","[1250,1500[","[1000,1500[","[0,3000[","[0,3000[",*
1285,"[1200,1500[","[1200,1300[","[1250,1500[","[1000,1500[","[0,3000[","[0,3000[",*
1286,"[1200,1500[","[1200,1300[","[1250,1500[","[1000,1500[","[0,3000[","[0,3000[",*
1287,"[1200,1500[","[1200,1300[","[1250,1500[","[1000,1500[","[0,3000[","[0,3000[",*
1288,"[1200,1500[","[1200,1300[","[1250,1500[","[1000,1500[","[0,3000[","[0,3000[",*
1289,"[1200,1500[","[1200,1300[","[1250,1500[","[1000,1500[","[0,3000[","[0,3000[",*
1290,"[1200,1500[","[1200,1300[","[1250,1500[","[1000,1500[","[0,3000[","[0,3000[",*
1291,"[1200,1500[","[1200,1300[","[1250,1500[","[1000,1500[","[0,3000[","[0,3000[",*
1292,"[1200,1500[","[1200,1300[","[1250,1500[","[1000,1500[","[0,3000[","[0,3000[",*
1293,"[1200,1500[","[1200,1300[","[1250,1500[","[1000,1500[","[0,3000[","[0,3000[",*
1294,"[1200,1500[","[1200,1300[","[1250,1500[","[1000,1500[","[0,3000[","[0,3000[",*
1295,"[1200,1500[","[1200,1300[","[1250,1500[","[1000,1500[","[0,3000[","[0,3000[",*
1296,"[1200,1500[","[1200,1300[","[1250,1500[","[1000,1500[","[0,3000[","[0,3000[",*
1297,"[1200,1500[","[1200,1300[","[1250,1500[","[1000,1500[","[0,3000[","[0,3000[",*
1298,"[1200,1500[","[1200,1300[","[1250,1500[","[1000,1500[","[0,3000[","[0,3000[",*
1299,"[1200,1500[","[1200,1300[","[1250,1500[","[1000,1500[","[0,3000[","[0,3000[",*
1300,"[1200,1500[","[1300,1400[","[1250,1500[","[1000,1500[","[0,3000[","[0,3000[",*
1301,"[1200,1500[","[1300,1400[","[1250,1500[","[1000,1500[","[0,3000[","[0,3000[",*
1302,"[1200,1500[","[1300,1400[","[1250,1500[","[1000,1500[","[0,3000[","[0,3000[",*
1303,"[1200,1500[","[1300,1400[","[1250,1500[","[1000,1500[","[0,3000[","[0,3000[",*
1304,"[1200,1500[","[1300,1400[","[1250,1500[","[1000,1500[","[0,3000[","[0,3000[",*
1305,"[1200,1500[","[1300,1400[","[1250,1500[","[1000,1500[","[0,3000[","[0,3000[",*
1306,"[1200,1500[","[1300,1400[","[1250,1500[","[1000,1500[","[0,3000[","[0,3000[",*
1307,"[1200,1500[","[1300,1400[","[1250,1500[","[1000,1500[","[0,3000[","[0,3000[",*
1308,"[1200,1500[","[1300,1400[","[1250,1500[","[1000,1500[","[0,3000[","[0,3000[",*
1309,"[1200,1500[","[1300,1400[","[1250,1500[","[1000,1500[","[0,3000[","[0,3000[",*
1310,"[1200,1500[","[1300,1400[","[1250,1500[","[1000,1500[","[0,3000[","[0,3000[",*
1311,"[1200,1500[","[1300,1400[","[1250,1500[","[1000,1500[","[0,3000[","[0,3000[",*
1312,"[1200,1500[","[1300,1400[","[1250,1500[","[1000,1500[","[0,3000[","[0,3000[",*
1313,"[1200,1500[","[1300,1400[","[1250,1500[","[1000,1500[","[0,3000[","[0,3000[",*
1314,"[1200,1500[","[1300,1400[","[1250,1500[","[1000,1500[","[0,3000[","[0,3000[",*
1315,"[1200,1500[","[1300,1400[","[1250,1500[","[1000,1500[","[0,3000[","[0,3000[",*
1316,"[1200,1500[","[1300,1400[","[1250,1500[","[1000,1500[","[0,3000[","[0,3000[",*
1317,"[1200,1500[","[1300,1400[","[1250,1500[","[1000,1500[","[0,3000[","[0,3000[",*
1318,"[1200,1500[","[1300,1400[","[1250,1500[","[1000,1500[","[0,3000[","[0,3000[",*
1319,"[1200,1500[","[1300,1400[","[1250,1500[","[1000,1500[","[0,3000[","[0,3000[",*
1320,"[1200,1500[","[1300,1400[","[1250,1500[","[1000,1500[","[0,3000[","[0,3000[",*
1321,"[1200,1500[","[1300,1400[","[1250,1500[","[1000,1500[","[0,3000[","[0,3000[",*
1322,"[1200,1500[","[1300,1400[","[1250,1500[","[1000,1500[","[0,3000[","[0,3000[",*
1323,"[1200,1500[","[1300,1400[","[1250,1500[","[1000,1500[","[0,3000[","[0,3000[",*
1324,"[1200,1500[","[1300,1400[","[1250,1500[","[1000,1500[","[0,3000[","[0,3000[",*
1325,"[1200,1500[","[1300,1400[","[1250,1500[","[1000,1500[","[0,3000[","[0,3000[",*
1326,"[1200,1500[","[1300,1400[","[1250,1500[","[1000,1500[","[0,3000[","[0,3000[",*
1327,"[1200,1500[","[1300,1400[","[1250,1500[","[1000,1500[","[0,3000[","[0,3000[",*
1328,"[1200,1500[","[1300,1400[","[1250,1500[","[1000,1500[","[0,3000[","[0,3000[",*
1329,"[1200,1500[","[1300,1400[","[1250,1500[","[1000,1500[","[0,3000[","[0,3000[",*
1330,"[1200,1500[","[1300,1400[","[1250,1500[","[1000,1500[","[0,3000[","[0,3000[",*
1331,"[1200,1500[","[1300,1400[","[1250,1500[","[1000,1500[","[0,3000[","[0,3000[",*
1332,"[1200,1500[","[1300,1400[","[1250,1500[","[1000,1500[","[0,3000[","[0,3000[",*
1333,"[1200,1500[","[1300,1400[","[1250,1500[","[1000,1500[","[0,3000[","[0,3000[",*
1334,"[1200,1500[","[1300,1400[","[1250,1500[","[1000,1500[","[0,3000[","[0,3000[",*
1335,"[1200,1500[","[1300,1400[","[1250,1500[","[1000,1500[","[0,3000[","[0,3000[",*
1336,"[1200,1500[","[1300,1400[","[1250,1500[","[1000,1500[","[0,3000[","[0,3000[",*
1337,"[1200,1500[","[1300,1400[","[1250,1500[","[1000,1500[","[0,3000[","[0,3000[",*
1338,"[1200,1500[","[1300,1400[","[1250,1500[","[1000,1500[","[0,3000[","[0,3000[",*
1339,"[1200,1500[","[1300,1400[","[1250,1500[","[1000,1500[","[0,3000[","[0,3000[",*
1340,"[1200,1500[","[1300,1400[","[1250,1500[","[1000,1500[","[0,3000[","[0,3000[",*
1341,"[1200,1500[","[1300,1400[","[1250,1500[","[1000,1500[","[0,3000[","[0,3000[",*
1342,"[1200,1500[","[1300,1400[","[1250,1500[","[1000,1500[","[0,3000[","[0,3000[",*
1343,"[1200,1500[","[1300,1400[","[1250,1500[","[1000,1500[","[0,3000[","[0,3000[",*
1344,"[1200,1500[","[1300,1400[","[1250,1500[","[1000,1500[","[0,3000[","[0,3000[",*
1345,"[1200,1500[","[1300,1400[","[1250,1500[","[1000,1500[","[0,3000[","[0,3000[",*
1346,"[1200,1500[","[1300,1400[","[1250,1500[","[1000,1500[","[0,3000[","[0,3000[",*
1347,"[1200,1500[","[1300,1400[","[1250,1500[","[1000,1500[","[0,3000[","[0,3000[",*
1348,"[1200,1500[","[1300,1400[","[1250,1500[","[1000,1500[","[0,3000[","[0,3000[",*
1349,"[1200,1500[","[1300,1400[","[1250,1500[","[1000,1500[","[0,3000[","[0,3000[",*
1350,"[1200,1500[","[1300,1400[","[1250,1500[","[1000,1500[","[0,3000[","[0,3000[",*
1351,"[1200,1500[","[1300,1400[","[1250,1500[","[1000,1500[","[0,3000[","[0,3000[",*
1352,"[1200,1500[","[1300,1400[","[1250,1500[","[1000,1500[","[0,3000[","[0,3000[",*
1353,"[1200,1500[","[1300,1400[","[1250,1500[","[1000,1500[","[0,3000[","[0,3000[",*
1354,"[1200,1500[","[1300,1400[","[1250,1500[","[1000,1500[","[0,3000[","[0,3000[",*
1355,"[1200,1500[","[1300,1400[","[1250,1500[","[1000,1500[","[0,3000[","[0,3000[",*
1356,"[1200,1500[","[1300,1400[","[1250,1500[","[1000,1500[","[0,3000[","[0,3000[",*
1357,"[1200,1500[","[1300,1400[","[1250,1500[","[1000,1500[","[0,3000[","[0,3000[",*
1358,"[1200,1500[","[1300,1400[","[1250,1500[","[1000,1500[","[0,3000[","[0,3000[",*
1359,"[1200,1500[","[1300,1400[","[1250,1500[","[1000,1500[","[0,3000[","[0,3000[",*
1360,"[1200,1500[","[1300,1400[","[1250,1500[","[1000,1500[","[0,3000[","[0,3000[",*
1361,"[1200,1500[","[1300,1400[","[1250,1500[","[1000,1500[","[0,3000[","[0,3000[",*
1362,"[1200,1500[","[1300,1400[","[1250,1500[","[1000,1500[","[0,3000[","[0,3000[",*
1363,"[1200,1500[","[1300,1400[","[1250,1500[","[1000,1500[","[0,3000[","[0,3000[",*
1364,"[1200,1500[","[1300,1400[","[1250,1500[","[1000,1500[","[0,3000[","[0,3000[",*
1365,"[1200,1500[","[1300,1400[","[1250,1500[","[1000,1500[","[0,3000[","[0,3000[",*
1366,"[1200,1500[","[1300,1400[","[1250,1500[","[1000,1500[","[0,3000[","[0,3000[",*
1367,"[1200,1500[","[1300,1400[","[1250,1500[","[1000,1500[","[0,3000[","[0,3000[",*
1368,"[1200,1500[","[1300,1400[","[1250,1500[","[1000,1500[","[0,3000[","[0,3000[",*
1369,"[1200,1500[","[1300,1400[","[1250,1500[","[1000,1500[","[0,3000[","[0,3000[",*
1370,"[1200,1500[","[1300,1400[","[1250,1500[","[1000,1500[","[0,3000[","[0,3000[",*
1371,"[1200,1500[","[1300,1400[","[1250,1500[","[1000,1500[","[0,3000[","[0,3000[",*
1372,"[1200,1500[","[1300,1400[","[1250,1500[","[1000,1500[","[0,3000[","[0,3000[",*
1373,"[1200,1500[","[1300,1400[","[1250,1500[","[1000,1500[","[0,3000[","[0,3000[",*
1374,"[1200,1500[","[1300,1400[","[1250,1500[","[1000,1500[","[0,3000[","[0,3000[",*
1375,"[1200,1500[","[1300,1400[","[1250,1500[","[1000,1500[","[0,3000[","[0,3000[",*
1376,"[1200,1500[","[1300,1400[","[1250,1500[","[1000,1500[","[0,3000[","[0,3000[",*
1377,"[1200,1500[","[1300,1400[","[1250,1500[","[1000,1500[","[0,3000[","[0,3000[",*
1378,"[1200,1500[","[1300,1400[","[1250,1500[","[1000,1500[","[0,3000[","[0,3000[",*
1379,"[1200,1500[","[1300,1400[","[1250,1500[","[1000,1500[","[0,3000[","[0,3000[",*
1380,"[1200,1500[","[1300,1400[","[1250,1500[","[1000,1500[","[0,3000[","[0,3000[",*
1381,"[1200,1500[","[1300,1400[","[1250,1500[","[1000,1500[","[0,3000[","[0,3000[",*
1382,"[1200,1500[","[1300,1400[","[1250,1500[","[1000,1500[","[0,3000[","[0,3000[",*
1383,"[1200,1500[","[1300,1400[","[1250,1500[","[1000,1500[","[0,3000[","[0,3000[",*
1384,"[1200,1500[","[1300,1400[","[1250,1500[","[1000,1500[","[0,3000[","[0,3000[",*
1385,"[1200,1500[","[1300,1400[","[1250,1500[","[1000,1500[","[0,3000[","[0,3000[",*
1386,"[1200,1500[","[1300,1400[","[1250,1500[","[1000,1500[","[0,3000[","[0,3000[",*
1387,"[1200,1500[","[1300,1400[","[1250,1500[","[1000,1500[","[0,3000[","[0,3000[",*
1388,"[1200,1500[","[1300,1400[","[1250,1500[","[1000,1500[","[0,3000[","[0,3000[",*
1389,"[1200,1500[","[1300,1400[","[1250,1500[","[1000,1500[","[0,3000[","[0,3000[",*
1390,"[1200,1500[","[1300,1400[","[1250,1500[","[1000,1500[","[0,3000[","[0,3000[",*
1391,"[1200,1500[","[1300,1400[","[1250,1500[","[1000,1500[","[0,3000[","[0,3000[",*
1392,"[1200,1500[","[1300,1400[","[1250,1500[","[1000,1500[","[0,3000[","[0,3000[",*
1393,"[1200,1500[","[1300,1400[","[1250,1500[","[1000,1500[","[0,3000[","[0,3000[",*
1394,"[1200,1500[","[1300,1400[","[1250,1500[","[1000,1500[","[0,3000[","[0,3000[",*
1395,"[1200,1500[","[1300,1400[","[1250,1500[","[1000,1500[","[0,3000[","[0,3000[",*
1396,"[1200,1500[","[1300,1400[","[1250,1500[","[1000,1500[","[0,3000[","[0,3000[",*
1397,"[1200,1500[","[1300,1400[","[1250,1500[","[1000,1500[","[0,3000[","[0,3000[",*
1398,"[1200,1500[","[1300,1400[","[1250,1500[","[1000,1500[","[0,3000[","[0,3000[",*
1399,"[1200,1500[","[1300,1400[","[1250,1500[","[1000,1500[","[0,3000[","[0,3000[",*
1400,"[1200,1500[","[1400,1500[","[1250,1500[","[1000,1500[","[0,3000[","[0,3000[",*
1401,"[1200,1500[","[1400,1500[","[1250,1500[","[1000,1500[","[0,3000[","[0,3000[",*
1402,"[1200,1500[","[1400,1500[","[1250,1500[","[1000,1500[","[0,3000[","[0,3000[",*
1403,"[1200,1500[","[1400,1500[","[1250,1500[","[1000,1500[","[0,3000[","[0,3000[",*
1404,"[1200,1500[","[1400,1500[","[1250,1500[","[1000,1500[","[0,3000[","[0,3000[",*
1405,"[1200,1500[","[1400,1500[","[1250,1500[","[1000,1500[","[0,3000[","[0,3000[",*
1406,"[1200,1500[","[1400,1500[","[1250,1500[","[1000,1500[","[0,3000[","[0,3000[",*
1407,"[1200,1500[","[1400,1500[","[1250,1500[","[1000,1500[","[0,3000[","[0,3000[",*
1408,"[1200,1500[","[1400,1500[","[1250,1500[","[1000,1500[","[0,3000[","[0,3000[",*
1409,"[1200,1500[","[1400,1500[","[1250,1500[","[1000,1500[","[0,3000[","[0,3000[",*
1410,"[1200,1500[","[1400,1500[","[1250,1500[","[1000,1500[","[0,3000[","[0,3000[",*
1411,"[1200,1500[","[1400,1500[","[1250,1500[","[1000,1500[","[0,3000[","[0,3000[",*
1412,"[1200,1500[","[1400,1500[","[1250,1500[","[1000,1500[","[0,3000[","[0,3000[",*
1413,"[1200,1500[","[1400,1500[","[1250,1500[","[1000,1500[","[0,3000[","[0,3000[",*
1414,"[1200,1500[","[1400,1500[","[1250,1500[","[1000,1500[","[0,3000[","[0,3000[",*
1415,"[1200,1500[","[1400,1500[","[1250,1500[","[1000,1500[","[0,3000[","[0,3000[",*
1416,"[1200,1500[","[1400,1500[","[1250,1500[","[1000,1500[","[0,3000[","[0,3000[",*
1417,"[1200,1500[","[1400,1500[","[1250,1500[","[1000,1500[","[0,3000[","[0,3000[",*
1418,"[1200,1500[","[1400,1500[","[1250,1500[","[1000,1500[","[0,3000[","[0,3000[",*
1419,"[1200,1500[","[1400,1500[","[1250,1500[","[1000,1500[","[0,3000[","[0,3000[",*
1420,"[1200,1500[","[1400,1500[","[1250,1500[","[1000,1500[","[0,3000[","[0,3000[",*
1421,"[1200,1500[","[1400,1500[","[1250,1500[","[1000,1500[","[0,3000[","[0,3000[",*
1422,"[1200,1500[","[1400,1500[","[1250,1500[","[1000,1500[","[0,3000[","[0,3000[",*
1423,"[1200,1500[","[1400,1500[","[1250,1500[","[1000,1500[","[0,3000[","[0,3000[",*
1424,"[1200,1500[","[1400,1500[","[1250,1500[","[1000,1500[","[0,3000[","[0,3000[",*
1425,"[1200,1500[","[1400,1500[","[1250,1500[","[1000,1500[","[0,3000[","[0,3000[",*
1426,"[1200,1500[","[1400,1500[","[1250,1500[","[1000,1500[","[0,3000[","[0,3000[",*
1427,"[1200,1500[","[1400,1500[","[1250,1500[","[1000,1500[","[0,3000[","[0,3000[",*
1428,"[1200,1500[","[1400,1500[","[1250,1500[","[1000,1500[","[0,3000[","[0,3000[",*
1429,"[1200,1500[","[1400,1500[","[1250,1500[","[1000,1500[","[0,3000[","[0,3000[",*
1430,"[1200,1500[","[1400,1500[","[1250,1500[","[1000,1500[","[0,3000[","[0,3000[",*
1431,"[1200,1500[","[1400,1500[","[1250,1500[","[1000,1500[","[0,3000[","[0,3000[",*
1432,"[1200,1500[","[1400,1500[","[1250,1500[","[1000,1500[","[0,3000[","[0,3000[",*
1433,"[1200,1500[","[1400,1500[","[1250,1500[","[1000,1500[","[0,3000[","[0,3000[",*
1434,"[1200,1500[","[1400,1500[","[1250,1500[","[1000,1500[","[0,3000[","[0,3000[",*
1435,"[1200,1500[","[1400,1500[","[1250,1500[","[1000,1500[","[0,3000[","[0,3000[",*
1436,"[1200,1500[","[1400,1500[","[1250,1500[","[1000,1500[","[0,3000[","[0,3000[",*
1437,"[1200,1500[","[1400,1500[","[1250,1500[","[1000,1500[","[0,3000[","[0,3000[",*
1438,"[1200,1500[","[1400,1500[","[1250,1500[","[1000,1500[","[0,3000[","[0,3000[",*
1439,"[1200,1500[","[1400,1500[","[1250,1500[","[1000,1500[","[0,3000[","[0,3000[",*
1440,"[1200,1500[","[1400,1500[","[1250,1500[","[1000,1500[","[0,3000[","[0,3000[",*
1441,"[1200,1500[","[1400,1500[","[1250,1500[","[1000,1500[","[0,3000[","[0,3000[",*
1442,"[1200,1500[","[1400,1500[","[1250,1500[","[1000,1500[","[0,3000[","[0,3000[",*
1443,"[1200,1500[","[1400,1500[","[1250,1500[","[1000,1500[","[0,3000[","[0,3000[",*
1444,"[1200,1500[","[1400,1500[","[1250,1500[","[1000,1500[","[0,3000[","[0,3000[",*
1445,"[1200,1500[","[1400,1500[","[1250,1500[","[1000,1500[","[0,3000[","[0,3000[",*
1446,"[1200,1500[","[1400,1500[","[1250,1500[","[1000,1500[","[0,3000[","[0,3000[",*
1447,"[1200,1500[","[1400,1500[","[1250,1500[","[1000,1500[","[0,3000[","[0,3000[",*
1448,"[1200,1500[","[1400,1500[","[1250,1500[","[1000,1500[","[0,3000[","[0,3000[",*
1449,"[1200,1500[","[1400,1500[","[1250,1500[","[1000,1500[","[0,3000[","[0,3000[",*
1450,"[1200,1500[","[1400,1500[","[1250,1500[","[1000,1500[","[0,3000[","[0,3000[",*
1451,"[1200,1500[","[1400,1500[","[1250,1500[","[1000,1500[","[0,3000[","[0,3000[",*
1452,"[1200,1500[","[1400,1500[","[1250,1500[","[1000,1500[","[0,3000[","[0,3000[",*
1453,"[1200,1500[","[1400,1500[","[1250,1500[","[1000,1500[","[0,3000[","[0,3000[",*
1454,"[1200,1500[","[1400,1500[","[1250,1500[","[1000,1500[","[0,3000[","[0,3000[",*
1455,"[1200,1500[","[1400,1500[","[1250,1500[","[1000,1500[","[0,3000[","[0,3000[",*
1456,"[1200,1500[","[1400,1500[","[1250,1500[","[1000,1500[","[0,3000[","[0,3000[",*
1457,"[1200,1500[","[1400,1500[","[1250,1500[","[1000,1500[","[0,3000[","[0,3000[",*
1458,"[1200,1500[","[1400,1500[","[1250,1500[","[1000,1500[","[0,3000[","[0,3000[",*
1459,"[1200,1500[","[1400,1500[","[1250,1500[","[1000,1500[","[0,3000[","[0,3000[",*
1460,"[1200,1500[","[1400,1500[","[1250,1500[","[1000,1500[","[0,3000[","[0,3000[",*
1461,"[1200,1500[","[1400,1500[","[1250,1500[","[1000,1500[","[0,3000[","[0,3000[",*
1462,"[1200,1500[","[1400,1500[","[1250,1500[","[1000,1500[","[0,3000[","[0,3000[",*
1463,"[1200,1500[","[1400,1500[","[1250,1500[","[1000,1500[","[0,3000[","[0,3000[",*
1464,"[1200,1500[","[1400,1500[","[1250,1500[","[1000,1500[","[0,3000[","[0,3000[",*
1465,"[1200,1500[","[1400,1500[","[1250,1500[","[1000,1500[","[0,3000[","[0,3000[",*
1466,"[1200,1500[","[1400,1500[","[1250,1500[","[1000,1500[","[0,3000[","[0,3000[",*
1467,"[1200,1500[","[1400,1500[","[1250,1500[","[1000,1500[","[0,3000[","[0,3000[",*
1468,"[1200,1500[","[1400,1500[","[1250,1500[","[1000,1500[","[0,3000[","[0,3000[",*
1469,"[1200,1500[","[1400,1500[","[1250,1500[","[1000,1500[","[0,3000[","[0,3000[",*
1470,"[1200,1500[","[1400,1500[","[1250,1500[","[1000,1500[","[0,3000[","[0,3000[",*
1471,"[1200,1500[","[1400,1500[","[1250,1500[","[1000,1500[","[0,3000[","[0,3000[",*
1472,"[1200,1500[","[1400,1500[","[1250,1500[","[1000,1500[","[0,3000[","[0,3000[",*
1473,"[1200,1500[","[1400,1500[","[1250,1500[","[1000,1500[","[0,3000[","[0,3000[",*
1474,"[1200,1500[","[1400,1500[","[1250,1500[","[1000,1500[","[0,3000[","[0,3000[",*
1475,"[1200,1500[","[1400,1500[","[1250,1500[","[1000,1500[","[0,3000[","[0,3000[",*
1476,"[1200,1500[","[1400,1500[","[1250,1500[","[1000,1500[","[0,3000[","[0,3000[",*
1477,"[1200,1500[","[1400,1500[","[1250,1500[","[1000,1500[","[0,3000[","[0,3000[",*
1478,"[1200,1500[","[1400,1500[","[1250,1500[","[1000,1500[","[0,3000[","[0,3000[",*
1479,"[1200,1500[","[1400,1500[","[1250,1500[","[1000,1500[","[0,3000[","[0,3000[",*
1480,"[1200,1500[","[1400,1500[","[1250,1500[","[1000,1500[","[0,3000[","[0,3000[",*
1481,"[1200,1500[","[1400,1500[","[1250,1500[","[1000,1500[","[0,3000[","[0,3000[",*
1482,"[1200,1500[","[1400,1500[","[1250,1500[","[1000,1500[","[0,3000[","[0,3000[",*
1483,"[1200,1500[","[1400,1500[","[1250,1500[","[1000,1500[","[0,3000[","[0,3000[",*
1484,"[1200,1500[","[1400,1500[","[1250,1500[","[1000,1500[","[0,3000[","[0,3000[",*
1485,"[1200,1500[","[1400,1500[","[1250,1500[","[1000,1500[","[0,3000[","[0,3000[",*
1486,"[1200,1500[","[1400,1500[","[1250,1500[","[1000,1500[","[0,3000[","[0,3000[",*
1487,"[1200,1500[","[1400,1500[","[1250,1500[","[1000,1500[","[0,3000[","[0,3000[",*
1488,"[1200,1500[","[1400,1500[","[1250,1500[","[1000,1500[","[0,3000[","[0,3000[",*
1489,"[1200,1500[","[1400,1500[","[1250,1500[","[1000,1500[","[0,3000[","[0,3000[",*
1490,"[1200,1500[","[1400,1500[","[1250,1500[","[1000,1500[","[0,3000[","[0,3000[",*
1491,"[1200,1500[","[1400,1500[","[1250,1500[","[1000,1500[","[0,3000[","[0,3000[",*
1492,"[1200,1500[","[1400,1500[","[1250,1500[","[1000,1500[","[0,3000[","[0,3000[",*
1493,"[1200,1500[","[1400,1500[","[1250,1500[","[1000,1500[","[0,3000[","[0,3000[",*
1494,"[1200,1500[","[1400,1500[","[1250,1500[","[1000,1500[","[0,3000[","[0,3000[",*
1495,"[1200,1500[","[1400,1500[","[1250,1500[","[1000,1500[","[0,3000[","[0,3000[",*
1496,"[1200,1500[","[1400,1500[","[1250,1500[","[1000,1500[","[0,3000[","[0,3000[",*
1497,"[1200,1500[","[1400,1500[","[1250,1500[","[1000,1500[","[0,3000[","[0,3000[",*
1498,"[1200,1500[","[1400,1500[","[1250,1500[","[1000,1500[","[0,3000[","[0,3000[",*
1499,"[1200,1500[","[1400,1500[","[1250,1500[","[1000,1500[","[0,3000[","[0,3000[",*
1500,"[1500,1800[","[1500,1600[","[1500,1750[","[1500,2000[","[0,3000[","[0,3000[",*
1501,"[1500,1800[","[1500,1600[","[1500,1750[","[1500,2000[","[0,3000[","[0,3000[",*
1502,"[1500,1800[","[1500,1600[","[1500,1750[","[1500,2000[","[0,3000[","[0,3000[",*
1503,"[1500,1800[","[1500,1600[","[1500,1750[","[1500,2000[","[0,3000[","[0,3000[",*
1504,"[1500,1800[","[1500,1600[","[1500,1750[","[1500,2000[","[0,3000[","[0,3000[",*
1505,"[1500,1800[","[1500,1600[","[1500,1750[","[1500,2000[","[0,3000[","[0,3000[",*
1506,"[1500,1800[","[1500,1600[","[1500,1750[","[1500,2000[","[0,3000[","[0,3000[",*
1507,"[1500,1800[","[1500,1600[","[1500,1750[","[1500,2000[","[0,3000[","[0,3000[",*
1508,"[1500,1800[","[1500,1600[","[1500,1750[","[1500,2000[","[0,3000[","[0,3000[",*
1509,"[1500,1800[","[1500,1600[","[1500,1750[","[1500,2000[","[0,3000[","[0,3000[",*
1510,"[1500,1800[","[1500,1600[","[1500,1750[","[1500,2000[","[0,3000[","[0,3000[",*
1511,"[1500,1800[","[1500,1600[","[1500,1750[","[1500,2000[","[0,3000[","[0,3000[",*
1512,"[1500,1800[","[1500,1600[","[1500,1750[","[1500,2000[","[0,3000[","[0,3000[",*
1513,"[1500,1800[","[1500,1600[","[1500,1750[","[1500,2000[","[0,3000[","[0,3000[",*
1514,"[1500,1800[","[1500,1600[","[1500,1750[","[1500,2000[","[0,3000[","[0,3000[",*
1515,"[1500,1800[","[1500,1600[","[1500,1750[","[1500,2000[","[0,3000[","[0,3000[",*
1516,"[1500,1800[","[1500,1600[","[1500,1750[","[1500,2000[","[0,3000[","[0,3000[",*
1517,"[1500,1800[","[1500,1600[","[1500,1750[","[1500,2000[","[0,3000[","[0,3000[",*
1518,"[1500,1800[","[1500,1600[","[1500,1750[","[1500,2000[","[0,3000[","[0,3000[",*
1519,"[1500,1800[","[1500,1600[","[1500,1750[","[1500,2000[","[0,3000[","[0,3000[",*
1520,"[1500,1800[","[1500,1600[","[1500,1750[","[1500,2000[","[0,3000[","[0,3000[",*
1521,"[1500,1800[","[1500,1600[","[1500,1750[","[1500,2000[","[0,3000[","[0,3000[",*
1522,"[1500,1800[","[1500,1600[","[1500,1750[","[1500,2000[","[0,3000[","[0,3000[",*
1523,"[1500,1800[","[1500,1600[","[1500,1750[","[1500,2000[","[0,3000[","[0,3000[",*
1524,"[1500,1800[","[1500,1600[","[1500,1750[","[1500,2000[","[0,3000[","[0,3000[",*
1525,"[1500,1800[","[1500,1600[","[1500,1750[","[1500,2000[","[0,3000[","[0,3000[",*
1526,"[1500,1800[","[1500,1600[","[1500,1750[","[1500,2000[","[0,3000[","[0,3000[",*
1527,"[1500,1800[","[1500,1600[","[1500,1750[","[1500,2000[","[0,3000[","[0,3000[",*
1528,"[1500,1800[","[1500,1600[","[1500,1750[","[1500,2000[","[0,3000[","[0,3000[",*
1529,"[1500,1800[","[1500,1600[","[1500,1750[","[1500,2000[","[0,3000[","[0,3000[",*
1530,"[1500,1800[","[1500,1600[","[1500,1750[","[1500,2000[","[0,3000[","[0,3000[",*
1531,"[1500,1800[","[1500,1600[","[1500,1750[","[1500,2000[","[0,3000[","[0,3000[",*
1532,"[1500,1800[","[1500,1600[","[1500,1750[","[1500,2000[","[0,3000[","[0,3000[",*
1533,"[1500,1800[","[1500,1600[","[1500,1750[","[1500,2000[","[0,3000[","[0,3000[",*
1534,"[1500,1800[","[1500,1600[","[1500,1750[","[1500,2000[","[0,3000[","[0,3000[",*
1535,"[1500,1800[","[1500,1600[","[1500,1750[","[1500,2000[","[0,3000[","[0,3000[",*
1536,"[1500,1800[","[1500,1600[","[1500,1750[","[1500,2000[","[0,3000[","[0,3000[",*
1537,"[1500,1800[","[1500,1600[","[1500,1750[","[1500,2000[","[0,3000[","[0,3000[",*
1538,"[1500,1800[","[1500,1600[","[1500,1750[","[1500,2000[","[0,3000[","[0,3000[",*
1539,"[1500,1800[","[1500,1600[","[1500,1750[","[1500,2000[","[0,3000[","[0,3000[",*
1540,"[1500,1800[","[1500,1600[","[1500,1750[","[1500,2000[","[0,3000[","[0,3000[",*
1541,"[1500,1800[","[1500,1600[","[1500,1750[","[1500,2000[","[0,3000[","[0,3000[",*
1542,"[1500,1800[","[1500,1600[","[1500,1750[","[1500,2000[","[0,3000[","[0,3000[",*
1543,"[1500,1800[","[1500,1600[","[1500,1750[","[1500,2000[","[0,3000[","[0,3000[",*
1544,"[1500,1800[","[1500,1600[","[1500,1750[","[1500,2000[","[0,3000[","[0,3000[",*
1545,"[1500,1800[","[1500,1600[","[1500,1750[","[1500,2000[","[0,3000[","[0,3000[",*
1546,"[1500,1800[","[1500,1600[","[1500,1750[","[1500,2000[","[0,3000[","[0,3000[",*
1547,"[1500,1800[","[1500,1600[","[1500,1750[","[1500,2000[","[0,3000[","[0,3000[",*
1548,"[1500,1800[","[1500,1600[","[1500,1750[","[1500,2000[","[0,3000[","[0,3000[",*
1549,"[1500,1800[","[1500,1600[","[1500,1750[","[1500,2000[","[0,3000[","[0,3000[",*
1550,"[1500,1800[","[1500,1600[","[1500,1750[","[1500,2000[","[0,3000[","[0,3000[",*
1551,"[1500,1800[","[1500,1600[","[1500,1750[","[1500,2000[","[0,3000[","[0,3000[",*
1552,"[1500,1800[","[1500,1600[","[1500,1750[","[1500,2000[","[0,3000[","[0,3000[",*
1553,"[1500,1800[","[1500,1600[","[1500,1750[","[1500,2000[","[0,3000[","[0,3000[",*
1554,"[1500,1800[","[1500,1600[","[1500,1750[","[1500,2000[","[0,3000[","[0,3000[",*
1555,"[1500,1800[","[1500,1600[","[1500,1750[","[1500,2000[","[0,3000[","[0,3000[",*
1556,"[1500,1800[","[1500,1600[","[1500,1750[","[1500,2000[","[0,3000[","[0,3000[",*
1557,"[1500,1800[","[1500,1600[","[1500,1750[","[1500,2000[","[0,3000[","[0,3000[",*
1558,"[1500,1800[","[1500,1600[","[1500,1750[","[1500,2000[","[0,3000[","[0,3000[",*
1559,"[1500,1800[","[1500,1600[","[1500,1750[","[1500,2000[","[0,3000[","[0,3000[",*
1560,"[1500,1800[","[1500,1600[","[1500,1750[","[1500,2000[","[0,3000[","[0,3000[",*
1561,"[1500,1800[","[1500,1600[","[1500,1750[","[1500,2000[","[0,3000[","[0,3000[",*
1562,"[1500,1800[","[1500,1600[","[1500,1750[","[1500,2000[","[0,3000[","[0,3000[",*
1563,"[1500,1800[","[1500,1600[","[1500,1750[","[1500,2000[","[0,3000[","[0,3000[",*
1564,"[1500,1800[","[1500,1600[","[1500,1750[","[1500,2000[","[0,3000[","[0,3000[",*
1565,"[1500,1800[","[1500,1600[","[1500,1750[","[1500,2000[","[0,3000[","[0,3000[",*
1566,"[1500,1800[","[1500,1600[","[1500,1750[","[1500,2000[","[0,3000[","[0,3000[",*
1567,"[1500,1800[","[1500,1600[","[1500,1750[","[1500,2000[","[0,3000[","[0,3000[",*
1568,"[1500,1800[","[1500,1600[","[1500,1750[","[1500,2000[","[0,3000[","[0,3000[",*
1569,"[1500,1800[","[1500,1600[","[1500,1750[","[1500,2000[","[0,3000[","[0,3000[",*
1570,"[1500,1800[","[1500,1600[","[1500,1750[","[1500,2000[","[0,3000[","[0,3000[",*
1571,"[1500,1800[","[1500,1600[","[1500,1750[","[1500,2000[","[0,3000[","[0,3000[",*
1572,"[1500,1800[","[1500,1600[","[1500,1750[","[1500,2000[","[0,3000[","[0,3000[",*
1573,"[1500,1800[","[1500,1600[","[1500,1750[","[1500,2000[","[0,3000[","[0,3000[",*
1574,"[1500,1800[","[1500,1600[","[1500,1750[","[1500,2000[","[0,3000[","[0,3000[",*
1575,"[1500,1800[","[1500,1600[","[1500,1750[","[1500,2000[","[0,3000[","[0,3000[",*
1576,"[1500,1800[","[1500,1600[","[1500,1750[","[1500,2000[","[0,3000[","[0,3000[",*
1577,"[1500,1800[","[1500,1600[","[1500,1750[","[1500,2000[","[0,3000[","[0,3000[",*
1578,"[1500,1800[","[1500,1600[","[1500,1750[","[1500,2000[","[0,3000[","[0,3000[",*
1579,"[1500,1800[","[1500,1600[","[1500,1750[","[1500,2000[","[0,3000[","[0,3000[",*
1580,"[1500,1800[","[1500,1600[","[1500,1750[","[1500,2000[","[0,3000[","[0,3000[",*
1581,"[1500,1800[","[1500,1600[","[1500,1750[","[1500,2000[","[0,3000[","[0,3000[",*
1582,"[1500,1800[","[1500,1600[","[1500,1750[","[1500,2000[","[0,3000[","[0,3000[",*
1583,"[1500,1800[","[1500,1600[","[1500,1750[","[1500,2000[","[0,3000[","[0,3000[",*
1584,"[1500,1800[","[1500,1600[","[1500,1750[","[1500,2000[","[0,3000[","[0,3000[",*
1585,"[1500,1800[","[1500,1600[","[1500,1750[","[1500,2000[","[0,3000[","[0,3000[",*
1586,"[1500,1800[","[1500,1600[","[1500,1750[","[1500,2000[","[0,3000[","[0,3000[",*
1587,"[1500,1800[","[1500,1600[","[1500,1750[","[1500,2000[","[0,3000[","[0,3000[",*
1588,"[1500,1800[","[1500,1600[","[1500,1750[","[1500,2000[","[0,3000[","[0,3000[",*
1589,"[1500,1800[","[1500,1600[","[1500,1750[","[1500,2000[","[0,3000[","[0,3000[",*
1590,"[1500,1800[","[1500,1600[","[1500,1750[","[1500,2000[","[0,3000[","[0,3000[",*
1591,"[1500,1800[","[1500,1600[","[1500,1750[","[1500,2000[","[0,3000[","[0,3000[",*
1592,"[1500,1800[","[1500,1600[","[1500,1750[","[1500,2000[","[0,3000[","[0,3000[",*
1593,"[1500,1800[","[1500,1600[","[1500,1750[","[1500,2000[","[0,3000[","[0,3000[",*
1594,"[1500,1800[","[1500,1600[","[1500,1750[","[1500,2000[","[0,3000[","[0,3000[",*
1595,"[1500,1800[","[1500,1600[","[1500,1750[","[1500,2000[","[0,3000[","[0,3000[",*
1596,"[1500,1800[","[1500,1600[","[1500,1750[","[1500,2000[","[0,3000[","[0,3000[",*
1597,"[1500,1800[","[1500,1600[","[1500,1750[","[1500,2000[","[0,3000[","[0,3000[",*
1598,"[1500,1800[","[1500,1600[","[1500,1750[","[1500,2000[","[0,3000[","[0,3000[",*
1599,"[1500,1800[","[1500,1600[","[1500,1750[","[1500,2000[","[0,3000[","[0,3000[",*
1600,"[1500,1800[","[1600,1700[","[1500,1750[","[1500,2000[","[0,3000[","[0,3000[",*
1601,"[1500,1800[","[1600,1700[","[1500,1750[","[1500,2000[","[0,3000[","[0,3000[",*
1602,"[1500,1800[","[1600,1700[","[1500,1750[","[1500,2000[","[0,3000[","[0,3000[",*
1603,"[1500,1800[","[1600,1700[","[1500,1750[","[1500,2000[","[0,3000[","[0,3000[",*
1604,"[1500,1800[","[1600,1700[","[1500,1750[","[1500,2000[","[0,3000[","[0,3000[",*
1605,"[1500,1800[","[1600,1700[","[1500,1750[","[1500,2000[","[0,3000[","[0,3000[",*
1606,"[1500,1800[","[1600,1700[","[1500,1750[","[1500,2000[","[0,3000[","[0,3000[",*
1607,"[1500,1800[","[1600,1700[","[1500,1750[","[1500,2000[","[0,3000[","[0,3000[",*
1608,"[1500,1800[","[1600,1700[","[1500,1750[","[1500,2000[","[0,3000[","[0,3000[",*
1609,"[1500,1800[","[1600,1700[","[1500,1750[","[1500,2000[","[0,3000[","[0,3000[",*
1610,"[1500,1800[","[1600,1700[","[1500,1750[","[1500,2000[","[0,3000[","[0,3000[",*
1611,"[1500,1800[","[1600,1700[","[1500,1750[","[1500,2000[","[0,3000[","[0,3000[",*
1612,"[1500,1800[","[1600,1700[","[1500,1750[","[1500,2000[","[0,3000[","[0,3000[",*
1613,"[1500,1800[","[1600,1700[","[1500,1750[","[1500,2000[","[0,3000[","[0,3000[",*
1614,"[1500,1800[","[1600,1700[","[1500,1750[","[1500,2000[","[0,3000[","[0,3000[",*
1615,"[1500,1800[","[1600,1700[","[1500,1750[","[1500,2000[","[0,3000[","[0,3000[",*
1616,"[1500,1800[","[1600,1700[","[1500,1750[","[1500,2000[","[0,3000[","[0,3000[",*
1617,"[1500,1800[","[1600,1700[","[1500,1750[","[1500,2000[","[0,3000[","[0,3000[",*
1618,"[1500,1800[","[1600,1700[","[1500,1750[","[1500,2000[","[0,3000[","[0,3000[",*
1619,"[1500,1800[","[1600,1700[","[1500,1750[","[1500,2000[","[0,3000[","[0,3000[",*
1620,"[1500,1800[","[1600,1700[","[1500,1750[","[1500,2000[","[0,3000[","[0,3000[",*
1621,"[1500,1800[","[1600,1700[","[1500,1750[","[1500,2000[","[0,3000[","[0,3000[",*
1622,"[1500,1800[","[1600,1700[","[1500,1750[","[1500,2000[","[0,3000[","[0,3000[",*
1623,"[1500,1800[","[1600,1700[","[1500,1750[","[1500,2000[","[0,3000[","[0,3000[",*
1624,"[1500,1800[","[1600,1700[","[1500,1750[","[1500,2000[","[0,3000[","[0,3000[",*
1625,"[1500,1800[","[1600,1700[","[1500,1750[","[1500,2000[","[0,3000[","[0,3000[",*
1626,"[1500,1800[","[1600,1700[","[1500,1750[","[1500,2000[","[0,3000[","[0,3000[",*
1627,"[1500,1800[","[1600,1700[","[1500,1750[","[1500,2000[","[0,3000[","[0,3000[",*
1628,"[1500,1800[","[1600,1700[","[1500,1750[","[1500,2000[","[0,3000[","[0,3000[",*
1629,"[1500,1800[","[1600,1700[","[1500,1750[","[1500,2000[","[0,3000[","[0,3000[",*
1630,"[1500,1800[","[1600,1700[","[1500,1750[","[1500,2000[","[0,3000[","[0,3000[",*
1631,"[1500,1800[","[1600,1700[","[1500,1750[","[1500,2000[","[0,3000[","[0,3000[",*
1632,"[1500,1800[","[1600,1700[","[1500,1750[","[1500,2000[","[0,3000[","[0,3000[",*
1633,"[1500,1800[","[1600,1700[","[1500,1750[","[1500,2000[","[0,3000[","[0,3000[",*
1634,"[1500,1800[","[1600,1700[","[1500,1750[","[1500,2000[","[0,3000[","[0,3000[",*
1635,"[1500,1800[","[1600,1700[","[1500,1750[","[1500,2000[","[0,3000[","[0,3000[",*
1636,"[1500,1800[","[1600,1700[","[1500,1750[","[1500,2000[","[0,3000[","[0,3000[",*
1637,"[1500,1800[","[1600,1700[","[1500,1750[","[1500,2000[","[0,3000[","[0,3000[",*
1638,"[1500,1800[","[1600,1700[","[1500,1750[","[1500,2000[","[0,3000[","[0,3000[",*
1639,"[1500,1800[","[1600,1700[","[1500,1750[","[1500,2000[","[0,3000[","[0,3000[",*
1640,"[1500,1800[","[1600,1700[","[1500,1750[","[1500,2000[","[0,3000[","[0,3000[",*
1641,"[1500,1800[","[1600,1700[","[1500,1750[","[1500,2000[","[0,3000[","[0,3000[",*
1642,"[1500,1800[","[1600,1700[","[1500,1750[","[1500,2000[","[0,3000[","[0,3000[",*
1643,"[1500,1800[","[1600,1700[","[1500,1750[","[1500,2000[","[0,3000[","[0,3000[",*
1644,"[1500,1800[","[1600,1700[","[1500,1750[","[1500,2000[","[0,3000[","[0,3000[",*
1645,"[1500,1800[","[1600,1700[","[1500,1750[","[1500,2000[","[0,3000[","[0,3000[",*
1646,"[1500,1800[","[1600,1700[","[1500,1750[","[1500,2000[","[0,3000[","[0,3000[",*
1647,"[1500,1800[","[1600,1700[","[1500,1750[","[1500,2000[","[0,3000[","[0,3000[",*
1648,"[1500,1800[","[1600,1700[","[1500,1750[","[1500,2000[","[0,3000[","[0,3000[",*
1649,"[1500,1800[","[1600,1700[","[1500,1750[","[1500,2000[","[0,3000[","[0,3000[",*
1650,"[1500,1800[","[1600,1700[","[1500,1750[","[1500,2000[","[0,3000[","[0,3000[",*
1651,"[1500,1800[","[1600,1700[","[1500,1750[","[1500,2000[","[0,3000[","[0,3000[",*
1652,"[1500,1800[","[1600,1700[","[1500,1750[","[1500,2000[","[0,3000[","[0,3000[",*
1653,"[1500,1800[","[1600,1700[","[1500,1750[","[1500,2000[","[0,3000[","[0,3000[",*
1654,"[1500,1800[","[1600,1700[","[1500,1750[","[1500,2000[","[0,3000[","[0,3000[",*
1655,"[1500,1800[","[1600,1700[","[1500,1750[","[1500,2000[","[0,3000[","[0,3000[",*
1656,"[1500,1800[","[1600,1700[","[1500,1750[","[1500,2000[","[0,3000[","[0,3000[",*
1657,"[1500,1800[","[1600,1700[","[1500,1750[","[1500,2000[","[0,3000[","[0,3000[",*
1658,"[1500,1800[","[1600,1700[","[1500,1750[","[1500,2000[","[0,3000[","[0,3000[",*
1659,"[1500,1800[","[1600,1700[","[1500,1750[","[1500,2000[","[0,3000[","[0,3000[",*
1660,"[1500,1800[","[1600,1700[","[1500,1750[","[1500,2000[","[0,3000[","[0,3000[",*
1661,"[1500,1800[","[1600,1700[","[1500,1750[","[1500,2000[","[0,3000[","[0,3000[",*
1662,"[1500,1800[","[1600,1700[","[1500,1750[","[1500,2000[","[0,3000[","[0,3000[",*
1663,"[1500,1800[","[1600,1700[","[1500,1750[","[1500,2000[","[0,3000[","[0,3000[",*
1664,"[1500,1800[","[1600,1700[","[1500,1750[","[1500,2000[","[0,3000[","[0,3000[",*
1665,"[1500,1800[","[1600,1700[","[1500,1750[","[1500,2000[","[0,3000[","[0,3000[",*
1666,"[1500,1800[","[1600,1700[","[1500,1750[","[1500,2000[","[0,3000[","[0,3000[",*
1667,"[1500,1800[","[1600,1700[","[1500,1750[","[1500,2000[","[0,3000[","[0,3000[",*
1668,"[1500,1800[","[1600,1700[","[1500,1750[","[1500,2000[","[0,3000[","[0,3000[",*
1669,"[1500,1800[","[1600,1700[","[1500,1750[","[1500,2000[","[0,3000[","[0,3000[",*
1670,"[1500,1800[","[1600,1700[","[1500,1750[","[1500,2000[","[0,3000[","[0,3000[",*
1671,"[1500,1800[","[1600,1700[","[1500,1750[","[1500,2000[","[0,3000[","[0,3000[",*
1672,"[1500,1800[","[1600,1700[","[1500,1750[","[1500,2000[","[0,3000[","[0,3000[",*
1673,"[1500,1800[","[1600,1700[","[1500,1750[","[1500,2000[","[0,3000[","[0,3000[",*
1674,"[1500,1800[","[1600,1700[","[1500,1750[","[1500,2000[","[0,3000[","[0,3000[",*
1675,"[1500,1800[","[1600,1700[","[1500,1750[","[1500,2000[","[0,3000[","[0,3000[",*
1676,"[1500,1800[","[1600,1700[","[1500,1750[","[1500,2000[","[0,3000[","[0,3000[",*
1677,"[1500,1800[","[1600,1700[","[1500,1750[","[1500,2000[","[0,3000[","[0,3000[",*
1678,"[1500,1800[","[1600,1700[","[1500,1750[","[1500,2000[","[0,3000[","[0,3000[",*
1679,"[1500,1800[","[1600,1700[","[1500,1750[","[1500,2000[","[0,3000[","[0,3000[",*
1680,"[1500,1800[","[1600,1700[","[1500,1750[","[1500,2000[","[0,3000[","[0,3000[",*
1681,"[1500,1800[","[1600,1700[","[1500,1750[","[1500,2000[","[0,3000[","[0,3000[",*
1682,"[1500,1800[","[1600,1700[","[1500,1750[","[1500,2000[","[0,3000[","[0,3000[",*
1683,"[1500,1800[","[1600,1700[","[1500,1750[","[1500,2000[","[0,3000[","[0,3000[",*
1684,"[1500,1800[","[1600,1700[","[1500,1750[","[1500,2000[","[0,3000[","[0,3000[",*
1685,"[1500,1800[","[1600,1700[","[1500,1750[","[1500,2000[","[0,3000[","[0,3000[",*
1686,"[1500,1800[","[1600,1700[","[1500,1750[","[1500,2000[","[0,3000[","[0,3000[",*
1687,"[1500,1800[","[1600,1700[","[1500,1750[","[1500,2000[","[0,3000[","[0,3000[",*
1688,"[1500,1800[","[1600,1700[","[1500,1750[","[1500,2000[","[0,3000[","[0,3000[",*
1689,"[1500,1800[","[1600,1700[","[1500,1750[","[1500,2000[","[0,3000[","[0,3000[",*
1690,"[1500,1800[","[1600,1700[","[1500,1750[","[1500,2000[","[0,3000[","[0,3000[",*
1691,"[1500,1800[","[1600,1700[","[1500,1750[","[1500,2000[","[0,3000[","[0,3000[",*
1692,"[1500,1800[","[1600,1700[","[1500,1750[","[1500,2000[","[0,3000[","[0,3000[",*
1693,"[1500,1800[","[1600,1700[","[1500,1750[","[1500,2000[","[0,3000[","[0,3000[",*
1694,"[1500,1800[","[1600,1700[","[1500,1750[","[1500,2000[","[0,3000[","[0,3000[",*
1695,"[1500,1800[","[1600,1700[","[1500,1750[","[1500,2000[","[0,3000[","[0,3000[",*
1696,"[1500,1800[","[1600,1700[","[1500,1750[","[1500,2000[","[0,3000[","[0,3000[",*
1697,"[1500,1800[","[1600,1700[","[1500,1750[","[1500,2000[","[0,3000[","[0,3000[",*
1698,"[1500,1800[","[1600,1700[","[1500,1750[","[1500,2000[","[0,3000[","[0,3000[",*
1699,"[1500,1800[","[1600,1700[","[1500,1750[","[1500,2000[","[0,3000[","[0,3000[",*
1700,"[1500,1800[","[1700,1800[","[1500,1750[","[1500,2000[","[0,3000[","[0,3000[",*
1701,"[1500,1800[","[1700,1800[","[1500,1750[","[1500,2000[","[0,3000[","[0,3000[",*
1702,"[1500,1800[","[1700,1800[","[1500,1750[","[1500,2000[","[0,3000[","[0,3000[",*
1703,"[1500,1800[","[1700,1800[","[1500,1750[","[1500,2000[","[0,3000[","[0,3000[",*
1704,"[1500,1800[","[1700,1800[","[1500,1750[","[1500,2000[","[0,3000[","[0,3000[",*
1705,"[1500,1800[","[1700,1800[","[1500,1750[","[1500,2000[","[0,3000[","[0,3000[",*
1706,"[1500,1800[","[1700,1800[","[1500,1750[","[1500,2000[","[0,3000[","[0,3000[",*
1707,"[1500,1800[","[1700,1800[","[1500,1750[","[1500,2000[","[0,3000[","[0,3000[",*
1708,"[1500,1800[","[1700,1800[","[1500,1750[","[1500,2000[","[0,3000[","[0,3000[",*
1709,"[1500,1800[","[1700,1800[","[1500,1750[","[1500,2000[","[0,3000[","[0,3000[",*
1710,"[1500,1800[","[1700,1800[","[1500,1750[","[1500,2000[","[0,3000[","[0,3000[",*
1711,"[1500,1800[","[1700,1800[","[1500,1750[","[1500,2000[","[0,3000[","[0,3000[",*
1712,"[1500,1800[","[1700,1800[","[1500,1750[","[1500,2000[","[0,3000[","[0,3000[",*
1713,"[1500,1800[","[1700,1800[","[1500,1750[","[1500,2000[","[0,3000[","[0,3000[",*
1714,"[1500,1800[","[1700,1800[","[1500,1750[","[1500,2000[","[0,3000[","[0,3000[",*
1715,"[1500,1800[","[1700,1800[","[1500,1750[","[1500,2000[","[0,3000[","[0,3000[",*
1716,"[1500,1800[","[1700,1800[","[1500,1750[","[1500,2000[","[0,3000[","[0,3000[",*
1717,"[1500,1800[","[1700,1800[","[1500,1750[","[1500,2000[","[0,3000[","[0,3000[",*
1718,"[1500,1800[","[1700,1800[","[1500,1750[","[1500,2000[","[0,3000[","[0,3000[",*
1719,"[1500,1800[","[1700,1800[","[1500,1750[","[1500,2000[","[0,3000[","[0,3000[",*
1720,"[1500,1800[","[1700,1800[","[1500,1750[","[1500,2000[","[0,3000[","[0,3000[",*
1721,"[1500,1800[","[1700,1800[","[1500,1750[","[1500,2000[","[0,3000[","[0,3000[",*
1722,"[1500,1800[","[1700,1800[","[1500,1750[","[1500,2000[","[0,3000[","[0,3000[",*
1723,"[1500,1800[","[1700,1800[","[1500,1750[","[1500,2000[","[0,3000[","[0,3000[",*
1724,"[1500,1800[","[1700,1800[","[1500,1750[","[1500,2000[","[0,3000[","[0,3000[",*
1725,"[1500,1800[","[1700,1800[","[1500,1750[","[1500,2000[","[0,3000[","[0,3000[",*
1726,"[1500,1800[","[1700,1800[","[1500,1750[","[1500,2000[","[0,3000[","[0,3000[",*
1727,"[1500,1800[","[1700,1800[","[1500,1750[","[1500,2000[","[0,3000[","[0,3000[",*
1728,"[1500,1800[","[1700,1800[","[1500,1750[","[1500,2000[","[0,3000[","[0,3000[",*
1729,"[1500,1800[","[1700,1800[","[1500,1750[","[1500,2000[","[0,3000[","[0,3000[",*
1730,"[1500,1800[","[1700,1800[","[1500,1750[","[1500,2000[","[0,3000[","[0,3000[",*
1731,"[1500,1800[","[1700,1800[","[1500,1750[","[1500,2000[","[0,3000[","[0,3000[",*
1732,"[1500,1800[","[1700,1800[","[1500,1750[","[1500,2000[","[0,3000[","[0,3000[",*
1733,"[1500,1800[","[1700,1800[","[1500,1750[","[1500,2000[","[0,3000[","[0,3000[",*
1734,"[1500,1800[","[1700,1800[","[1500,1750[","[1500,2000[","[0,3000[","[0,3000[",*
1735,"[1500,1800[","[1700,1800[","[1500,1750[","[1500,2000[","[0,3000[","[0,3000[",*
1736,"[1500,1800[","[1700,1800[","[1500,1750[","[1500,2000[","[0,3000[","[0,3000[",*
1737,"[1500,1800[","[1700,1800[","[1500,1750[","[1500,2000[","[0,3000[","[0,3000[",*
1738,"[1500,1800[","[1700,1800[","[1500,1750[","[1500,2000[","[0,3000[","[0,3000[",*
1739,"[1500,1800[","[1700,1800[","[1500,1750[","[1500,2000[","[0,3000[","[0,3000[",*
1740,"[1500,1800[","[1700,1800[","[1500,1750[","[1500,2000[","[0,3000[","[0,3000[",*
1741,"[1500,1800[","[1700,1800[","[1500,1750[","[1500,2000[","[0,3000[","[0,3000[",*
1742,"[1500,1800[","[1700,1800[","[1500,1750[","[1500,2000[","[0,3000[","[0,3000[",*
1743,"[1500,1800[","[1700,1800[","[1500,1750[","[1500,2000[","[0,3000[","[0,3000[",*
1744,"[1500,1800[","[1700,1800[","[1500,1750[","[1500,2000[","[0,3000[","[0,3000[",*
1745,"[1500,1800[","[1700,1800[","[1500,1750[","[1500,2000[","[0,3000[","[0,3000[",*
1746,"[1500,1800[","[1700,1800[","[1500,1750[","[1500,2000[","[0,3000[","[0,3000[",*
1747,"[1500,1800[","[1700,1800[","[1500,1750[","[1500,2000[","[0,3000[","[0,3000[",*
1748,"[1500,1800[","[1700,1800[","[1500,1750[","[1500,2000[","[0,3000[","[0,3000[",*
1749,"[1500,1800[","[1700,1800[","[1500,1750[","[1500,2000[","[0,3000[","[0,3000[",*
1750,"[1500,1800[","[1700,1800[","[1750,2000[","[1500,2000[","[0,3000[","[0,3000[",*
1751,"[1500,1800[","[1700,1800[","[1750,2000[","[1500,2000[","[0,3000[","[0,3000[",*
1752,"[1500,1800[","[1700,1800[","[1750,2000[","[1500,2000[","[0,3000[","[0,3000[",*
1753,"[1500,1800[","[1700,1800[","[1750,2000[","[1500,2000[","[0,3000[","[0,3000[",*
1754,"[1500,1800[","[1700,1800[","[1750,2000[","[1500,2000[","[0,3000[","[0,3000[",*
1755,"[1500,1800[","[1700,1800[","[1750,2000[","[1500,2000[","[0,3000[","[0,3000[",*
1756,"[1500,1800[","[1700,1800[","[1750,2000[","[1500,2000[","[0,3000[","[0,3000[",*
1757,"[1500,1800[","[1700,1800[","[1750,2000[","[1500,2000[","[0,3000[","[0,3000[",*
1758,"[1500,1800[","[1700,1800[","[1750,2000[","[1500,2000[","[0,3000[","[0,3000[",*
1759,"[1500,1800[","[1700,1800[","[1750,2000[","[1500,2000[","[0,3000[","[0,3000[",*
1760,"[1500,1800[","[1700,1800[","[1750,2000[","[1500,2000[","[0,3000[","[0,3000[",*
1761,"[1500,1800[","[1700,1800[","[1750,2000[","[1500,2000[","[0,3000[","[0,3000[",*
1762,"[1500,1800[","[1700,1800[","[1750,2000[","[1500,2000[","[0,3000[","[0,3000[",*
1763,"[1500,1800[","[1700,1800[","[1750,2000[","[1500,2000[","[0,3000[","[0,3000[",*
1764,"[1500,1800[","[1700,1800[","[1750,2000[","[1500,2000[","[0,3000[","[0,3000[",*
1765,"[1500,1800[","[1700,1800[","[1750,2000[","[1500,2000[","[0,3000[","[0,3000[",*
1766,"[1500,1800[","[1700,1800[","[1750,2000[","[1500,2000[","[0,3000[","[0,3000[",*
1767,"[1500,1800[","[1700,1800[","[1750,2000[","[1500,2000[","[0,3000[","[0,3000[",*
1768,"[1500,1800[","[1700,1800[","[1750,2000[","[1500,2000[","[0,3000[","[0,3000[",*
1769,"[1500,1800[","[1700,1800[","[1750,2000[","[1500,2000[","[0,3000[","[0,3000[",*
1770,"[1500,1800[","[1700,1800[","[1750,2000[","[1500,2000[","[0,3000[","[0,3000[",*
1771,"[1500,1800[","[1700,1800[","[1750,2000[","[1500,2000[","[0,3000[","[0,3000[",*
1772,"[1500,1800[","[1700,1800[","[1750,2000[","[1500,2000[","[0,3000[","[0,3000[",*
1773,"[1500,1800[","[1700,1800[","[1750,2000[","[1500,2000[","[0,3000[","[0,3000[",*
1774,"[1500,1800[","[1700,1800[","[1750,2000[","[1500,2000[","[0,3000[","[0,3000[",*
1775,"[1500,1800[","[1700,1800[","[1750,2000[","[1500,2000[","[0,3000[","[0,3000[",*
1776,"[1500,1800[","[1700,1800[","[1750,2000[","[1500,2000[","[0,3000[","[0,3000[",*
1777,"[1500,1800[","[1700,1800[","[1750,2000[","[1500,2000[","[0,3000[","[0,3000[",*
1778,"[1500,1800[","[1700,1800[","[1750,2000[","[1500,2000[","[0,3000[","[0,3000[",*
1779,"[1500,1800[","[1700,1800[","[1750,2000[","[1500,2000[","[0,3000[","[0,3000[",*
1780,"[1500,1800[","[1700,1800[","[1750,2000[","[1500,2000[","[0,3000[","[0,3000[",*
1781,"[1500,1800[","[1700,1800[","[1750,2000[","[1500,2000[","[0,3000[","[0,3000[",*
1782,"[1500,1800[","[1700,1800[","[1750,2000[","[1500,2000[","[0,3000[","[0,3000[",*
1783,"[1500,1800[","[1700,1800[","[1750,2000[","[1500,2000[","[0,3000[","[0,3000[",*
1784,"[1500,1800[","[1700,1800[","[1750,2000[","[1500,2000[","[0,3000[","[0,3000[",*
1785,"[1500,1800[","[1700,1800[","[1750,2000[","[1500,2000[","[0,3000[","[0,3000[",*
1786,"[1500,1800[","[1700,1800[","[1750,2000[","[1500,2000[","[0,3000[","[0,3000[",*
1787,"[1500,1800[","[1700,1800[","[1750,2000[","[1500,2000[","[0,3000[","[0,3000[",*
1788,"[1500,1800[","[1700,1800[","[1750,2000[","[1500,2000[","[0,3000[","[0,3000[",*
1789,"[1500,1800[","[1700,1800[","[1750,2000[","[1500,2000[","[0,3000[","[0,3000[",*
1790,"[1500,1800[","[1700,1800[","[1750,2000[","[1500,2000[","[0,3000[","[0,3000[",*
1791,"[1500,1800[","[1700,1800[","[1750,2000[","[1500,2000[","[0,3000[","[0,3000[",*
1792,"[1500,1800[","[1700,1800[","[1750,2000[","[1500,2000[","[0,3000[","[0,3000[",*
1793,"[1500,1800[","[1700,1800[","[1750,2000[","[1500,2000[","[0,3000[","[0,3000[",*
1794,"[1500,1800[","[1700,1800[","[1750,2000[","[1500,2000[","[0,3000[","[0,3000[",*
1795,"[1500,1800[","[1700,1800[","[1750,2000[","[1500,2000[","[0,3000[","[0,3000[",*
1796,"[1500,1800[","[1700,1800[","[1750,2000[","[1500,2000[","[0,3000[","[0,3000[",*
1797,"[1500,1800[","[1700,1800[","[1750,2000[","[1500,2000[","[0,3000[","[0,3000[",*
1798,"[1500,1800[","[1700,1800[","[1750,2000[","[1500,2000[","[0,3000[","[0,3000[",*
1799,"[1500,1800[","[1700,1800[","[1750,2000[","[1500,2000[","[0,3000[","[0,3000[",*
1800,"[1800,2100[","[1800,1900[","[1750,2000[","[1500,2000[","[0,3000[","[0,3000[",*
1801,"[1800,2100[","[1800,1900[","[1750,2000[","[1500,2000[","[0,3000[","[0,3000[",*
1802,"[1800,2100[","[1800,1900[","[1750,2000[","[1500,2000[","[0,3000[","[0,3000[",*
1803,"[1800,2100[","[1800,1900[","[1750,2000[","[1500,2000[","[0,3000[","[0,3000[",*
1804,"[1800,2100[","[1800,1900[","[1750,2000[","[1500,2000[","[0,3000[","[0,3000[",*
1805,"[1800,2100[","[1800,1900[","[1750,2000[","[1500,2000[","[0,3000[","[0,3000[",*
1806,"[1800,2100[","[1800,1900[","[1750,2000[","[1500,2000[","[0,3000[","[0,3000[",*
1807,"[1800,2100[","[1800,1900[","[1750,2000[","[1500,2000[","[0,3000[","[0,3000[",*
1808,"[1800,2100[","[1800,1900[","[1750,2000[","[1500,2000[","[0,3000[","[0,3000[",*
1809,"[1800,2100[","[1800,1900[","[1750,2000[","[1500,2000[","[0,3000[","[0,3000[",*
1810,"[1800,2100[","[1800,1900[","[1750,2000[","[1500,2000[","[0,3000[","[0,3000[",*
1811,"[1800,2100[","[1800,1900[","[1750,2000[","[1500,2000[","[0,3000[","[0,3000[",*
1812,"[1800,2100[","[1800,1900[","[1750,2000[","[1500,2000[","[0,3000[","[0,3000[",*
1813,"[1800,2100[","[1800,1900[","[1750,2000[","[1500,2000[","[0,3000[","[0,3000[",*
1814,"[1800,2100[","[1800,1900[","[1750,2000[","[1500,2000[","[0,3000[","[0,3000[",*
1815,"[1800,2100[","[1800,1900[","[1750,2000[","[1500,2000[","[0,3000[","[0,3000[",*
1816,"[1800,2100[","[1800,1900[","[1750,2000[","[1500,2000[","[0,3000[","[0,3000[",*
1817,"[1800,2100[","[1800,1900[","[1750,2000[","[1500,2000[","[0,3000[","[0,3000[",*
1818,"[1800,2100[","[1800,1900[","[1750,2000[","[1500,2000[","[0,3000[","[0,3000[",*
1819,"[1800,2100[","[1800,1900[","[1750,2000[","[1500,2000[","[0,3000[","[0,3000[",*
1820,"[1800,2100[","[1800,1900[","[1750,2000[","[1500,2000[","[0,3000[","[0,3000[",*
1821,"[1800,2100[","[1800,1900[","[1750,2000[","[1500,2000[","[0,3000[","[0,3000[",*
1822,"[1800,2100[","[1800,1900[","[1750,2000[","[1500,2000[","[0,3000[","[0,3000[",*
1823,"[1800,2100[","[1800,1900[","[1750,2000[","[1500,2000[","[0,3000[","[0,3000[",*
1824,"[1800,2100[","[1800,1900[","[1750,2000[","[1500,2000[","[0,3000[","[0,3000[",*
1825,"[1800,2100[","[1800,1900[","[1750,2000[","[1500,2000[","[0,3000[","[0,3000[",*
1826,"[1800,2100[","[1800,1900[","[1750,2000[","[1500,2000[","[0,3000[","[0,3000[",*
1827,"[1800,2100[","[1800,1900[","[1750,2000[","[1500,2000[","[0,3000[","[0,3000[",*
1828,"[1800,2100[","[1800,1900[","[1750,2000[","[1500,2000[","[0,3000[","[0,3000[",*
1829,"[1800,2100[","[1800,1900[","[1750,2000[","[1500,2000[","[0,3000[","[0,3000[",*
1830,"[1800,2100[","[1800,1900[","[1750,2000[","[1500,2000[","[0,3000[","[0,3000[",*
1831,"[1800,2100[","[1800,1900[","[1750,2000[","[1500,2000[","[0,3000[","[0,3000[",*
1832,"[1800,2100[","[1800,1900[","[1750,2000[","[1500,2000[","[0,3000[","[0,3000[",*
1833,"[1800,2100[","[1800,1900[","[1750,2000[","[1500,2000[","[0,3000[","[0,3000[",*
1834,"[1800,2100[","[1800,1900[","[1750,2000[","[1500,2000[","[0,3000[","[0,3000[",*
1835,"[1800,2100[","[1800,1900[","[1750,2000[","[1500,2000[","[0,3000[","[0,3000[",*
1836,"[1800,2100[","[1800,1900[","[1750,2000[","[1500,2000[","[0,3000[","[0,3000[",*
1837,"[1800,2100[","[1800,1900[","[1750,2000[","[1500,2000[","[0,3000[","[0,3000[",*
1838,"[1800,2100[","[1800,1900[","[1750,2000[","[1500,2000[","[0,3000[","[0,3000[",*
1839,"[1800,2100[","[1800,1900[","[1750,2000[","[1500,2000[","[0,3000[","[0,3000[",*
1840,"[1800,2100[","[1800,1900[","[1750,2000[","[1500,2000[","[0,3000[","[0,3000[",*
1841,"[1800,2100[","[1800,1900[","[1750,2000[","[1500,2000[","[0,3000[","[0,3000[",*
1842,"[1800,2100[","[1800,1900[","[1750,2000[","[1500,2000[","[0,3000[","[0,3000[",*
1843,"[1800,2100[","[1800,1900[","[1750,2000[","[1500,2000[","[0,3000[","[0,3000[",*
1844,"[1800,2100[","[1800,1900[","[1750,2000[","[1500,2000[","[0,3000[","[0,3000[",*
1845,"[1800,2100[","[1800,1900[","[1750,2000[","[1500,2000[","[0,3000[","[0,3000[",*
1846,"[1800,2100[","[1800,1900[","[1750,2000[","[1500,2000[","[0,3000[","[0,3000[",*
1847,"[1800,2100[","[1800,1900[","[1750,2000[","[1500,2000[","[0,3000[","[0,3000[",*
1848,"[1800,2100[","[1800,1900[","[1750,2000[","[1500,2000[","[0,3000[","[0,3000[",*
1849,"[1800,2100[","[1800,1900[","[1750,2000[","[1500,2000[","[0,3000[","[0,3000[",*
1850,"[1800,2100[","[1800,1900[","[1750,2000[","[1500,2000[","[0,3000[","[0,3000[",*
1851,"[1800,2100[","[1800,1900[","[1750,2000[","[1500,2000[","[0,3000[","[0,3000[",*
1852,"[1800,2100[","[1800,1900[","[1750,2000[","[1500,2000[","[0,3000[","[0,3000[",*
1853,"[1800,2100[","[1800,1900[","[1750,2000[","[1500,2000[","[0,3000[","[0,3000[",*
1854,"[1800,2100[","[1800,1900[","[1750,2000[","[1500,2000[","[0,3000[","[0,3000[",*
1855,"[1800,2100[","[1800,1900[","[1750,2000[","[1500,2000[","[0,3000[","[0,3000[",*
1856,"[1800,2100[","[1800,1900[","[1750,2000[","[1500,2000[","[0,3000[","[0,3000[",*
1857,"[1800,2100[","[1800,1900[","[1750,2000[","[1500,2000[","[0,3000[","[0,3000[",*
1858,"[1800,2100[","[1800,1900[","[1750,2000[","[1500,2000[","[0,3000[","[0,3000[",*
1859,"[1800,2100[","[1800,1900[","[1750,2000[","[1500,2000[","[0,3000[","[0,3000[",*
1860,"[1800,2100[","[1800,1900[","[1750,2000[","[1500,2000[","[0,3000[","[0,3000[",*
1861,"[1800,2100[","[1800,1900[","[1750,2000[","[1500,2000[","[0,3000[","[0,3000[",*
1862,"[1800,2100[","[1800,1900[","[1750,2000[","[1500,2000[","[0,3000[","[0,3000[",*
1863,"[1800,2100[","[1800,1900[","[1750,2000[","[1500,2000[","[0,3000[","[0,3000[",*
1864,"[1800,2100[","[1800,1900[","[1750,2000[","[1500,2000[","[0,3000[","[0,3000[",*
1865,"[1800,2100[","[1800,1900[","[1750,2000[","[1500,2000[","[0,3000[","[0,3000[",*
1866,"[1800,2100[","[1800,1900[","[1750,2000[","[1500,2000[","[0,3000[","[0,3000[",*
1867,"[1800,2100[","[1800,1900[","[1750,2000[","[1500,2000[","[0,3000[","[0,3000[",*
1868,"[1800,2100[","[1800,1900[","[1750,2000[","[1500,2000[","[0,3000[","[0,3000[",*
1869,"[1800,2100[","[1800,1900[","[1750,2000[","[1500,2000[","[0,3000[","[0,3000[",*
1870,"[1800,2100[","[1800,1900[","[1750,2000[","[1500,2000[","[0,3000[","[0,3000[",*
1871,"[1800,2100[","[1800,1900[","[1750,2000[","[1500,2000[","[0,3000[","[0,3000[",*
1872,"[1800,2100[","[1800,1900[","[1750,2000[","[1500,2000[","[0,3000[","[0,3000[",*
1873,"[1800,2100[","[1800,1900[","[1750,2000[","[1500,2000[","[0,3000[","[0,3000[",*
1874,"[1800,2100[","[1800,1900[","[1750,2000[","[1500,2000[","[0,3000[","[0,3000[",*
1875,"[1800,2100[","[1800,1900[","[1750,2000[","[1500,2000[","[0,3000[","[0,3000[",*
1876,"[1800,2100[","[1800,1900[","[1750,2000[","[1500,2000[","[0,3000[","[0,3000[",*
1877,"[1800,2100[","[1800,1900[","[1750,2000[","[1500,2000[","[0,3000[","[0,3000[",*
1878,"[1800,2100[","[1800,1900[","[1750,2000[","[1500,2000[","[0,3000[","[0,3000[",*
1879,"[1800,2100[","[1800,1900[","[1750,2000[","[1500,2000[","[0,3000[","[0,3000[",*
1880,"[1800,2100[","[1800,1900[","[1750,2000[","[1500,2000[","[0,3000[","[0,3000[",*
1881,"[1800,2100[","[1800,1900[","[1750,2000[","[1500,2000[","[0,3000[","[0,3000[",*
1882,"[1800,2100[","[1800,1900[","[1750,2000[","[1500,2000[","[0,3000[","[0,3000[",*
1883,"[1800,2100[","[1800,1900[","[1750,2000[","[1500,2000[","[0,3000[","[0,3000[",*
1884,"[1800,2100[","[1800,1900[","[1750,2000[","[1500,2000[","[0,3000[","[0,3000[",*
1885,"[1800,2100[","[1800,1900[","[1750,2000[","[1500,2000[","[0,3000[","[0,3000[",*
1886,"[1800,2100[","[1800,1900[","[1750,2000[","[1500,2000[","[0,3000[","[0,3000[",*
1887,"[1800,2100[","[1800,1900[","[1750,2000[","[1500,2000[","[0,3000[","[0,3000[",*
1888,"[1800,2100[","[1800,1900[","[1750,2000[","[1500,2000[","[0,3000[","[0,3000[",*
1889,"[1800,2100[","[1800,1900[","[1750,2000[","[1500,2000[","[0,3000[","[0,3000[",*
1890,"[1800,2100[","[1800,1900[","[1750,2000[","[1500,2000[","[0,3000[","[0,3000[",*
1891,"[1800,2100[","[1800,1900[","[1750,2000[","[1500,2000[","[0,3000[","[0,3000[",*
1892,"[1800,2100[","[1800,1900[","[1750,2000[","[1500,2000[","[0,3000[","[0,3000[",*
1893,"[1800,2100[","[1800,1900[","[1750,2000[","[1500,2000[","[0,3000[","[0,3000[",*
1894,"[1800,2100[","[1800,1900[","[1750,2000[","[1500,2000[","[0,3000[","[0,3000[",*
1895,"[1800,2100[","[1800,1900[","[1750,2000[","[1500,2000[","[0,3000[","[0,3000[",*
1896,"[1800,2100[","[1800,1900[","[1750,2000[","[1500,2000[","[0,3000[","[0,3000[",*
1897,"[1800,2100[","[1800,1900[","[1750,2000[","[1500,2000[","[0,3000[","[0,3000[",*
1898,"[1800,2100[","[1800,1900[","[1750,2000[","[1500,2000[","[0,3000[","[0,3000[",*
1899,"[1800,2100[","[1800,1900[","[1750,2000[","[1500,2000[","[0,3000[","[0,3000[",*
1900,"[1800,2100[","[1900,2000[","[1750,2000[","[1500,2000[","[0,3000[","[0,3000[",*
1901,"[1800,2100[","[1900,2000[","[1750,2000[","[1500,2000[","[0,3000[","[0,3000[",*
1902,"[1800,2100[","[1900,2000[","[1750,2000[","[1500,2000[","[0,3000[","[0,3000[",*
1903,"[1800,2100[","[1900,2000[","[1750,2000[","[1500,2000[","[0,3000[","[0,3000[",*
1904,"[1800,2100[","[1900,2000[","[1750,2000[","[1500,2000[","[0,3000[","[0,3000[",*
1905,"[1800,2100[","[1900,2000[","[1750,2000[","[1500,2000[","[0,3000[","[0,3000[",*
1906,"[1800,2100[","[1900,2000[","[1750,2000[","[1500,2000[","[0,3000[","[0,3000[",*
1907,"[1800,2100[","[1900,2000[","[1750,2000[","[1500,2000[","[0,3000[","[0,3000[",*
1908,"[1800,2100[","[1900,2000[","[1750,2000[","[1500,2000[","[0,3000[","[0,3000[",*
1909,"[1800,2100[","[1900,2000[","[1750,2000[","[1500,2000[","[0,3000[","[0,3000[",*
1910,"[1800,2100[","[1900,2000[","[1750,2000[","[1500,2000[","[0,3000[","[0,3000[",*
1911,"[1800,2100[","[1900,2000[","[1750,2000[","[1500,2000[","[0,3000[","[0,3000[",*
1912,"[1800,2100[","[1900,2000[","[1750,2000[","[1500,2000[","[0,3000[","[0,3000[",*
1913,"[1800,2100[","[1900,2000[","[1750,2000[","[1500,2000[","[0,3000[","[0,3000[",*
1914,"[1800,2100[","[1900,2000[","[1750,2000[","[1500,2000[","[0,3000[","[0,3000[",*
1915,"[1800,2100[","[1900,2000[","[1750,2000[","[1500,2000[","[0,3000[","[0,3000[",*
1916,"[1800,2100[","[1900,2000[","[1750,2000[","[1500,2000[","[0,3000[","[0,3000[",*
1917,"[1800,2100[","[1900,2000[","[1750,2000[","[1500,2000[","[0,3000[","[0,3000[",*
1918,"[1800,2100[","[1900,2000[","[1750,2000[","[1500,2000[","[0,3000[","[0,3000[",*
1919,"[1800,2100[","[1900,2000[","[1750,2000[","[1500,2000[","[0,3000[","[0,3000[",*
1920,"[1800,2100[","[1900,2000[","[1750,2000[","[1500,2000[","[0,3000[","[0,3000[",*
1921,"[1800,2100[","[1900,2000[","[1750,2000[","[1500,2000[","[0,3000[","[0,3000[",*
1922,"[1800,2100[","[1900,2000[","[1750,2000[","[1500,2000[","[0,3000[","[0,3000[",*
1923,"[1800,2100[","[1900,2000[","[1750,2000[","[1500,2000[","[0,3000[","[0,3000[",*
1924,"[1800,2100[","[1900,2000[","[1750,2000[","[1500,2000[","[0,3000[","[0,3000[",*
1925,"[1800,2100[","[1900,2000[","[1750,2000[","[1500,2000[","[0,3000[","[0,3000[",*
1926,"[1800,2100[","[1900,2000[","[1750,2000[","[1500,2000[","[0,3000[","[0,3000[",*
1927,"[1800,2100[","[1900,2000[","[1750,2000[","[1500,2000[","[0,3000[","[0,3000[",*
1928,"[1800,2100[","[1900,2000[","[1750,2000[","[1500,2000[","[0,3000[","[0,3000[",*
1929,"[1800,2100[","[1900,2000[","[1750,2000[","[1500,2000[","[0,3000[","[0,3000[",*
1930,"[1800,2100[","[1900,2000[","[1750,2000[","[1500,2000[","[0,3000[","[0,3000[",*
1931,"[1800,2100[","[1900,2000[","[1750,2000[","[1500,2000[","[0,3000[","[0,3000[",*
1932,"[1800,2100[","[1900,2000[","[1750,2000[","[1500,2000[","[0,3000[","[0,3000[",*
1933,"[1800,2100[","[1900,2000[","[1750,2000[","[1500,2000[","[0,3000[","[0,3000[",*
1934,"[1800,2100[","[1900,2000[","[1750,2000[","[1500,2000[","[0,3000[","[0,3000[",*
1935,"[1800,2100[","[1900,2000[","[1750,2000[","[1500,2000[","[0,3000[","[0,3000[",*
1936,"[1800,2100[","[1900,2000[","[1750,2000[","[1500,2000[","[0,3000[","[0,3000[",*
1937,"[1800,2100[","[1900,2000[","[1750,2000[","[1500,2000[","[0,3000[","[0,3000[",*
1938,"[1800,2100[","[1900,2000[","[1750,2000[","[1500,2000[","[0,3000[","[0,3000[",*
1939,"[1800,2100[","[1900,2000[","[1750,2000[","[1500,2000[","[0,3000[","[0,3000[",*
1940,"[1800,2100[","[1900,2000[","[1750,2000[","[1500,2000[","[0,3000[","[0,3000[",*
1941,"[1800,2100[","[1900,2000[","[1750,2000[","[1500,2000[","[0,3000[","[0,3000[",*
1942,"[1800,2100[","[1900,2000[","[1750,2000[","[1500,2000[","[0,3000[","[0,3000[",*
1943,"[1800,2100[","[1900,2000[","[1750,2000[","[1500,2000[","[0,3000[","[0,3000[",*
1944,"[1800,2100[","[1900,2000[","[1750,2000[","[1500,2000[","[0,3000[","[0,3000[",*
1945,"[1800,2100[","[1900,2000[","[1750,2000[","[1500,2000[","[0,3000[","[0,3000[",*
1946,"[1800,2100[","[1900,2000[","[1750,2000[","[1500,2000[","[0,3000[","[0,3000[",*
1947,"[1800,2100[","[1900,2000[","[1750,2000[","[1500,2000[","[0,3000[","[0,3000[",*
1948,"[1800,2100[","[1900,2000[","[1750,2000[","[1500,2000[","[0,3000[","[0,3000[",*
1949,"[1800,2100[","[1900,2000[","[1750,2000[","[1500,2000[","[0,3000[","[0,3000[",*
1950,"[1800,2100[","[1900,2000[","[1750,2000[","[1500,2000[","[0,3000[","[0,3000[",*
1951,"[1800,2100[","[1900,2000[","[1750,2000[","[1500,2000[","[0,3000[","[0,3000[",*
1952,"[1800,2100[","[1900,2000[","[1750,2000[","[1500,2000[","[0,3000[","[0,3000[",*
1953,"[1800,2100[","[1900,2000[","[1750,2000[","[1500,2000[","[0,3000[","[0,3000[",*
1954,"[1800,2100[","[1900,2000[","[1750,2000[","[1500,2000[","[0,3000[","[0,3000[",*
1955,"[1800,2100[","[1900,2000[","[1750,2000[","[1500,2000[","[0,3000[","[0,3000[",*
1956,"[1800,2100[","[1900,2000[","[1750,2000[","[1500,2000[","[0,3000[","[0,3000[",*
1957,"[1800,2100[","[1900,2000[","[1750,2000[","[1500,2000[","[0,3000[","[0,3000[",*
1958,"[1800,2100[","[1900,2000[","[1750,2000[","[1500,2000[","[0,3000[","[0,3000[",*
1959,"[1800,2100[","[1900,2000[","[1750,2000[","[1500,2000[","[0,3000[","[0,3000[",*
1960,"[1800,2100[","[1900,2000[","[1750,2000[","[1500,2000[","[0,3000[","[0,3000[",*
1961,"[1800,2100[","[1900,2000[","[1750,2000[","[1500,2000[","[0,3000[","[0,3000[",*
1962,"[1800,2100[","[1900,2000[","[1750,2000[","[1500,2000[","[0,3000[","[0,3000[",*
1963,"[1800,2100[","[1900,2000[","[1750,2000[","[1500,2000[","[0,3000[","[0,3000[",*
1964,"[1800,2100[","[1900,2000[","[1750,2000[","[1500,2000[","[0,3000[","[0,3000[",*
1965,"[1800,2100[","[1900,2000[","[1750,2000[","[1500,2000[","[0,3000[","[0,3000[",*
1966,"[1800,2100[","[1900,2000[","[1750,2000[","[1500,2000[","[0,3000[","[0,3000[",*
1967,"[1800,2100[","[1900,2000[","[1750,2000[","[1500,2000[","[0,3000[","[0,3000[",*
1968,"[1800,2100[","[1900,2000[","[1750,2000[","[1500,2000[","[0,3000[","[0,3000[",*
1969,"[1800,2100[","[1900,2000[","[1750,2000[","[1500,2000[","[0,3000[","[0,3000[",*
1970,"[1800,2100[","[1900,2000[","[1750,2000[","[1500,2000[","[0,3000[","[0,3000[",*
1971,"[1800,2100[","[1900,2000[","[1750,2000[","[1500,2000[","[0,3000[","[0,3000[",*
1972,"[1800,2100[","[1900,2000[","[1750,2000[","[1500,2000[","[0,3000[","[0,3000[",*
1973,"[1800,2100[","[1900,2000[","[1750,2000[","[1500,2000[","[0,3000[","[0,3000[",*
1974,"[1800,2100[","[1900,2000[","[1750,2000[","[1500,2000[","[0,3000[","[0,3000[",*
1975,"[1800,2100[","[1900,2000[","[1750,2000[","[1500,2000[","[0,3000[","[0,3000[",*
1976,"[1800,2100[","[1900,2000[","[1750,2000[","[1500,2000[","[0,3000[","[0,3000[",*
1977,"[1800,2100[","[1900,2000[","[1750,2000[","[1500,2000[","[0,3000[","[0,3000[",*
1978,"[1800,2100[","[1900,2000[","[1750,2000[","[1500,2000[","[0,3000[","[0,3000[",*
1979,"[1800,2100[","[1900,2000[","[1750,2000[","[1500,2000[","[0,3000[","[0,3000[",*
1980,"[1800,2100[","[1900,2000[","[1750,2000[","[1500,2000[","[0,3000[","[0,3000[",*
1981,"[1800,2100[","[1900,2000[","[1750,2000[","[1500,2000[","[0,3000[","[0,3000[",*
1982,"[1800,2100[","[1900,2000[","[1750,2000[","[1500,2000[","[0,3000[","[0,3000[",*
1983,"[1800,2100[","[1900,2000[","[1750,2000[","[1500,2000[","[0,3000[","[0,3000[",*
1984,"[1800,2100[","[1900,2000[","[1750,2000[","[1500,2000[","[0,3000[","[0,3000[",*
1985,"[1800,2100[","[1900,2000[","[1750,2000[","[1500,2000[","[0,3000[","[0,3000[",*
1986,"[1800,2100[","[1900,2000[","[1750,2000[","[1500,2000[","[0,3000[","[0,3000[",*
1987,"[1800,2100[","[1900,2000[","[1750,2000[","[1500,2000[","[0,3000[","[0,3000[",*
1988,"[1800,2100[","[1900,2000[","[1750,2000[","[1500,2000[","[0,3000[","[0,3000[",*
1989,"[1800,2100[","[1900,2000[","[1750,2000[","[1500,2000[","[0,3000[","[0,3000[",*
1990,"[1800,2100[","[1900,2000[","[1750,2000[","[1500,2000[","[0,3000[","[0,3000[",*
1991,"[1800,2100[","[1900,2000[","[1750,2000[","[1500,2000[","[0,3000[","[0,3000[",*
1992,"[1800,2100[","[1900,2000[","[1750,2000[","[1500,2000[","[0,3000[","[0,3000[",*
1993,"[1800,2100[","[1900,2000[","[1750,2000[","[1500,2000[","[0,3000[","[0,3000[",*
1994,"[1800,2100[","[1900,2000[","[1750,2000[","[1500,2000[","[0,3000[","[0,3000[",*
1995,"[1800,2100[","[1900,2000[","[1750,2000[","[1500,2000[","[0,3000[","[0,3000[",*
1996,"[1800,2100[","[1900,2000[","[1750,2000[","[1500,2000[","[0,3000[","[0,3000[",*
1997,"[1800,2100[","[1900,2000[","[1750,2000[","[1500,2000[","[0,3000[","[0,3000[",*
1998,"[1800,2100[","[1900,2000[","[1750,2000[","[1500,2000[","[0,3000[","[0,3000[",*
1999,"[1800,2100[","[1900,2000[","[1750,2000[","[1500,2000[","[0,3000[","[0,3000[",*
2000,"[1800,2100[","[2000,2100[","[2000,2250[","[2000,2500[","[0,3000[","[0,3000[",*
2001,"[1800,2100[","[2000,2100[","[2000,2250[","[2000,2500[","[0,3000[","[0,3000[",*
2002,"[1800,2100[","[2000,2100[","[2000,2250[","[2000,2500[","[0,3000[","[0,3000[",*
2003,"[1800,2100[","[2000,2100[","[2000,2250[","[2000,2500[","[0,3000[","[0,3000[",*
2004,"[1800,2100[","[2000,2100[","[2000,2250[","[2000,2500[","[0,3000[","[0,3000[",*
2005,"[1800,2100[","[2000,2100[","[2000,2250[","[2000,2500[","[0,3000[","[0,3000[",*
2006,"[1800,2100[","[2000,2100[","[2000,2250[","[2000,2500[","[0,3000[","[0,3000[",*
2007,"[1800,2100[","[2000,2100[","[2000,2250[","[2000,2500[","[0,3000[","[0,3000[",*
2008,"[1800,2100[","[2000,2100[","[2000,2250[","[2000,2500[","[0,3000[","[0,3000[",*
2009,"[1800,2100[","[2000,2100[","[2000,2250[","[2000,2500[","[0,3000[","[0,3000[",*
2010,"[1800,2100[","[2000,2100[","[2000,2250[","[2000,2500[","[0,3000[","[0,3000[",*
2011,"[1800,2100[","[2000,2100[","[2000,2250[","[2000,2500[","[0,3000[","[0,3000[",*
2012,"[1800,2100[","[2000,2100[","[2000,2250[","[2000,2500[","[0,3000[","[0,3000[",*
2013,"[1800,2100[","[2000,2100[","[2000,2250[","[2000,2500[","[0,3000[","[0,3000[",*
2014,"[1800,2100[","[2000,2100[","[2000,2250[","[2000,2500[","[0,3000[","[0,3000[",*
2015,"[1800,2100[","[2000,2100[","[2000,2250[","[2000,2500[","[0,3000[","[0,3000[",*
2016,"[1800,2100[","[2000,2100[","[2000,2250[","[2000,2500[","[0,3000[","[0,3000[",*
2017,"[1800,2100[","[2000,2100[","[2000,2250[","[2000,2500[","[0,3000[","[0,3000[",*
2018,"[1800,2100[","[2000,2100[","[2000,2250[","[2000,2500[","[0,3000[","[0,3000[",*
2019,"[1800,2100[","[2000,2100[","[2000,2250[","[2000,2500[","[0,3000[","[0,3000[",*
2020,"[1800,2100[","[2000,2100[","[2000,2250[","[2000,2500[","[0,3000[","[0,3000[",*
2021,"[1800,2100[","[2000,2100[","[2000,2250[","[2000,2500[","[0,3000[","[0,3000[",*
2022,"[1800,2100[","[2000,2100[","[2000,2250[","[2000,2500[","[0,3000[","[0,3000[",*
2023,"[1800,2100[","[2000,2100[","[2000,2250[","[2000,2500[","[0,3000[","[0,3000[",*
2024,"[1800,2100[","[2000,2100[","[2000,2250[","[2000,2500[","[0,3000[","[0,3000[",*
2025,"[1800,2100[","[2000,2100[","[2000,2250[","[2000,2500[","[0,3000[","[0,3000[",*
2026,"[1800,2100[","[2000,2100[","[2000,2250[","[2000,2500[","[0,3000[","[0,3000[",*
2027,"[1800,2100[","[2000,2100[","[2000,2250[","[2000,2500[","[0,3000[","[0,3000[",*
2028,"[1800,2100[","[2000,2100[","[2000,2250[","[2000,2500[","[0,3000[","[0,3000[",*
2029,"[1800,2100[","[2000,2100[","[2000,2250[","[2000,2500[","[0,3000[","[0,3000[",*
2030,"[1800,2100[","[2000,2100[","[2000,2250[","[2000,2500[","[0,3000[","[0,3000[",*
2031,"[1800,2100[","[2000,2100[","[2000,2250[","[2000,2500[","[0,3000[","[0,3000[",*
2032,"[1800,2100[","[2000,2100[","[2000,2250[","[2000,2500[","[0,3000[","[0,3000[",*
2033,"[1800,2100[","[2000,2100[","[2000,2250[","[2000,2500[","[0,3000[","[0,3000[",*
2034,"[1800,2100[","[2000,2100[","[2000,2250[","[2000,2500[","[0,3000[","[0,3000[",*
2035,"[1800,2100[","[2000,2100[","[2000,2250[","[2000,2500[","[0,3000[","[0,3000[",*
2036,"[1800,2100[","[2000,2100[","[2000,2250[","[2000,2500[","[0,3000[","[0,3000[",*
2037,"[1800,2100[","[2000,2100[","[2000,2250[","[2000,2500[","[0,3000[","[0,3000[",*
2038,"[1800,2100[","[2000,2100[","[2000,2250[","[2000,2500[","[0,3000[","[0,3000[",*
2039,"[1800,2100[","[2000,2100[","[2000,2250[","[2000,2500[","[0,3000[","[0,3000[",*
2040,"[1800,2100[","[2000,2100[","[2000,2250[","[2000,2500[","[0,3000[","[0,3000[",*
2041,"[1800,2100[","[2000,2100[","[2000,2250[","[2000,2500[","[0,3000[","[0,3000[",*
2042,"[1800,2100[","[2000,2100[","[2000,2250[","[2000,2500[","[0,3000[","[0,3000[",*
2043,"[1800,2100[","[2000,2100[","[2000,2250[","[2000,2500[","[0,3000[","[0,3000[",*
2044,"[1800,2100[","[2000,2100[","[2000,2250[","[2000,2500[","[0,3000[","[0,3000[",*
2045,"[1800,2100[","[2000,2100[","[2000,2250[","[2000,2500[","[0,3000[","[0,3000[",*
2046,"[1800,2100[","[2000,2100[","[2000,2250[","[2000,2500[","[0,3000[","[0,3000[",*
2047,"[1800,2100[","[2000,2100[","[2000,2250[","[2000,2500[","[0,3000[","[0,3000[",*
2048,"[1800,2100[","[2000,2100[","[2000,2250[","[2000,2500[","[0,3000[","[0,3000[",*
2049,"[1800,2100[","[2000,2100[","[2000,2250[","[2000,2500[","[0,3000[","[0,3000[",*
2050,"[1800,2100[","[2000,2100[","[2000,2250[","[2000,2500[","[0,3000[","[0,3000[",*
2051,"[1800,2100[","[2000,2100[","[2000,2250[","[2000,2500[","[0,3000[","[0,3000[",*
2052,"[1800,2100[","[2000,2100[","[2000,2250[","[2000,2500[","[0,3000[","[0,3000[",*
2053,"[1800,2100[","[2000,2100[","[2000,2250[","[2000,2500[","[0,3000[","[0,3000[",*
2054,"[1800,2100[","[2000,2100[","[2000,2250[","[2000,2500[","[0,3000[","[0,3000[",*
2055,"[1800,2100[","[2000,2100[","[2000,2250[","[2000,2500[","[0,3000[","[0,3000[",*
2056,"[1800,2100[","[2000,2100[","[2000,2250[","[2000,2500[","[0,3000[","[0,3000[",*
2057,"[1800,2100[","[2000,2100[","[2000,2250[","[2000,2500[","[0,3000[","[0,3000[",*
2058,"[1800,2100[","[2000,2100[","[2000,2250[","[2000,2500[","[0,3000[","[0,3000[",*
2059,"[1800,2100[","[2000,2100[","[2000,2250[","[2000,2500[","[0,3000[","[0,3000[",*
2060,"[1800,2100[","[2000,2100[","[2000,2250[","[2000,2500[","[0,3000[","[0,3000[",*
2061,"[1800,2100[","[2000,2100[","[2000,2250[","[2000,2500[","[0,3000[","[0,3000[",*
2062,"[1800,2100[","[2000,2100[","[2000,2250[","[2000,2500[","[0,3000[","[0,3000[",*
2063,"[1800,2100[","[2000,2100[","[2000,2250[","[2000,2500[","[0,3000[","[0,3000[",*
2064,"[1800,2100[","[2000,2100[","[2000,2250[","[2000,2500[","[0,3000[","[0,3000[",*
2065,"[1800,2100[","[2000,2100[","[2000,2250[","[2000,2500[","[0,3000[","[0,3000[",*
2066,"[1800,2100[","[2000,2100[","[2000,2250[","[2000,2500[","[0,3000[","[0,3000[",*
2067,"[1800,2100[","[2000,2100[","[2000,2250[","[2000,2500[","[0,3000[","[0,3000[",*
2068,"[1800,2100[","[2000,2100[","[2000,2250[","[2000,2500[","[0,3000[","[0,3000[",*
2069,"[1800,2100[","[2000,2100[","[2000,2250[","[2000,2500[","[0,3000[","[0,3000[",*
2070,"[1800,2100[","[2000,2100[","[2000,2250[","[2000,2500[","[0,3000[","[0,3000[",*
2071,"[1800,2100[","[2000,2100[","[2000,2250[","[2000,2500[","[0,3000[","[0,3000[",*
2072,"[1800,2100[","[2000,2100[","[2000,2250[","[2000,2500[","[0,3000[","[0,3000[",*
2073,"[1800,2100[","[2000,2100[","[2000,2250[","[2000,2500[","[0,3000[","[0,3000[",*
2074,"[1800,2100[","[2000,2100[","[2000,2250[","[2000,2500[","[0,3000[","[0,3000[",*
2075,"[1800,2100[","[2000,2100[","[2000,2250[","[2000,2500[","[0,3000[","[0,3000[",*
2076,"[1800,2100[","[2000,2100[","[2000,2250[","[2000,2500[","[0,3000[","[0,3000[",*
2077,"[1800,2100[","[2000,2100[","[2000,2250[","[2000,2500[","[0,3000[","[0,3000[",*
2078,"[1800,2100[","[2000,2100[","[2000,2250[","[2000,2500[","[0,3000[","[0,3000[",*
2079,"[1800,2100[","[2000,2100[","[2000,2250[","[2000,2500[","[0,3000[","[0,3000[",*
2080,"[1800,2100[","[2000,2100[","[2000,2250[","[2000,2500[","[0,3000[","[0,3000[",*
2081,"[1800,2100[","[2000,2100[","[2000,2250[","[2000,2500[","[0,3000[","[0,3000[",*
2082,"[1800,2100[","[2000,2100[","[2000,2250[","[2000,2500[","[0,3000[","[0,3000[",*
2083,"[1800,2100[","[2000,2100[","[2000,2250[","[2000,2500[","[0,3000[","[0,3000[",*
2084,"[1800,2100[","[2000,2100[","[2000,2250[","[2000,2500[","[0,3000[","[0,3000[",*
2085,"[1800,2100[","[2000,2100[","[2000,2250[","[2000,2500[","[0,3000[","[0,3000[",*
2086,"[1800,2100[","[2000,2100[","[2000,2250[","[2000,2500[","[0,3000[","[0,3000[",*
2087,"[1800,2100[","[2000,2100[","[2000,2250[","[2000,2500[","[0,3000[","[0,3000[",*
2088,"[1800,2100[","[2000,2100[","[2000,2250[","[2000,2500[","[0,3000[","[0,3000[",*
2089,"[1800,2100[","[2000,2100[","[2000,2250[","[2000,2500[","[0,3000[","[0,3000[",*
2090,"[1800,2100[","[2000,2100[","[2000,2250[","[2000,2500[","[0,3000[","[0,3000[",*
2091,"[1800,2100[","[2000,2100[","[2000,2250[","[2000,2500[","[0,3000[","[0,3000[",*
2092,"[1800,2100[","[2000,2100[","[2000,2250[","[2000,2500[","[0,3000[","[0,3000[",*
2093,"[1800,2100[","[2000,2100[","[2000,2250[","[2000,2500[","[0,3000[","[0,3000[",*
2094,"[1800,2100[","[2000,2100[","[2000,2250[","[2000,2500[","[0,3000[","[0,3000[",*
2095,"[1800,2100[","[2000,2100[","[2000,2250[","[2000,2500[","[0,3000[","[0,3000[",*
2096,"[1800,2100[","[2000,2100[","[2000,2250[","[2000,2500[","[0,3000[","[0,3000[",*
2097,"[1800,2100[","[2000,2100[","[2000,2250[","[2000,2500[","[0,3000[","[0,3000[",*
2098,"[1800,2100[","[2000,2100[","[2000,2250[","[2000,2500[","[0,3000[","[0,3000[",*
2099,"[1800,2100[","[2000,2100[","[2000,2250[","[2000,2500[","[0,3000[","[0,3000[",*
2100,"[2100,2400[","[2100,2200[","[2000,2250[","[2000,2500[","[0,3000[","[0,3000[",*
2101,"[2100,2400[","[2100,2200[","[2000,2250[","[2000,2500[","[0,3000[","[0,3000[",*
2102,"[2100,2400[","[2100,2200[","[2000,2250[","[2000,2500[","[0,3000[","[0,3000[",*
2103,"[2100,2400[","[2100,2200[","[2000,2250[","[2000,2500[","[0,3000[","[0,3000[",*
2104,"[2100,2400[","[2100,2200[","[2000,2250[","[2000,2500[","[0,3000[","[0,3000[",*
2105,"[2100,2400[","[2100,2200[","[2000,2250[","[2000,2500[","[0,3000[","[0,3000[",*
2106,"[2100,2400[","[2100,2200[","[2000,2250[","[2000,2500[","[0,3000[","[0,3000[",*
2107,"[2100,2400[","[2100,2200[","[2000,2250[","[2000,2500[","[0,3000[","[0,3000[",*
2108,"[2100,2400[","[2100,2200[","[2000,2250[","[2000,2500[","[0,3000[","[0,3000[",*
2109,"[2100,2400[","[2100,2200[","[2000,2250[","[2000,2500[","[0,3000[","[0,3000[",*
2110,"[2100,2400[","[2100,2200[","[2000,2250[","[2000,2500[","[0,3000[","[0,3000[",*
2111,"[2100,2400[","[2100,2200[","[2000,2250[","[2000,2500[","[0,3000[","[0,3000[",*
2112,"[2100,2400[","[2100,2200[","[2000,2250[","[2000,2500[","[0,3000[","[0,3000[",*
2113,"[2100,2400[","[2100,2200[","[2000,2250[","[2000,2500[","[0,3000[","[0,3000[",*
2114,"[2100,2400[","[2100,2200[","[2000,2250[","[2000,2500[","[0,3000[","[0,3000[",*
2115,"[2100,2400[","[2100,2200[","[2000,2250[","[2000,2500[","[0,3000[","[0,3000[",*
2116,"[2100,2400[","[2100,2200[","[2000,2250[","[2000,2500[","[0,3000[","[0,3000[",*
2117,"[2100,2400[","[2100,2200[","[2000,2250[","[2000,2500[","[0,3000[","[0,3000[",*
2118,"[2100,2400[","[2100,2200[","[2000,2250[","[2000,2500[","[0,3000[","[0,3000[",*
2119,"[2100,2400[","[2100,2200[","[2000,2250[","[2000,2500[","[0,3000[","[0,3000[",*
2120,"[2100,2400[","[2100,2200[","[2000,2250[","[2000,2500[","[0,3000[","[0,3000[",*
2121,"[2100,2400[","[2100,2200[","[2000,2250[","[2000,2500[","[0,3000[","[0,3000[",*
2122,"[2100,2400[","[2100,2200[","[2000,2250[","[2000,2500[","[0,3000[","[0,3000[",*
2123,"[2100,2400[","[2100,2200[","[2000,2250[","[2000,2500[","[0,3000[","[0,3000[",*
2124,"[2100,2400[","[2100,2200[","[2000,2250[","[2000,2500[","[0,3000[","[0,3000[",*
2125,"[2100,2400[","[2100,2200[","[2000,2250[","[2000,2500[","[0,3000[","[0,3000[",*
2126,"[2100,2400[","[2100,2200[","[2000,2250[","[2000,2500[","[0,3000[","[0,3000[",*
2127,"[2100,2400[","[2100,2200[","[2000,2250[","[2000,2500[","[0,3000[","[0,3000[",*
2128,"[2100,2400[","[2100,2200[","[2000,2250[","[2000,2500[","[0,3000[","[0,3000[",*
2129,"[2100,2400[","[2100,2200[","[2000,2250[","[2000,2500[","[0,3000[","[0,3000[",*
2130,"[2100,2400[","[2100,2200[","[2000,2250[","[2000,2500[","[0,3000[","[0,3000[",*
2131,"[2100,2400[","[2100,2200[","[2000,2250[","[2000,2500[","[0,3000[","[0,3000[",*
2132,"[2100,2400[","[2100,2200[","[2000,2250[","[2000,2500[","[0,3000[","[0,3000[",*
2133,"[2100,2400[","[2100,2200[","[2000,2250[","[2000,2500[","[0,3000[","[0,3000[",*
2134,"[2100,2400[","[2100,2200[","[2000,2250[","[2000,2500[","[0,3000[","[0,3000[",*
2135,"[2100,2400[","[2100,2200[","[2000,2250[","[2000,2500[","[0,3000[","[0,3000[",*
2136,"[2100,2400[","[2100,2200[","[2000,2250[","[2000,2500[","[0,3000[","[0,3000[",*
2137,"[2100,2400[","[2100,2200[","[2000,2250[","[2000,2500[","[0,3000[","[0,3000[",*
2138,"[2100,2400[","[2100,2200[","[2000,2250[","[2000,2500[","[0,3000[","[0,3000[",*
2139,"[2100,2400[","[2100,2200[","[2000,2250[","[2000,2500[","[0,3000[","[0,3000[",*
2140,"[2100,2400[","[2100,2200[","[2000,2250[","[2000,2500[","[0,3000[","[0,3000[",*
2141,"[2100,2400[","[2100,2200[","[2000,2250[","[2000,2500[","[0,3000[","[0,3000[",*
2142,"[2100,2400[","[2100,2200[","[2000,2250[","[2000,2500[","[0,3000[","[0,3000[",*
2143,"[2100,2400[","[2100,2200[","[2000,2250[","[2000,2500[","[0,3000[","[0,3000[",*
2144,"[2100,2400[","[2100,2200[","[2000,2250[","[2000,2500[","[0,3000[","[0,3000[",*
2145,"[2100,2400[","[2100,2200[","[2000,2250[","[2000,2500[","[0,3000[","[0,3000[",*
2146,"[2100,2400[","[2100,2200[","[2000,2250[","[2000,2500[","[0,3000[","[0,3000[",*
2147,"[2100,2400[","[2100,2200[","[2000,2250[","[2000,2500[","[0,3000[","[0,3000[",*
2148,"[2100,2400[","[2100,2200[","[2000,2250[","[2000,2500[","[0,3000[","[0,3000[",*
2149,"[2100,2400[","[2100,2200[","[2000,2250[","[2000,2500[","[0,3000[","[0,3000[",*
2150,"[2100,2400[","[2100,2200[","[2000,2250[","[2000,2500[","[0,3000[","[0,3000[",*
2151,"[2100,2400[","[2100,2200[","[2000,2250[","[2000,2500[","[0,3000[","[0,3000[",*
2152,"[2100,2400[","[2100,2200[","[2000,2250[","[2000,2500[","[0,3000[","[0,3000[",*
2153,"[2100,2400[","[2100,2200[","[2000,2250[","[2000,2500[","[0,3000[","[0,3000[",*
2154,"[2100,2400[","[2100,2200[","[2000,2250[","[2000,2500[","[0,3000[","[0,3000[",*
2155,"[2100,2400[","[2100,2200[","[2000,2250[","[2000,2500[","[0,3000[","[0,3000[",*
2156,"[2100,2400[","[2100,2200[","[2000,2250[","[2000,2500[","[0,3000[","[0,3000[",*
2157,"[2100,2400[","[2100,2200[","[2000,2250[","[2000,2500[","[0,3000[","[0,3000[",*
2158,"[2100,2400[","[2100,2200[","[2000,2250[","[2000,2500[","[0,3000[","[0,3000[",*
2159,"[2100,2400[","[2100,2200[","[2000,2250[","[2000,2500[","[0,3000[","[0,3000[",*
2160,"[2100,2400[","[2100,2200[","[2000,2250[","[2000,2500[","[0,3000[","[0,3000[",*
2161,"[2100,2400[","[2100,2200[","[2000,2250[","[2000,2500[","[0,3000[","[0,3000[",*
2162,"[2100,2400[","[2100,2200[","[2000,2250[","[2000,2500[","[0,3000[","[0,3000[",*
2163,"[2100,2400[","[2100,2200[","[2000,2250[","[2000,2500[","[0,3000[","[0,3000[",*
2164,"[2100,2400[","[2100,2200[","[2000,2250[","[2000,2500[","[0,3000[","[0,3000[",*
2165,"[2100,2400[","[2100,2200[","[2000,2250[","[2000,2500[","[0,3000[","[0,3000[",*
2166,"[2100,2400[","[2100,2200[","[2000,2250[","[2000,2500[","[0,3000[","[0,3000[",*
2167,"[2100,2400[","[2100,2200[","[2000,2250[","[2000,2500[","[0,3000[","[0,3000[",*
2168,"[2100,2400[","[2100,2200[","[2000,2250[","[2000,2500[","[0,3000[","[0,3000[",*
2169,"[2100,2400[","[2100,2200[","[2000,2250[","[2000,2500[","[0,3000[","[0,3000[",*
2170,"[2100,2400[","[2100,2200[","[2000,2250[","[2000,2500[","[0,3000[","[0,3000[",*
2171,"[2100,2400[","[2100,2200[","[2000,2250[","[2000,2500[","[0,3000[","[0,3000[",*
2172,"[2100,2400[","[2100,2200[","[2000,2250[","[2000,2500[","[0,3000[","[0,3000[",*
2173,"[2100,2400[","[2100,2200[","[2000,2250[","[2000,2500[","[0,3000[","[0,3000[",*
2174,"[2100,2400[","[2100,2200[","[2000,2250[","[2000,2500[","[0,3000[","[0,3000[",*
2175,"[2100,2400[","[2100,2200[","[2000,2250[","[2000,2500[","[0,3000[","[0,3000[",*
2176,"[2100,2400[","[2100,2200[","[2000,2250[","[2000,2500[","[0,3000[","[0,3000[",*
2177,"[2100,2400[","[2100,2200[","[2000,2250[","[2000,2500[","[0,3000[","[0,3000[",*
2178,"[2100,2400[","[2100,2200[","[2000,2250[","[2000,2500[","[0,3000[","[0,3000[",*
2179,"[2100,2400[","[2100,2200[","[2000,2250[","[2000,2500[","[0,3000[","[0,3000[",*
2180,"[2100,2400[","[2100,2200[","[2000,2250[","[2000,2500[","[0,3000[","[0,3000[",*
2181,"[2100,2400[","[2100,2200[","[2000,2250[","[2000,2500[","[0,3000[","[0,3000[",*
2182,"[2100,2400[","[2100,2200[","[2000,2250[","[2000,2500[","[0,3000[","[0,3000[",*
2183,"[2100,2400[","[2100,2200[","[2000,2250[","[2000,2500[","[0,3000[","[0,3000[",*
2184,"[2100,2400[","[2100,2200[","[2000,2250[","[2000,2500[","[0,3000[","[0,3000[",*
2185,"[2100,2400[","[2100,2200[","[2000,2250[","[2000,2500[","[0,3000[","[0,3000[",*
2186,"[2100,2400[","[2100,2200[","[2000,2250[","[2000,2500[","[0,3000[","[0,3000[",*
2187,"[2100,2400[","[2100,2200[","[2000,2250[","[2000,2500[","[0,3000[","[0,3000[",*
2188,"[2100,2400[","[2100,2200[","[2000,2250[","[2000,2500[","[0,3000[","[0,3000[",*
2189,"[2100,2400[","[2100,2200[","[2000,2250[","[2000,2500[","[0,3000[","[0,3000[",*
2190,"[2100,2400[","[2100,2200[","[2000,2250[","[2000,2500[","[0,3000[","[0,3000[",*
2191,"[2100,2400[","[2100,2200[","[2000,2250[","[2000,2500[","[0,3000[","[0,3000[",*
2192,"[2100,2400[","[2100,2200[","[2000,2250[","[2000,2500[","[0,3000[","[0,3000[",*
2193,"[2100,2400[","[2100,2200[","[2000,2250[","[2000,2500[","[0,3000[","[0,3000[",*
2194,"[2100,2400[","[2100,2200[","[2000,2250[","[2000,2500[","[0,3000[","[0,3000[",*
2195,"[2100,2400[","[2100,2200[","[2000,2250[","[2000,2500[","[0,3000[","[0,3000[",*
2196,"[2100,2400[","[2100,2200[","[2000,2250[","[2000,2500[","[0,3000[","[0,3000[",*
2197,"[2100,2400[","[2100,2200[","[2000,2250[","[2000,2500[","[0,3000[","[0,3000[",*
2198,"[2100,2400[","[2100,2200[","[2000,2250[","[2000,2500[","[0,3000[","[0,3000[",*
2199,"[2100,2400[","[2100,2200[","[2000,2250[","[2000,2500[","[0,3000[","[0,3000[",*
2200,"[2100,2400[","[2200,2300[","[2000,2250[","[2000,2500[","[0,3000[","[0,3000[",*
2201,"[2100,2400[","[2200,2300[","[2000,2250[","[2000,2500[","[0,3000[","[0,3000[",*
2202,"[2100,2400[","[2200,2300[","[2000,2250[","[2000,2500[","[0,3000[","[0,3000[",*
2203,"[2100,2400[","[2200,2300[","[2000,2250[","[2000,2500[","[0,3000[","[0,3000[",*
2204,"[2100,2400[","[2200,2300[","[2000,2250[","[2000,2500[","[0,3000[","[0,3000[",*
2205,"[2100,2400[","[2200,2300[","[2000,2250[","[2000,2500[","[0,3000[","[0,3000[",*
2206,"[2100,2400[","[2200,2300[","[2000,2250[","[2000,2500[","[0,3000[","[0,3000[",*
2207,"[2100,2400[","[2200,2300[","[2000,2250[","[2000,2500[","[0,3000[","[0,3000[",*
2208,"[2100,2400[","[2200,2300[","[2000,2250[","[2000,2500[","[0,3000[","[0,3000[",*
2209,"[2100,2400[","[2200,2300[","[2000,2250[","[2000,2500[","[0,3000[","[0,3000[",*
2210,"[2100,2400[","[2200,2300[","[2000,2250[","[2000,2500[","[0,3000[","[0,3000[",*
2211,"[2100,2400[","[2200,2300[","[2000,2250[","[2000,2500[","[0,3000[","[0,3000[",*
2212,"[2100,2400[","[2200,2300[","[2000,2250[","[2000,2500[","[0,3000[","[0,3000[",*
2213,"[2100,2400[","[2200,2300[","[2000,2250[","[2000,2500[","[0,3000[","[0,3000[",*
2214,"[2100,2400[","[2200,2300[","[2000,2250[","[2000,2500[","[0,3000[","[0,3000[",*
2215,"[2100,2400[","[2200,2300[","[2000,2250[","[2000,2500[","[0,3000[","[0,3000[",*
2216,"[2100,2400[","[2200,2300[","[2000,2250[","[2000,2500[","[0,3000[","[0,3000[",*
2217,"[2100,2400[","[2200,2300[","[2000,2250[","[2000,2500[","[0,3000[","[0,3000[",*
2218,"[2100,2400[","[2200,2300[","[2000,2250[","[2000,2500[","[0,3000[","[0,3000[",*
2219,"[2100,2400[","[2200,2300[","[2000,2250[","[2000,2500[","[0,3000[","[0,3000[",*
2220,"[2100,2400[","[2200,2300[","[2000,2250[","[2000,2500[","[0,3000[","[0,3000[",*
2221,"[2100,2400[","[2200,2300[","[2000,2250[","[2000,2500[","[0,3000[","[0,3000[",*
2222,"[2100,2400[","[2200,2300[","[2000,2250[","[2000,2500[","[0,3000[","[0,3000[",*
2223,"[2100,2400[","[2200,2300[","[2000,2250[","[2000,2500[","[0,3000[","[0,3000[",*
2224,"[2100,2400[","[2200,2300[","[2000,2250[","[2000,2500[","[0,3000[","[0,3000[",*
2225,"[2100,2400[","[2200,2300[","[2000,2250[","[2000,2500[","[0,3000[","[0,3000[",*
2226,"[2100,2400[","[2200,2300[","[2000,2250[","[2000,2500[","[0,3000[","[0,3000[",*
2227,"[2100,2400[","[2200,2300[","[2000,2250[","[2000,2500[","[0,3000[","[0,3000[",*
2228,"[2100,2400[","[2200,2300[","[2000,2250[","[2000,2500[","[0,3000[","[0,3000[",*
2229,"[2100,2400[","[2200,2300[","[2000,2250[","[2000,2500[","[0,3000[","[0,3000[",*
2230,"[2100,2400[","[2200,2300[","[2000,2250[","[2000,2500[","[0,3000[","[0,3000[",*
2231,"[2100,2400[","[2200,2300[","[2000,2250[","[2000,2500[","[0,3000[","[0,3000[",*
2232,"[2100,2400[","[2200,2300[","[2000,2250[","[2000,2500[","[0,3000[","[0,3000[",*
2233,"[2100,2400[","[2200,2300[","[2000,2250[","[2000,2500[","[0,3000[","[0,3000[",*
2234,"[2100,2400[","[2200,2300[","[2000,2250[","[2000,2500[","[0,3000[","[0,3000[",*
2235,"[2100,2400[","[2200,2300[","[2000,2250[","[2000,2500[","[0,3000[","[0,3000[",*
2236,"[2100,2400[","[2200,2300[","[2000,2250[","[2000,2500[","[0,3000[","[0,3000[",*
2237,"[2100,2400[","[2200,2300[","[2000,2250[","[2000,2500[","[0,3000[","[0,3000[",*
2238,"[2100,2400[","[2200,2300[","[2000,2250[","[2000,2500[","[0,3000[","[0,3000[",*
2239,"[2100,2400[","[2200,2300[","[2000,2250[","[2000,2500[","[0,3000[","[0,3000[",*
2240,"[2100,2400[","[2200,2300[","[2000,2250[","[2000,2500[","[0,3000[","[0,3000[",*
2241,"[2100,2400[","[2200,2300[","[2000,2250[","[2000,2500[","[0,3000[","[0,3000[",*
2242,"[2100,2400[","[2200,2300[","[2000,2250[","[2000,2500[","[0,3000[","[0,3000[",*
2243,"[2100,2400[","[2200,2300[","[2000,2250[","[2000,2500[","[0,3000[","[0,3000[",*
2244,"[2100,2400[","[2200,2300[","[2000,2250[","[2000,2500[","[0,3000[","[0,3000[",*
2245,"[2100,2400[","[2200,2300[","[2000,2250[","[2000,2500[","[0,3000[","[0,3000[",*
2246,"[2100,2400[","[2200,2300[","[2000,2250[","[2000,2500[","[0,3000[","[0,3000[",*
2247,"[2100,2400[","[2200,2300[","[2000,2250[","[2000,2500[","[0,3000[","[0,3000[",*
2248,"[2100,2400[","[2200,2300[","[2000,2250[","[2000,2500[","[0,3000[","[0,3000[",*
2249,"[2100,2400[","[2200,2300[","[2000,2250[","[2000,2500[","[0,3000[","[0,3000[",*
2250,"[2100,2400[","[2200,2300[","[2250,2500[","[2000,2500[","[0,3000[","[0,3000[",*
2251,"[2100,2400[","[2200,2300[","[2250,2500[","[2000,2500[","[0,3000[","[0,3000[",*
2252,"[2100,2400[","[2200,2300[","[2250,2500[","[2000,2500[","[0,3000[","[0,3000[",*
2253,"[2100,2400[","[2200,2300[","[2250,2500[","[2000,2500[","[0,3000[","[0,3000[",*
2254,"[2100,2400[","[2200,2300[","[2250,2500[","[2000,2500[","[0,3000[","[0,3000[",*
2255,"[2100,2400[","[2200,2300[","[2250,2500[","[2000,2500[","[0,3000[","[0,3000[",*
2256,"[2100,2400[","[2200,2300[","[2250,2500[","[2000,2500[","[0,3000[","[0,3000[",*
2257,"[2100,2400[","[2200,2300[","[2250,2500[","[2000,2500[","[0,3000[","[0,3000[",*
2258,"[2100,2400[","[2200,2300[","[2250,2500[","[2000,2500[","[0,3000[","[0,3000[",*
2259,"[2100,2400[","[2200,2300[","[2250,2500[","[2000,2500[","[0,3000[","[0,3000[",*
2260,"[2100,2400[","[2200,2300[","[2250,2500[","[2000,2500[","[0,3000[","[0,3000[",*
2261,"[2100,2400[","[2200,2300[","[2250,2500[","[2000,2500[","[0,3000[","[0,3000[",*
2262,"[2100,2400[","[2200,2300[","[2250,2500[","[2000,2500[","[0,3000[","[0,3000[",*
2263,"[2100,2400[","[2200,2300[","[2250,2500[","[2000,2500[","[0,3000[","[0,3000[",*
2264,"[2100,2400[","[2200,2300[","[2250,2500[","[2000,2500[","[0,3000[","[0,3000[",*
2265,"[2100,2400[","[2200,2300[","[2250,2500[","[2000,2500[","[0,3000[","[0,3000[",*
2266,"[2100,2400[","[2200,2300[","[2250,2500[","[2000,2500[","[0,3000[","[0,3000[",*
2267,"[2100,2400[","[2200,2300[","[2250,2500[","[2000,2500[","[0,3000[","[0,3000[",*
2268,"[2100,2400[","[2200,2300[","[2250,2500[","[2000,2500[","[0,3000[","[0,3000[",*
2269,"[2100,2400[","[2200,2300[","[2250,2500[","[2000,2500[","[0,3000[","[0,3000[",*
2270,"[2100,2400[","[2200,2300[","[2250,2500[","[2000,2500[","[0,3000[","[0,3000[",*
2271,"[2100,2400[","[2200,2300[","[2250,2500[","[2000,2500[","[0,3000[","[0,3000[",*
2272,"[2100,2400[","[2200,2300[","[2250,2500[","[2000,2500[","[0,3000[","[0,3000[",*
2273,"[2100,2400[","[2200,2300[","[2250,2500[","[2000,2500[","[0,3000[","[0,3000[",*
2274,"[2100,2400[","[2200,2300[","[2250,2500[","[2000,2500[","[0,3000[","[0,3000[",*
2275,"[2100,2400[","[2200,2300[","[2250,2500[","[2000,2500[","[0,3000[","[0,3000[",*
2276,"[2100,2400[","[2200,2300[","[2250,2500[","[2000,2500[","[0,3000[","[0,3000[",*
2277,"[2100,2400[","[2200,2300[","[2250,2500[","[2000,2500[","[0,3000[","[0,3000[",*
2278,"[2100,2400[","[2200,2300[","[2250,2500[","[2000,2500[","[0,3000[","[0,3000[",*
2279,"[2100,2400[","[2200,2300[","[2250,2500[","[2000,2500[","[0,3000[","[0,3000[",*
2280,"[2100,2400[","[2200,2300[","[2250,2500[","[2000,2500[","[0,3000[","[0,3000[",*
2281,"[2100,2400[","[2200,2300[","[2250,2500[","[2000,2500[","[0,3000[","[0,3000[",*
2282,"[2100,2400[","[2200,2300[","[2250,2500[","[2000,2500[","[0,3000[","[0,3000[",*
2283,"[2100,2400[","[2200,2300[","[2250,2500[","[2000,2500[","[0,3000[","[0,3000[",*
2284,"[2100,2400[","[2200,2300[","[2250,2500[","[2000,2500[","[0,3000[","[0,3000[",*
2285,"[2100,2400[","[2200,2300[","[2250,2500[","[2000,2500[","[0,3000[","[0,3000[",*
2286,"[2100,2400[","[2200,2300[","[2250,2500[","[2000,2500[","[0,3000[","[0,3000[",*
2287,"[2100,2400[","[2200,2300[","[2250,2500[","[2000,2500[","[0,3000[","[0,3000[",*
2288,"[2100,2400[","[2200,2300[","[2250,2500[","[2000,2500[","[0,3000[","[0,3000[",*
2289,"[2100,2400[","[2200,2300[","[2250,2500[","[2000,2500[","[0,3000[","[0,3000[",*
2290,"[2100,2400[","[2200,2300[","[2250,2500[","[2000,2500[","[0,3000[","[0,3000[",*
2291,"[2100,2400[","[2200,2300[","[2250,2500[","[2000,2500[","[0,3000[","[0,3000[",*
2292,"[2100,2400[","[2200,2300[","[2250,2500[","[2000,2500[","[0,3000[","[0,3000[",*
2293,"[2100,2400[","[2200,2300[","[2250,2500[","[2000,2500[","[0,3000[","[0,3000[",*
2294,"[2100,2400[","[2200,2300[","[2250,2500[","[2000,2500[","[0,3000[","[0,3000[",*
2295,"[2100,2400[","[2200,2300[","[2250,2500[","[2000,2500[","[0,3000[","[0,3000[",*
2296,"[2100,2400[","[2200,2300[","[2250,2500[","[2000,2500[","[0,3000[","[0,3000[",*
2297,"[2100,2400[","[2200,2300[","[2250,2500[","[2000,2500[","[0,3000[","[0,3000[",*
2298,"[2100,2400[","[2200,2300[","[2250,2500[","[2000,2500[","[0,3000[","[0,3000[",*
2299,"[2100,2400[","[2200,2300[","[2250,2500[","[2000,2500[","[0,3000[","[0,3000[",*
2300,"[2100,2400[","[2300,2400[","[2250,2500[","[2000,2500[","[0,3000[","[0,3000[",*
2301,"[2100,2400[","[2300,2400[","[2250,2500[","[2000,2500[","[0,3000[","[0,3000[",*
2302,"[2100,2400[","[2300,2400[","[2250,2500[","[2000,2500[","[0,3000[","[0,3000[",*
2303,"[2100,2400[","[2300,2400[","[2250,2500[","[2000,2500[","[0,3000[","[0,3000[",*
2304,"[2100,2400[","[2300,2400[","[2250,2500[","[2000,2500[","[0,3000[","[0,3000[",*
2305,"[2100,2400[","[2300,2400[","[2250,2500[","[2000,2500[","[0,3000[","[0,3000[",*
2306,"[2100,2400[","[2300,2400[","[2250,2500[","[2000,2500[","[0,3000[","[0,3000[",*
2307,"[2100,2400[","[2300,2400[","[2250,2500[","[2000,2500[","[0,3000[","[0,3000[",*
2308,"[2100,2400[","[2300,2400[","[2250,2500[","[2000,2500[","[0,3000[","[0,3000[",*
2309,"[2100,2400[","[2300,2400[","[2250,2500[","[2000,2500[","[0,3000[","[0,3000[",*
2310,"[2100,2400[","[2300,2400[","[2250,2500[","[2000,2500[","[0,3000[","[0,3000[",*
2311,"[2100,2400[","[2300,2400[","[2250,2500[","[2000,2500[","[0,3000[","[0,3000[",*
2312,"[2100,2400[","[2300,2400[","[2250,2500[","[2000,2500[","[0,3000[","[0,3000[",*
2313,"[2100,2400[","[2300,2400[","[2250,2500[","[2000,2500[","[0,3000[","[0,3000[",*
2314,"[2100,2400[","[2300,2400[","[2250,2500[","[2000,2500[","[0,3000[","[0,3000[",*
2315,"[2100,2400[","[2300,2400[","[2250,2500[","[2000,2500[","[0,3000[","[0,3000[",*
2316,"[2100,2400[","[2300,2400[","[2250,2500[","[2000,2500[","[0,3000[","[0,3000[",*
2317,"[2100,2400[","[2300,2400[","[2250,2500[","[2000,2500[","[0,3000[","[0,3000[",*
2318,"[2100,2400[","[2300,2400[","[2250,2500[","[2000,2500[","[0,3000[","[0,3000[",*
2319,"[2100,2400[","[2300,2400[","[2250,2500[","[2000,2500[","[0,3000[","[0,3000[",*
2320,"[2100,2400[","[2300,2400[","[2250,2500[","[2000,2500[","[0,3000[","[0,3000[",*
2321,"[2100,2400[","[2300,2400[","[2250,2500[","[2000,2500[","[0,3000[","[0,3000[",*
2322,"[2100,2400[","[2300,2400[","[2250,2500[","[2000,2500[","[0,3000[","[0,3000[",*
2323,"[2100,2400[","[2300,2400[","[2250,2500[","[2000,2500[","[0,3000[","[0,3000[",*
2324,"[2100,2400[","[2300,2400[","[2250,2500[","[2000,2500[","[0,3000[","[0,3000[",*
2325,"[2100,2400[","[2300,2400[","[2250,2500[","[2000,2500[","[0,3000[","[0,3000[",*
2326,"[2100,2400[","[2300,2400[","[2250,2500[","[2000,2500[","[0,3000[","[0,3000[",*
2327,"[2100,2400[","[2300,2400[","[2250,2500[","[2000,2500[","[0,3000[","[0,3000[",*
2328,"[2100,2400[","[2300,2400[","[2250,2500[","[2000,2500[","[0,3000[","[0,3000[",*
2329,"[2100,2400[","[2300,2400[","[2250,2500[","[2000,2500[","[0,3000[","[0,3000[",*
2330,"[2100,2400[","[2300,2400[","[2250,2500[","[2000,2500[","[0,3000[","[0,3000[",*
2331,"[2100,2400[","[2300,2400[","[2250,2500[","[2000,2500[","[0,3000[","[0,3000[",*
2332,"[2100,2400[","[2300,2400[","[2250,2500[","[2000,2500[","[0,3000[","[0,3000[",*
2333,"[2100,2400[","[2300,2400[","[2250,2500[","[2000,2500[","[0,3000[","[0,3000[",*
2334,"[2100,2400[","[2300,2400[","[2250,2500[","[2000,2500[","[0,3000[","[0,3000[",*
2335,"[2100,2400[","[2300,2400[","[2250,2500[","[2000,2500[","[0,3000[","[0,3000[",*
2336,"[2100,2400[","[2300,2400[","[2250,2500[","[2000,2500[","[0,3000[","[0,3000[",*
2337,"[2100,2400[","[2300,2400[","[2250,2500[","[2000,2500[","[0,3000[","[0,3000[",*
2338,"[2100,2400[","[2300,2400[","[2250,2500[","[2000,2500[","[0,3000[","[0,3000[",*
2339,"[2100,2400[","[2300,2400[","[2250,2500[","[2000,2500[","[0,3000[","[0,3000[",*
2340,"[2100,2400[","[2300,2400[","[2250,2500[","[2000,2500[","[0,3000[","[0,3000[",*
2341,"[2100,2400[","[2300,2400[","[2250,2500[","[2000,2500[","[0,3000[","[0,3000[",*
2342,"[2100,2400[","[2300,2400[","[2250,2500[","[2000,2500[","[0,3000[","[0,3000[",*
2343,"[2100,2400[","[2300,2400[","[2250,2500[","[2000,2500[","[0,3000[","[0,3000[",*
2344,"[2100,2400[","[2300,2400[","[2250,2500[","[2000,2500[","[0,3000[","[0,3000[",*
2345,"[2100,2400[","[2300,2400[","[2250,2500[","[2000,2500[","[0,3000[","[0,3000[",*
2346,"[2100,2400[","[2300,2400[","[2250,2500[","[2000,2500[","[0,3000[","[0,3000[",*
2347,"[2100,2400[","[2300,2400[","[2250,2500[","[2000,2500[","[0,3000[","[0,3000[",*
2348,"[2100,2400[","[2300,2400[","[2250,2500[","[2000,2500[","[0,3000[","[0,3000[",*
2349,"[2100,2400[","[2300,2400[","[2250,2500[","[2000,2500[","[0,3000[","[0,3000[",*
2350,"[2100,2400[","[2300,2400[","[2250,2500[","[2000,2500[","[0,3000[","[0,3000[",*
2351,"[2100,2400[","[2300,2400[","[2250,2500[","[2000,2500[","[0,3000[","[0,3000[",*
2352,"[2100,2400[","[2300,2400[","[2250,2500[","[2000,2500[","[0,3000[","[0,3000[",*
2353,"[2100,2400[","[2300,2400[","[2250,2500[","[2000,2500[","[0,3000[","[0,3000[",*
2354,"[2100,2400[","[2300,2400[","[2250,2500[","[2000,2500[","[0,3000[","[0,3000[",*
2355,"[2100,2400[","[2300,2400[","[2250,2500[","[2000,2500[","[0,3000[","[0,3000[",*
2356,"[2100,2400[","[2300,2400[","[2250,2500[","[2000,2500[","[0,3000[","[0,3000[",*
2357,"[2100,2400[","[2300,2400[","[2250,2500[","[2000,2500[","[0,3000[","[0,3000[",*
2358,"[2100,2400[","[2300,2400[","[2250,2500[","[2000,2500[","[0,3000[","[0,3000[",*
2359,"[2100,2400[","[2300,2400[","[2250,2500[","[2000,2500[","[0,3000[","[0,3000[",*
2360,"[2100,2400[","[2300,2400[","[2250,2500[","[2000,2500[","[0,3000[","[0,3000[",*
2361,"[2100,2400[","[2300,2400[","[2250,2500[","[2000,2500[","[0,3000[","[0,3000[",*
2362,"[2100,2400[","[2300,2400[","[2250,2500[","[2000,2500[","[0,3000[","[0,3000[",*
2363,"[2100,2400[","[2300,2400[","[2250,2500[","[2000,2500[","[0,3000[","[0,3000[",*
2364,"[2100,2400[","[2300,2400[","[2250,2500[","[2000,2500[","[0,3000[","[0,3000[",*
2365,"[2100,2400[","[2300,2400[","[2250,2500[","[2000,2500[","[0,3000[","[0,3000[",*
2366,"[2100,2400[","[2300,2400[","[2250,2500[","[2000,2500[","[0,3000[","[0,3000[",*
2367,"[2100,2400[","[2300,2400[","[2250,2500[","[2000,2500[","[0,3000[","[0,3000[",*
2368,"[2100,2400[","[2300,2400[","[2250,2500[","[2000,2500[","[0,3000[","[0,3000[",*
2369,"[2100,2400[","[2300,2400[","[2250,2500[","[2000,2500[","[0,3000[","[0,3000[",*
2370,"[2100,2400[","[2300,2400[","[2250,2500[","[2000,2500[","[0,3000[","[0,3000[",*
2371,"[2100,2400[","[2300,2400[","[2250,2500[","[2000,2500[","[0,3000[","[0,3000[",*
2372,"[2100,2400[","[2300,2400[","[2250,2500[","[2000,2500[","[0,3000[","[0,3000[",*
2373,"[2100,2400[","[2300,2400[","[2250,2500[","[2000,2500[","[0,3000[","[0,3000[",*
2374,"[2100,2400[","[2300,2400[","[2250,2500[","[2000,2500[","[0,3000[","[0,3000[",*
2375,"[2100,2400[","[2300,2400[","[2250,2500[","[2000,2500[","[0,3000[","[0,3000[",*
2376,"[2100,2400[","[2300,2400[","[2250,2500[","[2000,2500[","[0,3000[","[0,3000[",*
2377,"[2100,2400[","[2300,2400[","[2250,2500[","[2000,2500[","[0,3000[","[0,3000[",*
2378,"[2100,2400[","[2300,2400[","[2250,2500[","[2000,2500[","[0,3000[","[0,3000[",*
2379,"[2100,2400[","[2300,2400[","[2250,2500[","[2000,2500[","[0,3000[","[0,3000[",*
2380,"[2100,2400[","[2300,2400[","[2250,2500[","[2000,2500[","[0,3000[","[0,3000[",*
2381,"[2100,2400[","[2300,2400[","[2250,2500[","[2000,2500[","[0,3000[","[0,3000[",*
2382,"[2100,2400[","[2300,2400[","[2250,2500[","[2000,2500[","[0,3000[","[0,3000[",*
2383,"[2100,2400[","[2300,2400[","[2250,2500[","[2000,2500[","[0,3000[","[0,3000[",*
2384,"[2100,2400[","[2300,2400[","[2250,2500[","[2000,2500[","[0,3000[","[0,3000[",*
2385,"[2100,2400[","[2300,2400[","[2250,2500[","[2000,2500[","[0,3000[","[0,3000[",*
2386,"[2100,2400[","[2300,2400[","[2250,2500[","[2000,2500[","[0,3000[","[0,3000[",*
2387,"[2100,2400[","[2300,2400[","[2250,2500[","[2000,2500[","[0,3000[","[0,3000[",*
2388,"[2100,2400[","[2300,2400[","[2250,2500[","[2000,2500[","[0,3000[","[0,3000[",*
2389,"[2100,2400[","[2300,2400[","[2250,2500[","[2000,2500[","[0,3000[","[0,3000[",*
2390,"[2100,2400[","[2300,2400[","[2250,2500[","[2000,2500[","[0,3000[","[0,3000[",*
2391,"[2100,2400[","[2300,2400[","[2250,2500[","[2000,2500[","[0,3000[","[0,3000[",*
2392,"[2100,2400[","[2300,2400[","[2250,2500[","[2000,2500[","[0,3000[","[0,3000[",*
2393,"[2100,2400[","[2300,2400[","[2250,2500[","[2000,2500[","[0,3000[","[0,3000[",*
2394,"[2100,2400[","[2300,2400[","[2250,2500[","[2000,2500[","[0,3000[","[0,3000[",*
2395,"[2100,2400[","[2300,2400[","[2250,2500[","[2000,2500[","[0,3000[","[0,3000[",*
2396,"[2100,2400[","[2300,2400[","[2250,2500[","[2000,2500[","[0,3000[","[0,3000[",*
2397,"[2100,2400[","[2300,2400[","[2250,2500[","[2000,2500[","[0,3000[","[0,3000[",*
2398,"[2100,2400[","[2300,2400[","[2250,2500[","[2000,2500[","[0,3000[","[0,3000[",*
2399,"[2100,2400[","[2300,2400[","[2250,2500[","[2000,2500[","[0,3000[","[0,3000[",*
2400,"[2400,2700[","[2400,2500[","[2250,2500[","[2000,2500[","[0,3000[","[0,3000[",*
2401,"[2400,2700[","[2400,2500[","[2250,2500[","[2000,2500[","[0,3000[","[0,3000[",*
2402,"[2400,2700[","[2400,2500[","[2250,2500[","[2000,2500[","[0,3000[","[0,3000[",*
2403,"[2400,2700[","[2400,2500[","[2250,2500[","[2000,2500[","[0,3000[","[0,3000[",*
2404,"[2400,2700[","[2400,2500[","[2250,2500[","[2000,2500[","[0,3000[","[0,3000[",*
2405,"[2400,2700[","[2400,2500[","[2250,2500[","[2000,2500[","[0,3000[","[0,3000[",*
2406,"[2400,2700[","[2400,2500[","[2250,2500[","[2000,2500[","[0,3000[","[0,3000[",*
2407,"[2400,2700[","[2400,2500[","[2250,2500[","[2000,2500[","[0,3000[","[0,3000[",*
2408,"[2400,2700[","[2400,2500[","[2250,2500[","[2000,2500[","[0,3000[","[0,3000[",*
2409,"[2400,2700[","[2400,2500[","[2250,2500[","[2000,2500[","[0,3000[","[0,3000[",*
2410,"[2400,2700[","[2400,2500[","[2250,2500[","[2000,2500[","[0,3000[","[0,3000[",*
2411,"[2400,2700[","[2400,2500[","[2250,2500[","[2000,2500[","[0,3000[","[0,3000[",*
2412,"[2400,2700[","[2400,2500[","[2250,2500[","[2000,2500[","[0,3000[","[0,3000[",*
2413,"[2400,2700[","[2400,2500[","[2250,2500[","[2000,2500[","[0,3000[","[0,3000[",*
2414,"[2400,2700[","[2400,2500[","[2250,2500[","[2000,2500[","[0,3000[","[0,3000[",*
2415,"[2400,2700[","[2400,2500[","[2250,2500[","[2000,2500[","[0,3000[","[0,3000[",*
2416,"[2400,2700[","[2400,2500[","[2250,2500[","[2000,2500[","[0,3000[","[0,3000[",*
2417,"[2400,2700[","[2400,2500[","[2250,2500[","[2000,2500[","[0,3000[","[0,3000[",*
2418,"[2400,2700[","[2400,2500[","[2250,2500[","[2000,2500[","[0,3000[","[0,3000[",*
2419,"[2400,2700[","[2400,2500[","[2250,2500[","[2000,2500[","[0,3000[","[0,3000[",*
2420,"[2400,2700[","[2400,2500[","[2250,2500[","[2000,2500[","[0,3000[","[0,3000[",*
2421,"[2400,2700[","[2400,2500[","[2250,2500[","[2000,2500[","[0,3000[","[0,3000[",*
2422,"[2400,2700[","[2400,2500[","[2250,2500[","[2000,2500[","[0,3000[","[0,3000[",*
2423,"[2400,2700[","[2400,2500[","[2250,2500[","[2000,2500[","[0,3000[","[0,3000[",*
2424,"[2400,2700[","[2400,2500[","[2250,2500[","[2000,2500[","[0,3000[","[0,3000[",*
2425,"[2400,2700[","[2400,2500[","[2250,2500[","[2000,2500[","[0,3000[","[0,3000[",*
2426,"[2400,2700[","[2400,2500[","[2250,2500[","[2000,2500[","[0,3000[","[0,3000[",*
2427,"[2400,2700[","[2400,2500[","[2250,2500[","[2000,2500[","[0,3000[","[0,3000[",*
2428,"[2400,2700[","[2400,2500[","[2250,2500[","[2000,2500[","[0,3000[","[0,3000[",*
2429,"[2400,2700[","[2400,2500[","[2250,2500[","[2000,2500[","[0,3000[","[0,3000[",*
2430,"[2400,2700[","[2400,2500[","[2250,2500[","[2000,2500[","[0,3000[","[0,3000[",*
2431,"[2400,2700[","[2400,2500[","[2250,2500[","[2000,2500[","[0,3000[","[0,3000[",*
2432,"[2400,2700[","[2400,2500[","[2250,2500[","[2000,2500[","[0,3000[","[0,3000[",*
2433,"[2400,2700[","[2400,2500[","[2250,2500[","[2000,2500[","[0,3000[","[0,3000[",*
2434,"[2400,2700[","[2400,2500[","[2250,2500[","[2000,2500[","[0,3000[","[0,3000[",*
2435,"[2400,2700[","[2400,2500[","[2250,2500[","[2000,2500[","[0,3000[","[0,3000[",*
2436,"[2400,2700[","[2400,2500[","[2250,2500[","[2000,2500[","[0,3000[","[0,3000[",*
2437,"[2400,2700[","[2400,2500[","[2250,2500[","[2000,2500[","[0,3000[","[0,3000[",*
2438,"[2400,2700[","[2400,2500[","[2250,2500[","[2000,2500[","[0,3000[","[0,3000[",*
2439,"[2400,2700[","[2400,2500[","[2250,2500[","[2000,2500[","[0,3000[","[0,3000[",*
2440,"[2400,2700[","[2400,2500[","[2250,2500[","[2000,2500[","[0,3000[","[0,3000[",*
2441,"[2400,2700[","[2400,2500[","[2250,2500[","[2000,2500[","[0,3000[","[0,3000[",*
2442,"[2400,2700[","[2400,2500[","[2250,2500[","[2000,2500[","[0,3000[","[0,3000[",*
2443,"[2400,2700[","[2400,2500[","[2250,2500[","[2000,2500[","[0,3000[","[0,3000[",*
2444,"[2400,2700[","[2400,2500[","[2250,2500[","[2000,2500[","[0,3000[","[0,3000[",*
2445,"[2400,2700[","[2400,2500[","[2250,2500[","[2000,2500[","[0,3000[","[0,3000[",*
2446,"[2400,2700[","[2400,2500[","[2250,2500[","[2000,2500[","[0,3000[","[0,3000[",*
2447,"[2400,2700[","[2400,2500[","[2250,2500[","[2000,2500[","[0,3000[","[0,3000[",*
2448,"[2400,2700[","[2400,2500[","[2250,2500[","[2000,2500[","[0,3000[","[0,3000[",*
2449,"[2400,2700[","[2400,2500[","[2250,2500[","[2000,2500[","[0,3000[","[0,3000[",*
2450,"[2400,2700[","[2400,2500[","[2250,2500[","[2000,2500[","[0,3000[","[0,3000[",*
2451,"[2400,2700[","[2400,2500[","[2250,2500[","[2000,2500[","[0,3000[","[0,3000[",*
2452,"[2400,2700[","[2400,2500[","[2250,2500[","[2000,2500[","[0,3000[","[0,3000[",*
2453,"[2400,2700[","[2400,2500[","[2250,2500[","[2000,2500[","[0,3000[","[0,3000[",*
2454,"[2400,2700[","[2400,2500[","[2250,2500[","[2000,2500[","[0,3000[","[0,3000[",*
2455,"[2400,2700[","[2400,2500[","[2250,2500[","[2000,2500[","[0,3000[","[0,3000[",*
2456,"[2400,2700[","[2400,2500[","[2250,2500[","[2000,2500[","[0,3000[","[0,3000[",*
2457,"[2400,2700[","[2400,2500[","[2250,2500[","[2000,2500[","[0,3000[","[0,3000[",*
2458,"[2400,2700[","[2400,2500[","[2250,2500[","[2000,2500[","[0,3000[","[0,3000[",*
2459,"[2400,2700[","[2400,2500[","[2250,2500[","[2000,2500[","[0,3000[","[0,3000[",*
2460,"[2400,2700[","[2400,2500[","[2250,2500[","[2000,2500[","[0,3000[","[0,3000[",*
2461,"[2400,2700[","[2400,2500[","[2250,2500[","[2000,2500[","[0,3000[","[0,3000[",*
2462,"[2400,2700[","[2400,2500[","[2250,2500[","[2000,2500[","[0,3000[","[0,3000[",*
2463,"[2400,2700[","[2400,2500[","[2250,2500[","[2000,2500[","[0,3000[","[0,3000[",*
2464,"[2400,2700[","[2400,2500[","[2250,2500[","[2000,2500[","[0,3000[","[0,3000[",*
2465,"[2400,2700[","[2400,2500[","[2250,2500[","[2000,2500[","[0,3000[","[0,3000[",*
2466,"[2400,2700[","[2400,2500[","[2250,2500[","[2000,2500[","[0,3000[","[0,3000[",*
2467,"[2400,2700[","[2400,2500[","[2250,2500[","[2000,2500[","[0,3000[","[0,3000[",*
2468,"[2400,2700[","[2400,2500[","[2250,2500[","[2000,2500[","[0,3000[","[0,3000[",*
2469,"[2400,2700[","[2400,2500[","[2250,2500[","[2000,2500[","[0,3000[","[0,3000[",*
2470,"[2400,2700[","[2400,2500[","[2250,2500[","[2000,2500[","[0,3000[","[0,3000[",*
2471,"[2400,2700[","[2400,2500[","[2250,2500[","[2000,2500[","[0,3000[","[0,3000[",*
2472,"[2400,2700[","[2400,2500[","[2250,2500[","[2000,2500[","[0,3000[","[0,3000[",*
2473,"[2400,2700[","[2400,2500[","[2250,2500[","[2000,2500[","[0,3000[","[0,3000[",*
2474,"[2400,2700[","[2400,2500[","[2250,2500[","[2000,2500[","[0,3000[","[0,3000[",*
2475,"[2400,2700[","[2400,2500[","[2250,2500[","[2000,2500[","[0,3000[","[0,3000[",*
2476,"[2400,2700[","[2400,2500[","[2250,2500[","[2000,2500[","[0,3000[","[0,3000[",*
2477,"[2400,2700[","[2400,2500[","[2250,2500[","[2000,2500[","[0,3000[","[0,3000[",*
2478,"[2400,2700[","[2400,2500[","[2250,2500[","[2000,2500[","[0,3000[","[0,3000[",*
2479,"[2400,2700[","[2400,2500[","[2250,2500[","[2000,2500[","[0,3000[","[0,3000[",*
2480,"[2400,2700[","[2400,2500[","[2250,2500[","[2000,2500[","[0,3000[","[0,3000[",*
2481,"[2400,2700[","[2400,2500[","[2250,2500[","[2000,2500[","[0,3000[","[0,3000[",*
2482,"[2400,2700[","[2400,2500[","[2250,2500[","[2000,2500[","[0,3000[","[0,3000[",*
2483,"[2400,2700[","[2400,2500[","[2250,2500[","[2000,2500[","[0,3000[","[0,3000[",*
2484,"[2400,2700[","[2400,2500[","[2250,2500[","[2000,2500[","[0,3000[","[0,3000[",*
2485,"[2400,2700[","[2400,2500[","[2250,2500[","[2000,2500[","[0,3000[","[0,3000[",*
2486,"[2400,2700[","[2400,2500[","[2250,2500[","[2000,2500[","[0,3000[","[0,3000[",*
2487,"[2400,2700[","[2400,2500[","[2250,2500[","[2000,2500[","[0,3000[","[0,3000[",*
2488,"[2400,2700[","[2400,2500[","[2250,2500[","[2000,2500[","[0,3000[","[0,3000[",*
2489,"[2400,2700[","[2400,2500[","[2250,2500[","[2000,2500[","[0,3000[","[0,3000[",*
2490,"[2400,2700[","[2400,2500[","[2250,2500[","[2000,2500[","[0,3000[","[0,3000[",*
2491,"[2400,2700[","[2400,2500[","[2250,2500[","[2000,2500[","[0,3000[","[0,3000[",*
2492,"[2400,2700[","[2400,2500[","[2250,2500[","[2000,2500[","[0,3000[","[0,3000[",*
2493,"[2400,2700[","[2400,2500[","[2250,2500[","[2000,2500[","[0,3000[","[0,3000[",*
2494,"[2400,2700[","[2400,2500[","[2250,2500[","[2000,2500[","[0,3000[","[0,3000[",*
2495,"[2400,2700[","[2400,2500[","[2250,2500[","[2000,2500[","[0,3000[","[0,3000[",*
2496,"[2400,2700[","[2400,2500[","[2250,2500[","[2000,2500[","[0,3000[","[0,3000[",*
2497,"[2400,2700[","[2400,2500[","[2250,2500[","[2000,2500[","[0,3000[","[0,3000[",*
2498,"[2400,2700[","[2400,2500[","[2250,2500[","[2000,2500[","[0,3000[","[0,3000[",*
2499,"[2400,2700[","[2400,2500[","[2250,2500[","[2000,2500[","[0,3000[","[0,3000[",*
2500,"[2400,2700[","[2500,2600[","[2500,2750[","[2500,3000[","[0,3000[","[0,3000[",*
2501,"[2400,2700[","[2500,2600[","[2500,2750[","[2500,3000[","[0,3000[","[0,3000[",*
2502,"[2400,2700[","[2500,2600[","[2500,2750[","[2500,3000[","[0,3000[","[0,3000[",*
2503,"[2400,2700[","[2500,2600[","[2500,2750[","[2500,3000[","[0,3000[","[0,3000[",*
2504,"[2400,2700[","[2500,2600[","[2500,2750[","[2500,3000[","[0,3000[","[0,3000[",*
2505,"[2400,2700[","[2500,2600[","[2500,2750[","[2500,3000[","[0,3000[","[0,3000[",*
2506,"[2400,2700[","[2500,2600[","[2500,2750[","[2500,3000[","[0,3000[","[0,3000[",*
2507,"[2400,2700[","[2500,2600[","[2500,2750[","[2500,3000[","[0,3000[","[0,3000[",*
2508,"[2400,2700[","[2500,2600[","[2500,2750[","[2500,3000[","[0,3000[","[0,3000[",*
2509,"[2400,2700[","[2500,2600[","[2500,2750[","[2500,3000[","[0,3000[","[0,3000[",*
2510,"[2400,2700[","[2500,2600[","[2500,2750[","[2500,3000[","[0,3000[","[0,3000[",*
2511,"[2400,2700[","[2500,2600[","[2500,2750[","[2500,3000[","[0,3000[","[0,3000[",*
2512,"[2400,2700[","[2500,2600[","[2500,2750[","[2500,3000[","[0,3000[","[0,3000[",*
2513,"[2400,2700[","[2500,2600[","[2500,2750[","[2500,3000[","[0,3000[","[0,3000[",*
2514,"[2400,2700[","[2500,2600[","[2500,2750[","[2500,3000[","[0,3000[","[0,3000[",*
2515,"[2400,2700[","[2500,2600[","[2500,2750[","[2500,3000[","[0,3000[","[0,3000[",*
2516,"[2400,2700[","[2500,2600[","[2500,2750[","[2500,3000[","[0,3000[","[0,3000[",*
2517,"[2400,2700[","[2500,2600[","[2500,2750[","[2500,3000[","[0,3000[","[0,3000[",*
2518,"[2400,2700[","[2500,2600[","[2500,2750[","[2500,3000[","[0,3000[","[0,3000[",*
2519,"[2400,2700[","[2500,2600[","[2500,2750[","[2500,3000[","[0,3000[","[0,3000[",*
2520,"[2400,2700[","[2500,2600[","[2500,2750[","[2500,3000[","[0,3000[","[0,3000[",*
2521,"[2400,2700[","[2500,2600[","[2500,2750[","[2500,3000[","[0,3000[","[0,3000[",*
2522,"[2400,2700[","[2500,2600[","[2500,2750[","[2500,3000[","[0,3000[","[0,3000[",*
2523,"[2400,2700[","[2500,2600[","[2500,2750[","[2500,3000[","[0,3000[","[0,3000[",*
2524,"[2400,2700[","[2500,2600[","[2500,2750[","[2500,3000[","[0,3000[","[0,3000[",*
2525,"[2400,2700[","[2500,2600[","[2500,2750[","[2500,3000[","[0,3000[","[0,3000[",*
2526,"[2400,2700[","[2500,2600[","[2500,2750[","[2500,3000[","[0,3000[","[0,3000[",*
2527,"[2400,2700[","[2500,2600[","[2500,2750[","[2500,3000[","[0,3000[","[0,3000[",*
2528,"[2400,2700[","[2500,2600[","[2500,2750[","[2500,3000[","[0,3000[","[0,3000[",*
2529,"[2400,2700[","[2500,2600[","[2500,2750[","[2500,3000[","[0,3000[","[0,3000[",*
2530,"[2400,2700[","[2500,2600[","[2500,2750[","[2500,3000[","[0,3000[","[0,3000[",*
2531,"[2400,2700[","[2500,2600[","[2500,2750[","[2500,3000[","[0,3000[","[0,3000[",*
2532,"[2400,2700[","[2500,2600[","[2500,2750[","[2500,3000[","[0,3000[","[0,3000[",*
2533,"[2400,2700[","[2500,2600[","[2500,2750[","[2500,3000[","[0,3000[","[0,3000[",*
2534,"[2400,2700[","[2500,2600[","[2500,2750[","[2500,3000[","[0,3000[","[0,3000[",*
2535,"[2400,2700[","[2500,2600[","[2500,2750[","[2500,3000[","[0,3000[","[0,3000[",*
2536,"[2400,2700[","[2500,2600[","[2500,2750[","[2500,3000[","[0,3000[","[0,3000[",*
2537,"[2400,2700[","[2500,2600[","[2500,2750[","[2500,3000[","[0,3000[","[0,3000[",*
2538,"[2400,2700[","[2500,2600[","[2500,2750[","[2500,3000[","[0,3000[","[0,3000[",*
2539,"[2400,2700[","[2500,2600[","[2500,2750[","[2500,3000[","[0,3000[","[0,3000[",*
2540,"[2400,2700[","[2500,2600[","[2500,2750[","[2500,3000[","[0,3000[","[0,3000[",*
2541,"[2400,2700[","[2500,2600[","[2500,2750[","[2500,3000[","[0,3000[","[0,3000[",*
2542,"[2400,2700[","[2500,2600[","[2500,2750[","[2500,3000[","[0,3000[","[0,3000[",*
2543,"[2400,2700[","[2500,2600[","[2500,2750[","[2500,3000[","[0,3000[","[0,3000[",*
2544,"[2400,2700[","[2500,2600[","[2500,2750[","[2500,3000[","[0,3000[","[0,3000[",*
2545,"[2400,2700[","[2500,2600[","[2500,2750[","[2500,3000[","[0,3000[","[0,3000[",*
2546,"[2400,2700[","[2500,2600[","[2500,2750[","[2500,3000[","[0,3000[","[0,3000[",*
2547,"[2400,2700[","[2500,2600[","[2500,2750[","[2500,3000[","[0,3000[","[0,3000[",*
2548,"[2400,2700[","[2500,2600[","[2500,2750[","[2500,3000[","[0,3000[","[0,3000[",*
2549,"[2400,2700[","[2500,2600[","[2500,2750[","[2500,3000[","[0,3000[","[0,3000[",*
2550,"[2400,2700[","[2500,2600[","[2500,2750[","[2500,3000[","[0,3000[","[0,3000[",*
2551,"[2400,2700[","[2500,2600[","[2500,2750[","[2500,3000[","[0,3000[","[0,3000[",*
2552,"[2400,2700[","[2500,2600[","[2500,2750[","[2500,3000[","[0,3000[","[0,3000[",*
2553,"[2400,2700[","[2500,2600[","[2500,2750[","[2500,3000[","[0,3000[","[0,3000[",*
2554,"[2400,2700[","[2500,2600[","[2500,2750[","[2500,3000[","[0,3000[","[0,3000[",*
2555,"[2400,2700[","[2500,2600[","[2500,2750[","[2500,3000[","[0,3000[","[0,3000[",*
2556,"[2400,2700[","[2500,2600[","[2500,2750[","[2500,3000[","[0,3000[","[0,3000[",*
2557,"[2400,2700[","[2500,2600[","[2500,2750[","[2500,3000[","[0,3000[","[0,3000[",*
2558,"[2400,2700[","[2500,2600[","[2500,2750[","[2500,3000[","[0,3000[","[0,3000[",*
2559,"[2400,2700[","[2500,2600[","[2500,2750[","[2500,3000[","[0,3000[","[0,3000[",*
2560,"[2400,2700[","[2500,2600[","[2500,2750[","[2500,3000[","[0,3000[","[0,3000[",*
2561,"[2400,2700[","[2500,2600[","[2500,2750[","[2500,3000[","[0,3000[","[0,3000[",*
2562,"[2400,2700[","[2500,2600[","[2500,2750[","[2500,3000[","[0,3000[","[0,3000[",*
2563,"[2400,2700[","[2500,2600[","[2500,2750[","[2500,3000[","[0,3000[","[0,3000[",*
2564,"[2400,2700[","[2500,2600[","[2500,2750[","[2500,3000[","[0,3000[","[0,3000[",*
2565,"[2400,2700[","[2500,2600[","[2500,2750[","[2500,3000[","[0,3000[","[0,3000[",*
2566,"[2400,2700[","[2500,2600[","[2500,2750[","[2500,3000[","[0,3000[","[0,3000[",*
2567,"[2400,2700[","[2500,2600[","[2500,2750[","[2500,3000[","[0,3000[","[0,3000[",*
2568,"[2400,2700[","[2500,2600[","[2500,2750[","[2500,3000[","[0,3000[","[0,3000[",*
2569,"[2400,2700[","[2500,2600[","[2500,2750[","[2500,3000[","[0,3000[","[0,3000[",*
2570,"[2400,2700[","[2500,2600[","[2500,2750[","[2500,3000[","[0,3000[","[0,3000[",*
2571,"[2400,2700[","[2500,2600[","[2500,2750[","[2500,3000[","[0,3000[","[0,3000[",*
2572,"[2400,2700[","[2500,2600[","[2500,2750[","[2500,3000[","[0,3000[","[0,3000[",*
2573,"[2400,2700[","[2500,2600[","[2500,2750[","[2500,3000[","[0,3000[","[0,3000[",*
2574,"[2400,2700[","[2500,2600[","[2500,2750[","[2500,3000[","[0,3000[","[0,3000[",*
2575,"[2400,2700[","[2500,2600[","[2500,2750[","[2500,3000[","[0,3000[","[0,3000[",*
2576,"[2400,2700[","[2500,2600[","[2500,2750[","[2500,3000[","[0,3000[","[0,3000[",*
2577,"[2400,2700[","[2500,2600[","[2500,2750[","[2500,3000[","[0,3000[","[0,3000[",*
2578,"[2400,2700[","[2500,2600[","[2500,2750[","[2500,3000[","[0,3000[","[0,3000[",*
2579,"[2400,2700[","[2500,2600[","[2500,2750[","[2500,3000[","[0,3000[","[0,3000[",*
2580,"[2400,2700[","[2500,2600[","[2500,2750[","[2500,3000[","[0,3000[","[0,3000[",*
2581,"[2400,2700[","[2500,2600[","[2500,2750[","[2500,3000[","[0,3000[","[0,3000[",*
2582,"[2400,2700[","[2500,2600[","[2500,2750[","[2500,3000[","[0,3000[","[0,3000[",*
2583,"[2400,2700[","[2500,2600[","[2500,2750[","[2500,3000[","[0,3000[","[0,3000[",*
2584,"[2400,2700[","[2500,2600[","[2500,2750[","[2500,3000[","[0,3000[","[0,3000[",*
2585,"[2400,2700[","[2500,2600[","[2500,2750[","[2500,3000[","[0,3000[","[0,3000[",*
2586,"[2400,2700[","[2500,2600[","[2500,2750[","[2500,3000[","[0,3000[","[0,3000[",*
2587,"[2400,2700[","[2500,2600[","[2500,2750[","[2500,3000[","[0,3000[","[0,3000[",*
2588,"[2400,2700[","[2500,2600[","[2500,2750[","[2500,3000[","[0,3000[","[0,3000[",*
2589,"[2400,2700[","[2500,2600[","[2500,2750[","[2500,3000[","[0,3000[","[0,3000[",*
2590,"[2400,2700[","[2500,2600[","[2500,2750[","[2500,3000[","[0,3000[","[0,3000[",*
2591,"[2400,2700[","[2500,2600[","[2500,2750[","[2500,3000[","[0,3000[","[0,3000[",*
2592,"[2400,2700[","[2500,2600[","[2500,2750[","[2500,3000[","[0,3000[","[0,3000[",*
2593,"[2400,2700[","[2500,2600[","[2500,2750[","[2500,3000[","[0,3000[","[0,3000[",*
2594,"[2400,2700[","[2500,2600[","[2500,2750[","[2500,3000[","[0,3000[","[0,3000[",*
2595,"[2400,2700[","[2500,2600[","[2500,2750[","[2500,3000[","[0,3000[","[0,3000[",*
2596,"[2400,2700[","[2500,2600[","[2500,2750[","[2500,3000[","[0,3000[","[0,3000[",*
2597,"[2400,2700[","[2500,2600[","[2500,2750[","[2500,3000[","[0,3000[","[0,3000[",*
2598,"[2400,2700[","[2500,2600[","[2500,2750[","[2500,3000[","[0,3000[","[0,3000[",*
2599,"[2400,2700[","[2500,2600[","[2500,2750[","[2500,3000[","[0,3000[","[0,3000[",*
2600,"[2400,2700[","[2600,2700[","[2500,2750[","[2500,3000[","[0,3000[","[0,3000[",*
2601,"[2400,2700[","[2600,2700[","[2500,2750[","[2500,3000[","[0,3000[","[0,3000[",*
2602,"[2400,2700[","[2600,2700[","[2500,2750[","[2500,3000[","[0,3000[","[0,3000[",*
2603,"[2400,2700[","[2600,2700[","[2500,2750[","[2500,3000[","[0,3000[","[0,3000[",*
2604,"[2400,2700[","[2600,2700[","[2500,2750[","[2500,3000[","[0,3000[","[0,3000[",*
2605,"[2400,2700[","[2600,2700[","[2500,2750[","[2500,3000[","[0,3000[","[0,3000[",*
2606,"[2400,2700[","[2600,2700[","[2500,2750[","[2500,3000[","[0,3000[","[0,3000[",*
2607,"[2400,2700[","[2600,2700[","[2500,2750[","[2500,3000[","[0,3000[","[0,3000[",*
2608,"[2400,2700[","[2600,2700[","[2500,2750[","[2500,3000[","[0,3000[","[0,3000[",*
2609,"[2400,2700[","[2600,2700[","[2500,2750[","[2500,3000[","[0,3000[","[0,3000[",*
2610,"[2400,2700[","[2600,2700[","[2500,2750[","[2500,3000[","[0,3000[","[0,3000[",*
2611,"[2400,2700[","[2600,2700[","[2500,2750[","[2500,3000[","[0,3000[","[0,3000[",*
2612,"[2400,2700[","[2600,2700[","[2500,2750[","[2500,3000[","[0,3000[","[0,3000[",*
2613,"[2400,2700[","[2600,2700[","[2500,2750[","[2500,3000[","[0,3000[","[0,3000[",*
2614,"[2400,2700[","[2600,2700[","[2500,2750[","[2500,3000[","[0,3000[","[0,3000[",*
2615,"[2400,2700[","[2600,2700[","[2500,2750[","[2500,3000[","[0,3000[","[0,3000[",*
2616,"[2400,2700[","[2600,2700[","[2500,2750[","[2500,3000[","[0,3000[","[0,3000[",*
2617,"[2400,2700[","[2600,2700[","[2500,2750[","[2500,3000[","[0,3000[","[0,3000[",*
2618,"[2400,2700[","[2600,2700[","[2500,2750[","[2500,3000[","[0,3000[","[0,3000[",*
2619,"[2400,2700[","[2600,2700[","[2500,2750[","[2500,3000[","[0,3000[","[0,3000[",*
2620,"[2400,2700[","[2600,2700[","[2500,2750[","[2500,3000[","[0,3000[","[0,3000[",*
2621,"[2400,2700[","[2600,2700[","[2500,2750[","[2500,3000[","[0,3000[","[0,3000[",*
2622,"[2400,2700[","[2600,2700[","[2500,2750[","[2500,3000[","[0,3000[","[0,3000[",*
2623,"[2400,2700[","[2600,2700[","[2500,2750[","[2500,3000[","[0,3000[","[0,3000[",*
2624,"[2400,2700[","[2600,2700[","[2500,2750[","[2500,3000[","[0,3000[","[0,3000[",*
2625,"[2400,2700[","[2600,2700[","[2500,2750[","[2500,3000[","[0,3000[","[0,3000[",*
2626,"[2400,2700[","[2600,2700[","[2500,2750[","[2500,3000[","[0,3000[","[0,3000[",*
2627,"[2400,2700[","[2600,2700[","[2500,2750[","[2500,3000[","[0,3000[","[0,3000[",*
2628,"[2400,2700[","[2600,2700[","[2500,2750[","[2500,3000[","[0,3000[","[0,3000[",*
2629,"[2400,2700[","[2600,2700[","[2500,2750[","[2500,3000[","[0,3000[","[0,3000[",*
2630,"[2400,2700[","[2600,2700[","[2500,2750[","[2500,3000[","[0,3000[","[0,3000[",*
2631,"[2400,2700[","[2600,2700[","[2500,2750[","[2500,3000[","[0,3000[","[0,3000[",*
2632,"[2400,2700[","[2600,2700[","[2500,2750[","[2500,3000[","[0,3000[","[0,3000[",*
2633,"[2400,2700[","[2600,2700[","[2500,2750[","[2500,3000[","[0,3000[","[0,3000[",*
2634,"[2400,2700[","[2600,2700[","[2500,2750[","[2500,3000[","[0,3000[","[0,3000[",*
2635,"[2400,2700[","[2600,2700[","[2500,2750[","[2500,3000[","[0,3000[","[0,3000[",*
2636,"[2400,2700[","[2600,2700[","[2500,2750[","[2500,3000[","[0,3000[","[0,3000[",*
2637,"[2400,2700[","[2600,2700[","[2500,2750[","[2500,3000[","[0,3000[","[0,3000[",*
2638,"[2400,2700[","[2600,2700[","[2500,2750[","[2500,3000[","[0,3000[","[0,3000[",*
2639,"[2400,2700[","[2600,2700[","[2500,2750[","[2500,3000[","[0,3000[","[0,3000[",*
2640,"[2400,2700[","[2600,2700[","[2500,2750[","[2500,3000[","[0,3000[","[0,3000[",*
2641,"[2400,2700[","[2600,2700[","[2500,2750[","[2500,3000[","[0,3000[","[0,3000[",*
2642,"[2400,2700[","[2600,2700[","[2500,2750[","[2500,3000[","[0,3000[","[0,3000[",*
2643,"[2400,2700[","[2600,2700[","[2500,2750[","[2500,3000[","[0,3000[","[0,3000[",*
2644,"[2400,2700[","[2600,2700[","[2500,2750[","[2500,3000[","[0,3000[","[0,3000[",*
2645,"[2400,2700[","[2600,2700[","[2500,2750[","[2500,3000[","[0,3000[","[0,3000[",*
2646,"[2400,2700[","[2600,2700[","[2500,2750[","[2500,3000[","[0,3000[","[0,3000[",*
2647,"[2400,2700[","[2600,2700[","[2500,2750[","[2500,3000[","[0,3000[","[0,3000[",*
2648,"[2400,2700[","[2600,2700[","[2500,2750[","[2500,3000[","[0,3000[","[0,3000[",*
2649,"[2400,2700[","[2600,2700[","[2500,2750[","[2500,3000[","[0,3000[","[0,3000[",*
2650,"[2400,2700[","[2600,2700[","[2500,2750[","[2500,3000[","[0,3000[","[0,3000[",*
2651,"[2400,2700[","[2600,2700[","[2500,2750[","[2500,3000[","[0,3000[","[0,3000[",*
2652,"[2400,2700[","[2600,2700[","[2500,2750[","[2500,3000[","[0,3000[","[0,3000[",*
2653,"[2400,2700[","[2600,2700[","[2500,2750[","[2500,3000[","[0,3000[","[0,3000[",*
2654,"[2400,2700[","[2600,2700[","[2500,2750[","[2500,3000[","[0,3000[","[0,3000[",*
2655,"[2400,2700[","[2600,2700[","[2500,2750[","[2500,3000[","[0,3000[","[0,3000[",*
2656,"[2400,2700[","[2600,2700[","[2500,2750[","[2500,3000[","[0,3000[","[0,3000[",*
2657,"[2400,2700[","[2600,2700[","[2500,2750[","[2500,3000[","[0,3000[","[0,3000[",*
2658,"[2400,2700[","[2600,2700[","[2500,2750[","[2500,3000[","[0,3000[","[0,3000[",*
2659,"[2400,2700[","[2600,2700[","[2500,2750[","[2500,3000[","[0,3000[","[0,3000[",*
2660,"[2400,2700[","[2600,2700[","[2500,2750[","[2500,3000[","[0,3000[","[0,3000[",*
2661,"[2400,2700[","[2600,2700[","[2500,2750[","[2500,3000[","[0,3000[","[0,3000[",*
2662,"[2400,2700[","[2600,2700[","[2500,2750[","[2500,3000[","[0,3000[","[0,3000[",*
2663,"[2400,2700[","[2600,2700[","[2500,2750[","[2500,3000[","[0,3000[","[0,3000[",*
2664,"[2400,2700[","[2600,2700[","[2500,2750[","[2500,3000[","[0,3000[","[0,3000[",*
2665,"[2400,2700[","[2600,2700[","[2500,2750[","[2500,3000[","[0,3000[","[0,3000[",*
2666,"[2400,2700[","[2600,2700[","[2500,2750[","[2500,3000[","[0,3000[","[0,3000[",*
2667,"[2400,2700[","[2600,2700[","[2500,2750[","[2500,3000[","[0,3000[","[0,3000[",*
2668,"[2400,2700[","[2600,2700[","[2500,2750[","[2500,3000[","[0,3000[","[0,3000[",*
2669,"[2400,2700[","[2600,2700[","[2500,2750[","[2500,3000[","[0,3000[","[0,3000[",*
2670,"[2400,2700[","[2600,2700[","[2500,2750[","[2500,3000[","[0,3000[","[0,3000[",*
2671,"[2400,2700[","[2600,2700[","[2500,2750[","[2500,3000[","[0,3000[","[0,3000[",*
2672,"[2400,2700[","[2600,2700[","[2500,2750[","[2500,3000[","[0,3000[","[0,3000[",*
2673,"[2400,2700[","[2600,2700[","[2500,2750[","[2500,3000[","[0,3000[","[0,3000[",*
2674,"[2400,2700[","[2600,2700[","[2500,2750[","[2500,3000[","[0,3000[","[0,3000[",*
2675,"[2400,2700[","[2600,2700[","[2500,2750[","[2500,3000[","[0,3000[","[0,3000[",*
2676,"[2400,2700[","[2600,2700[","[2500,2750[","[2500,3000[","[0,3000[","[0,3000[",*
2677,"[2400,2700[","[2600,2700[","[2500,2750[","[2500,3000[","[0,3000[","[0,3000[",*
2678,"[2400,2700[","[2600,2700[","[2500,2750[","[2500,3000[","[0,3000[","[0,3000[",*
2679,"[2400,2700[","[2600,2700[","[2500,2750[","[2500,3000[","[0,3000[","[0,3000[",*
2680,"[2400,2700[","[2600,2700[","[2500,2750[","[2500,3000[","[0,3000[","[0,3000[",*
2681,"[2400,2700[","[2600,2700[","[2500,2750[","[2500,3000[","[0,3000[","[0,3000[",*
2682,"[2400,2700[","[2600,2700[","[2500,2750[","[2500,3000[","[0,3000[","[0,3000[",*
2683,"[2400,2700[","[2600,2700[","[2500,2750[","[2500,3000[","[0,3000[","[0,3000[",*
2684,"[2400,2700[","[2600,2700[","[2500,2750[","[2500,3000[","[0,3000[","[0,3000[",*
2685,"[2400,2700[","[2600,2700[","[2500,2750[","[2500,3000[","[0,3000[","[0,3000[",*
2686,"[2400,2700[","[2600,2700[","[2500,2750[","[2500,3000[","[0,3000[","[0,3000[",*
2687,"[2400,2700[","[2600,2700[","[2500,2750[","[2500,3000[","[0,3000[","[0,3000[",*
2688,"[2400,2700[","[2600,2700[","[2500,2750[","[2500,3000[","[0,3000[","[0,3000[",*
2689,"[2400,2700[","[2600,2700[","[2500,2750[","[2500,3000[","[0,3000[","[0,3000[",*
2690,"[2400,2700[","[2600,2700[","[2500,2750[","[2500,3000[","[0,3000[","[0,3000[",*
2691,"[2400,2700[","[2600,2700[","[2500,2750[","[2500,3000[","[0,3000[","[0,3000[",*
2692,"[2400,2700[","[2600,2700[","[2500,2750[","[2500,3000[","[0,3000[","[0,3000[",*
2693,"[2400,2700[","[2600,2700[","[2500,2750[","[2500,3000[","[0,3000[","[0,3000[",*
2694,"[2400,2700[","[2600,2700[","[2500,2750[","[2500,3000[","[0,3000[","[0,3000[",*
2695,"[2400,2700[","[2600,2700[","[2500,2750[","[2500,3000[","[0,3000[","[0,3000[",*
2696,"[2400,2700[","[2600,2700[","[2500,2750[","[2500,3000[","[0,3000[","[0,3000[",*
2697,"[2400,2700[","[2600,2700[","[2500,2750[","[2500,3000[","[0,3000[","[0,3000[",*
2698,"[2400,2700[","[2600,2700[","[2500,2750[","[2500,3000[","[0,3000[","[0,3000[",*
2699,"[2400,2700[","[2600,2700[","[2500,2750[","[2500,3000[","[0,3000[","[0,3000[",*
2700,"[2700,3000[","[2700,2800[","[2500,2750[","[2500,3000[","[0,3000[","[0,3000[",*
2701,"[2700,3000[","[2700,2800[","[2500,2750[","[2500,3000[","[0,3000[","[0,3000[",*
2702,"[2700,3000[","[2700,2800[","[2500,2750[","[2500,3000[","[0,3000[","[0,3000[",*
2703,"[2700,3000[","[2700,2800[","[2500,2750[","[2500,3000[","[0,3000[","[0,3000[",*
2704,"[2700,3000[","[2700,2800[","[2500,2750[","[2500,3000[","[0,3000[","[0,3000[",*
2705,"[2700,3000[","[2700,2800[","[2500,2750[","[2500,3000[","[0,3000[","[0,3000[",*
2706,"[2700,3000[","[2700,2800[","[2500,2750[","[2500,3000[","[0,3000[","[0,3000[",*
2707,"[2700,3000[","[2700,2800[","[2500,2750[","[2500,3000[","[0,3000[","[0,3000[",*
2708,"[2700,3000[","[2700,2800[","[2500,2750[","[2500,3000[","[0,3000[","[0,3000[",*
2709,"[2700,3000[","[2700,2800[","[2500,2750[","[2500,3000[","[0,3000[","[0,3000[",*
2710,"[2700,3000[","[2700,2800[","[2500,2750[","[2500,3000[","[0,3000[","[0,3000[",*
2711,"[2700,3000[","[2700,2800[","[2500,2750[","[2500,3000[","[0,3000[","[0,3000[",*
2712,"[2700,3000[","[2700,2800[","[2500,2750[","[2500,3000[","[0,3000[","[0,3000[",*
2713,"[2700,3000[","[2700,2800[","[2500,2750[","[2500,3000[","[0,3000[","[0,3000[",*
2714,"[2700,3000[","[2700,2800[","[2500,2750[","[2500,3000[","[0,3000[","[0,3000[",*
2715,"[2700,3000[","[2700,2800[","[2500,2750[","[2500,3000[","[0,3000[","[0,3000[",*
2716,"[2700,3000[","[2700,2800[","[2500,2750[","[2500,3000[","[0,3000[","[0,3000[",*
2717,"[2700,3000[","[2700,2800[","[2500,2750[","[2500,3000[","[0,3000[","[0,3000[",*
2718,"[2700,3000[","[2700,2800[","[2500,2750[","[2500,3000[","[0,3000[","[0,3000[",*
2719,"[2700,3000[","[2700,2800[","[2500,2750[","[2500,3000[","[0,3000[","[0,3000[",*
2720,"[2700,3000[","[2700,2800[","[2500,2750[","[2500,3000[","[0,3000[","[0,3000[",*
2721,"[2700,3000[","[2700,2800[","[2500,2750[","[2500,3000[","[0,3000[","[0,3000[",*
2722,"[2700,3000[","[2700,2800[","[2500,2750[","[2500,3000[","[0,3000[","[0,3000[",*
2723,"[2700,3000[","[2700,2800[","[2500,2750[","[2500,3000[","[0,3000[","[0,3000[",*
2724,"[2700,3000[","[2700,2800[","[2500,2750[","[2500,3000[","[0,3000[","[0,3000[",*
2725,"[2700,3000[","[2700,2800[","[2500,2750[","[2500,3000[","[0,3000[","[0,3000[",*
2726,"[2700,3000[","[2700,2800[","[2500,2750[","[2500,3000[","[0,3000[","[0,3000[",*
2727,"[2700,3000[","[2700,2800[","[2500,2750[","[2500,3000[","[0,3000[","[0,3000[",*
2728,"[2700,3000[","[2700,2800[","[2500,2750[","[2500,3000[","[0,3000[","[0,3000[",*
2729,"[2700,3000[","[2700,2800[","[2500,2750[","[2500,3000[","[0,3000[","[0,3000[",*
2730,"[2700,3000[","[2700,2800[","[2500,2750[","[2500,3000[","[0,3000[","[0,3000[",*
2731,"[2700,3000[","[2700,2800[","[2500,2750[","[2500,3000[","[0,3000[","[0,3000[",*
2732,"[2700,3000[","[2700,2800[","[2500,2750[","[2500,3000[","[0,3000[","[0,3000[",*
2733,"[2700,3000[","[2700,2800[","[2500,2750[","[2500,3000[","[0,3000[","[0,3000[",*
2734,"[2700,3000[","[2700,2800[","[2500,2750[","[2500,3000[","[0,3000[","[0,3000[",*
2735,"[2700,3000[","[2700,2800[","[2500,2750[","[2500,3000[","[0,3000[","[0,3000[",*
2736,"[2700,3000[","[2700,2800[","[2500,2750[","[2500,3000[","[0,3000[","[0,3000[",*
2737,"[2700,3000[","[2700,2800[","[2500,2750[","[2500,3000[","[0,3000[","[0,3000[",*
2738,"[2700,3000[","[2700,2800[","[2500,2750[","[2500,3000[","[0,3000[","[0,3000[",*
2739,"[2700,3000[","[2700,2800[","[2500,2750[","[2500,3000[","[0,3000[","[0,3000[",*
2740,"[2700,3000[","[2700,2800[","[2500,2750[","[2500,3000[","[0,3000[","[0,3000[",*
2741,"[2700,3000[","[2700,2800[","[2500,2750[","[2500,3000[","[0,3000[","[0,3000[",*
2742,"[2700,3000[","[2700,2800[","[2500,2750[","[2500,3000[","[0,3000[","[0,3000[",*
2743,"[2700,3000[","[2700,2800[","[2500,2750[","[2500,3000[","[0,3000[","[0,3000[",*
2744,"[2700,3000[","[2700,2800[","[2500,2750[","[2500,3000[","[0,3000[","[0,3000[",*
2745,"[2700,3000[","[2700,2800[","[2500,2750[","[2500,3000[","[0,3000[","[0,3000[",*
2746,"[2700,3000[","[2700,2800[","[2500,2750[","[2500,3000[","[0,3000[","[0,3000[",*
2747,"[2700,3000[","[2700,2800[","[2500,2750[","[2500,3000[","[0,3000[","[0,3000[",*
2748,"[2700,3000[","[2700,2800[","[2500,2750[","[2500,3000[","[0,3000[","[0,3000[",*
2749,"[2700,3000[","[2700,2800[","[2500,2750[","[2500,3000[","[0,3000[","[0,3000[",*
2750,"[2700,3000[","[2700,2800[","[2750,3000[","[2500,3000[","[0,3000[","[0,3000[",*
2751,"[2700,3000[","[2700,2800[","[2750,3000[","[2500,3000[","[0,3000[","[0,3000[",*
2752,"[2700,3000[","[2700,2800[","[2750,3000[","[2500,3000[","[0,3000[","[0,3000[",*
2753,"[2700,3000[","[2700,2800[","[2750,3000[","[2500,3000[","[0,3000[","[0,3000[",*
2754,"[2700,3000[","[2700,2800[","[2750,3000[","[2500,3000[","[0,3000[","[0,3000[",*
2755,"[2700,3000[","[2700,2800[","[2750,3000[","[2500,3000[","[0,3000[","[0,3000[",*
2756,"[2700,3000[","[2700,2800[","[2750,3000[","[2500,3000[","[0,3000[","[0,3000[",*
2757,"[2700,3000[","[2700,2800[","[2750,3000[","[2500,3000[","[0,3000[","[0,3000[",*
2758,"[2700,3000[","[2700,2800[","[2750,3000[","[2500,3000[","[0,3000[","[0,3000[",*
2759,"[2700,3000[","[2700,2800[","[2750,3000[","[2500,3000[","[0,3000[","[0,3000[",*
2760,"[2700,3000[","[2700,2800[","[2750,3000[","[2500,3000[","[0,3000[","[0,3000[",*
2761,"[2700,3000[","[2700,2800[","[2750,3000[","[2500,3000[","[0,3000[","[0,3000[",*
2762,"[2700,3000[","[2700,2800[","[2750,3000[","[2500,3000[","[0,3000[","[0,3000[",*
2763,"[2700,3000[","[2700,2800[","[2750,3000[","[2500,3000[","[0,3000[","[0,3000[",*
2764,"[2700,3000[","[2700,2800[","[2750,3000[","[2500,3000[","[0,3000[","[0,3000[",*
2765,"[2700,3000[","[2700,2800[","[2750,3000[","[2500,3000[","[0,3000[","[0,3000[",*
2766,"[2700,3000[","[2700,2800[","[2750,3000[","[2500,3000[","[0,3000[","[0,3000[",*
2767,"[2700,3000[","[2700,2800[","[2750,3000[","[2500,3000[","[0,3000[","[0,3000[",*
2768,"[2700,3000[","[2700,2800[","[2750,3000[","[2500,3000[","[0,3000[","[0,3000[",*
2769,"[2700,3000[","[2700,2800[","[2750,3000[","[2500,3000[","[0,3000[","[0,3000[",*
2770,"[2700,3000[","[2700,2800[","[2750,3000[","[2500,3000[","[0,3000[","[0,3000[",*
2771,"[2700,3000[","[2700,2800[","[2750,3000[","[2500,3000[","[0,3000[","[0,3000[",*
2772,"[2700,3000[","[2700,2800[","[2750,3000[","[2500,3000[","[0,3000[","[0,3000[",*
2773,"[2700,3000[","[2700,2800[","[2750,3000[","[2500,3000[","[0,3000[","[0,3000[",*
2774,"[2700,3000[","[2700,2800[","[2750,3000[","[2500,3000[","[0,3000[","[0,3000[",*
2775,"[2700,3000[","[2700,2800[","[2750,3000[","[2500,3000[","[0,3000[","[0,3000[",*
2776,"[2700,3000[","[2700,2800[","[2750,3000[","[2500,3000[","[0,3000[","[0,3000[",*
2777,"[2700,3000[","[2700,2800[","[2750,3000[","[2500,3000[","[0,3000[","[0,3000[",*
2778,"[2700,3000[","[2700,2800[","[2750,3000[","[2500,3000[","[0,3000[","[0,3000[",*
2779,"[2700,3000[","[2700,2800[","[2750,3000[","[2500,3000[","[0,3000[","[0,3000[",*
2780,"[2700,3000[","[2700,2800[","[2750,3000[","[2500,3000[","[0,3000[","[0,3000[",*
2781,"[2700,3000[","[2700,2800[","[2750,3000[","[2500,3000[","[0,3000[","[0,3000[",*
2782,"[2700,3000[","[2700,2800[","[2750,3000[","[2500,3000[","[0,3000[","[0,3000[",*
2783,"[2700,3000[","[2700,2800[","[2750,3000[","[2500,3000[","[0,3000[","[0,3000[",*
2784,"[2700,3000[","[2700,2800[","[2750,3000[","[2500,3000[","[0,3000[","[0,3000[",*
2785,"[2700,3000[","[2700,2800[","[2750,3000[","[2500,3000[","[0,3000[","[0,3000[",*
2786,"[2700,3000[","[2700,2800[","[2750,3000[","[2500,3000[","[0,3000[","[0,3000[",*
2787,"[2700,3000[","[2700,2800[","[2750,3000[","[2500,3000[","[0,3000[","[0,3000[",*
2788,"[2700,3000[","[2700,2800[","[2750,3000[","[2500,3000[","[0,3000[","[0,3000[",*
2789,"[2700,3000[","[2700,2800[","[2750,3000[","[2500,3000[","[0,3000[","[0,3000[",*
2790,"[2700,3000[","[2700,2800[","[2750,3000[","[2500,3000[","[0,3000[","[0,3000[",*
2791,"[2700,3000[","[2700,2800[","[2750,3000[","[2500,3000[","[0,3000[","[0,3000[",*
2792,"[2700,3000[","[2700,2800[","[2750,3000[","[2500,3000[","[0,3000[","[0,3000[",*
2793,"[2700,3000[","[2700,2800[","[2750,3000[","[2500,3000[","[0,3000[","[0,3000[",*
2794,"[2700,3000[","[2700,2800[","[2750,3000[","[2500,3000[","[0,3000[","[0,3000[",*
2795,"[2700,3000[","[2700,2800[","[2750,3000[","[2500,3000[","[0,3000[","[0,3000[",*
2796,"[2700,3000[","[2700,2800[","[2750,3000[","[2500,3000[","[0,3000[","[0,3000[",*
2797,"[2700,3000[","[2700,2800[","[2750,3000[","[2500,3000[","[0,3000[","[0,3000[",*
2798,"[2700,3000[","[2700,2800[","[2750,3000[","[2500,3000[","[0,3000[","[0,3000[",*
2799,"[2700,3000[","[2700,2800[","[2750,3000[","[2500,3000[","[0,3000[","[0,3000[",*
2800,"[2700,3000[","[2800,2900[","[2750,3000[","[2500,3000[","[0,3000[","[0,3000[",*
2801,"[2700,3000[","[2800,2900[","[2750,3000[","[2500,3000[","[0,3000[","[0,3000[",*
2802,"[2700,3000[","[2800,2900[","[2750,3000[","[2500,3000[","[0,3000[","[0,3000[",*
2803,"[2700,3000[","[2800,2900[","[2750,3000[","[2500,3000[","[0,3000[","[0,3000[",*
2804,"[2700,3000[","[2800,2900[","[2750,3000[","[2500,3000[","[0,3000[","[0,3000[",*
2805,"[2700,3000[","[2800,2900[","[2750,3000[","[2500,3000[","[0,3000[","[0,3000[",*
2806,"[2700,3000[","[2800,2900[","[2750,3000[","[2500,3000[","[0,3000[","[0,3000[",*
2807,"[2700,3000[","[2800,2900[","[2750,3000[","[2500,3000[","[0,3000[","[0,3000[",*
2808,"[2700,3000[","[2800,2900[","[2750,3000[","[2500,3000[","[0,3000[","[0,3000[",*
2809,"[2700,3000[","[2800,2900[","[2750,3000[","[2500,3000[","[0,3000[","[0,3000[",*
2810,"[2700,3000[","[2800,2900[","[2750,3000[","[2500,3000[","[0,3000[","[0,3000[",*
2811,"[2700,3000[","[2800,2900[","[2750,3000[","[2500,3000[","[0,3000[","[0,3000[",*
2812,"[2700,3000[","[2800,2900[","[2750,3000[","[2500,3000[","[0,3000[","[0,3000[",*
2813,"[2700,3000[","[2800,2900[","[2750,3000[","[2500,3000[","[0,3000[","[0,3000[",*
2814,"[2700,3000[","[2800,2900[","[2750,3000[","[2500,3000[","[0,3000[","[0,3000[",*
2815,"[2700,3000[","[2800,2900[","[2750,3000[","[2500,3000[","[0,3000[","[0,3000[",*
2816,"[2700,3000[","[2800,2900[","[2750,3000[","[2500,3000[","[0,3000[","[0,3000[",*
2817,"[2700,3000[","[2800,2900[","[2750,3000[","[2500,3000[","[0,3000[","[0,3000[",*
2818,"[2700,3000[","[2800,2900[","[2750,3000[","[2500,3000[","[0,3000[","[0,3000[",*
2819,"[2700,3000[","[2800,2900[","[2750,3000[","[2500,3000[","[0,3000[","[0,3000[",*
2820,"[2700,3000[","[2800,2900[","[2750,3000[","[2500,3000[","[0,3000[","[0,3000[",*
2821,"[2700,3000[","[2800,2900[","[2750,3000[","[2500,3000[","[0,3000[","[0,3000[",*
2822,"[2700,3000[","[2800,2900[","[2750,3000[","[2500,3000[","[0,3000[","[0,3000[",*
2823,"[2700,3000[","[2800,2900[","[2750,3000[","[2500,3000[","[0,3000[","[0,3000[",*
2824,"[2700,3000[","[2800,2900[","[2750,3000[","[2500,3000[","[0,3000[","[0,3000[",*
2825,"[2700,3000[","[2800,2900[","[2750,3000[","[2500,3000[","[0,3000[","[0,3000[",*
2826,"[2700,3000[","[2800,2900[","[2750,3000[","[2500,3000[","[0,3000[","[0,3000[",*
2827,"[2700,3000[","[2800,2900[","[2750,3000[","[2500,3000[","[0,3000[","[0,3000[",*
2828,"[2700,3000[","[2800,2900[","[2750,3000[","[2500,3000[","[0,3000[","[0,3000[",*
2829,"[2700,3000[","[2800,2900[","[2750,3000[","[2500,3000[","[0,3000[","[0,3000[",*
2830,"[2700,3000[","[2800,2900[","[2750,3000[","[2500,3000[","[0,3000[","[0,3000[",*
2831,"[2700,3000[","[2800,2900[","[2750,3000[","[2500,3000[","[0,3000[","[0,3000[",*
2832,"[2700,3000[","[2800,2900[","[2750,3000[","[2500,3000[","[0,3000[","[0,3000[",*
2833,"[2700,3000[","[2800,2900[","[2750,3000[","[2500,3000[","[0,3000[","[0,3000[",*
2834,"[2700,3000[","[2800,2900[","[2750,3000[","[2500,3000[","[0,3000[","[0,3000[",*
2835,"[2700,3000[","[2800,2900[","[2750,3000[","[2500,3000[","[0,3000[","[0,3000[",*
2836,"[2700,3000[","[2800,2900[","[2750,3000[","[2500,3000[","[0,3000[","[0,3000[",*
2837,"[2700,3000[","[2800,2900[","[2750,3000[","[2500,3000[","[0,3000[","[0,3000[",*
2838,"[2700,3000[","[2800,2900[","[2750,3000[","[2500,3000[","[0,3000[","[0,3000[",*
2839,"[2700,3000[","[2800,2900[","[2750,3000[","[2500,3000[","[0,3000[","[0,3000[",*
2840,"[2700,3000[","[2800,2900[","[2750,3000[","[2500,3000[","[0,3000[","[0,3000[",*
2841,"[2700,3000[","[2800,2900[","[2750,3000[","[2500,3000[","[0,3000[","[0,3000[",*
2842,"[2700,3000[","[2800,2900[","[2750,3000[","[2500,3000[","[0,3000[","[0,3000[",*
2843,"[2700,3000[","[2800,2900[","[2750,3000[","[2500,3000[","[0,3000[","[0,3000[",*
2844,"[2700,3000[","[2800,2900[","[2750,3000[","[2500,3000[","[0,3000[","[0,3000[",*
2845,"[2700,3000[","[2800,2900[","[2750,3000[","[2500,3000[","[0,3000[","[0,3000[",*
2846,"[2700,3000[","[2800,2900[","[2750,3000[","[2500,3000[","[0,3000[","[0,3000[",*
2847,"[2700,3000[","[2800,2900[","[2750,3000[","[2500,3000[","[0,3000[","[0,3000[",*
2848,"[2700,3000[","[2800,2900[","[2750,3000[","[2500,3000[","[0,3000[","[0,3000[",*
2849,"[2700,3000[","[2800,2900[","[2750,3000[","[2500,3000[","[0,3000[","[0,3000[",*
2850,"[2700,3000[","[2800,2900[","[2750,3000[","[2500,3000[","[0,3000[","[0,3000[",*
2851,"[2700,3000[","[2800,2900[","[2750,3000[","[2500,3000[","[0,3000[","[0,3000[",*
2852,"[2700,3000[","[2800,2900[","[2750,3000[","[2500,3000[","[0,3000[","[0,3000[",*
2853,"[2700,3000[","[2800,2900[","[2750,3000[","[2500,3000[","[0,3000[","[0,3000[",*
2854,"[2700,3000[","[2800,2900[","[2750,3000[","[2500,3000[","[0,3000[","[0,3000[",*
2855,"[2700,3000[","[2800,2900[","[2750,3000[","[2500,3000[","[0,3000[","[0,3000[",*
2856,"[2700,3000[","[2800,2900[","[2750,3000[","[2500,3000[","[0,3000[","[0,3000[",*
2857,"[2700,3000[","[2800,2900[","[2750,3000[","[2500,3000[","[0,3000[","[0,3000[",*
2858,"[2700,3000[","[2800,2900[","[2750,3000[","[2500,3000[","[0,3000[","[0,3000[",*
2859,"[2700,3000[","[2800,2900[","[2750,3000[","[2500,3000[","[0,3000[","[0,3000[",*
2860,"[2700,3000[","[2800,2900[","[2750,3000[","[2500,3000[","[0,3000[","[0,3000[",*
2861,"[2700,3000[","[2800,2900[","[2750,3000[","[2500,3000[","[0,3000[","[0,3000[",*
2862,"[2700,3000[","[2800,2900[","[2750,3000[","[2500,3000[","[0,3000[","[0,3000[",*
2863,"[2700,3000[","[2800,2900[","[2750,3000[","[2500,3000[","[0,3000[","[0,3000[",*
2864,"[2700,3000[","[2800,2900[","[2750,3000[","[2500,3000[","[0,3000[","[0,3000[",*
2865,"[2700,3000[","[2800,2900[","[2750,3000[","[2500,3000[","[0,3000[","[0,3000[",*
2866,"[2700,3000[","[2800,2900[","[2750,3000[","[2500,3000[","[0,3000[","[0,3000[",*
2867,"[2700,3000[","[2800,2900[","[2750,3000[","[2500,3000[","[0,3000[","[0,3000[",*
2868,"[2700,3000[","[2800,2900[","[2750,3000[","[2500,3000[","[0,3000[","[0,3000[",*
2869,"[2700,3000[","[2800,2900[","[2750,3000[","[2500,3000[","[0,3000[","[0,3000[",*
2870,"[2700,3000[","[2800,2900[","[2750,3000[","[2500,3000[","[0,3000[","[0,3000[",*
2871,"[2700,3000[","[2800,2900[","[2750,3000[","[2500,3000[","[0,3000[","[0,3000[",*
2872,"[2700,3000[","[2800,2900[","[2750,3000[","[2500,3000[","[0,3000[","[0,3000[",*
2873,"[2700,3000[","[2800,2900[","[2750,3000[","[2500,3000[","[0,3000[","[0,3000[",*
2874,"[2700,3000[","[2800,2900[","[2750,3000[","[2500,3000[","[0,3000[","[0,3000[",*
2875,"[2700,3000[","[2800,2900[","[2750,3000[","[2500,3000[","[0,3000[","[0,3000[",*
2876,"[2700,3000[","[2800,2900[","[2750,3000[","[2500,3000[","[0,3000[","[0,3000[",*
2877,"[2700,3000[","[2800,2900[","[2750,3000[","[2500,3000[","[0,3000[","[0,3000[",*
2878,"[2700,3000[","[2800,2900[","[2750,3000[","[2500,3000[","[0,3000[","[0,3000[",*
2879,"[2700,3000[","[2800,2900[","[2750,3000[","[2500,3000[","[0,3000[","[0,3000[",*
2880,"[2700,3000[","[2800,2900[","[2750,3000[","[2500,3000[","[0,3000[","[0,3000[",*
2881,"[2700,3000[","[2800,2900[","[2750,3000[","[2500,3000[","[0,3000[","[0,3000[",*
2882,"[2700,3000[","[2800,2900[","[2750,3000[","[2500,3000[","[0,3000[","[0,3000[",*
2883,"[2700,3000[","[2800,2900[","[2750,3000[","[2500,3000[","[0,3000[","[0,3000[",*
2884,"[2700,3000[","[2800,2900[","[2750,3000[","[2500,3000[","[0,3000[","[0,3000[",*
2885,"[2700,3000[","[2800,2900[","[2750,3000[","[2500,3000[","[0,3000[","[0,3000[",*
2886,"[2700,3000[","[2800,2900[","[2750,3000[","[2500,3000[","[0,3000[","[0,3000[",*
2887,"[2700,3000[","[2800,2900[","[2750,3000[","[2500,3000[","[0,3000[","[0,3000[",*
2888,"[2700,3000[","[2800,2900[","[2750,3000[","[2500,3000[","[0,3000[","[0,3000[",*
2889,"[2700,3000[","[2800,2900[","[2750,3000[","[2500,3000[","[0,3000[","[0,3000[",*
2890,"[2700,3000[","[2800,2900[","[2750,3000[","[2500,3000[","[0,3000[","[0,3000[",*
2891,"[2700,3000[","[2800,2900[","[2750,3000[","[2500,3000[","[0,3000[","[0,3000[",*
2892,"[2700,3000[","[2800,2900[","[2750,3000[","[2500,3000[","[0,3000[","[0,3000[",*
2893,"[2700,3000[","[2800,2900[","[2750,3000[","[2500,3000[","[0,3000[","[0,3000[",*
2894,"[2700,3000[","[2800,2900[","[2750,3000[","[2500,3000[","[0,3000[","[0,3000[",*
2895,"[2700,3000[","[2800,2900[","[2750,3000[","[2500,3000[","[0,3000[","[0,3000[",*
2896,"[2700,3000[","[2800,2900[","[2750,3000[","[2500,3000[","[0,3000[","[0,3000[",*
2897,"[2700,3000[","[2800,2900[","[2750,3000[","[2500,3000[","[0,3000[","[0,3000[",*
2898,"[2700,3000[","[2800,2900[","[2750,3000[","[2500,3000[","[0,3000[","[0,3000[",*
2899,"[2700,3000[","[2800,2900[","[2750,3000[","[2500,3000[","[0,3000[","[0,3000[",*
2900,"[2700,3000[","[2900,3000[","[2750,3000[","[2500,3000[","[0,3000[","[0,3000[",*
2901,"[2700,3000[","[2900,3000[","[2750,3000[","[2500,3000[","[0,3000[","[0,3000[",*
2902,"[2700,3000[","[2900,3000[","[2750,3000[","[2500,3000[","[0,3000[","[0,3000[",*
2903,"[2700,3000[","[2900,3000[","[2750,3000[","[2500,3000[","[0,3000[","[0,3000[",*
2904,"[2700,3000[","[2900,3000[","[2750,3000[","[2500,3000[","[0,3000[","[0,3000[",*
2905,"[2700,3000[","[2900,3000[","[2750,3000[","[2500,3000[","[0,3000[","[0,3000[",*
2906,"[2700,3000[","[2900,3000[","[2750,3000[","[2500,3000[","[0,3000[","[0,3000[",*
2907,"[2700,3000[","[2900,3000[","[2750,3000[","[2500,3000[","[0,3000[","[0,3000[",*
2908,"[2700,3000[","[2900,3000[","[2750,3000[","[2500,3000[","[0,3000[","[0,3000[",*
2909,"[2700,3000[","[2900,3000[","[2750,3000[","[2500,3000[","[0,3000[","[0,3000[",*
2910,"[2700,3000[","[2900,3000[","[2750,3000[","[2500,3000[","[0,3000[","[0,3000[",*
2911,"[2700,3000[","[2900,3000[","[2750,3000[","[2500,3000[","[0,3000[","[0,3000[",*
2912,"[2700,3000[","[2900,3000[","[2750,3000[","[2500,3000[","[0,3000[","[0,3000[",*
2913,"[2700,3000[","[2900,3000[","[2750,3000[","[2500,3000[","[0,3000[","[0,3000[",*
2914,"[2700,3000[","[2900,3000[","[2750,3000[","[2500,3000[","[0,3000[","[0,3000[",*
2915,"[2700,3000[","[2900,3000[","[2750,3000[","[2500,3000[","[0,3000[","[0,3000[",*
2916,"[2700,3000[","[2900,3000[","[2750,3000[","[2500,3000[","[0,3000[","[0,3000[",*
2917,"[2700,3000[","[2900,3000[","[2750,3000[","[2500,3000[","[0,3000[","[0,3000[",*
2918,"[2700,3000[","[2900,3000[","[2750,3000[","[2500,3000[","[0,3000[","[0,3000[",*
2919,"[2700,3000[","[2900,3000[","[2750,3000[","[2500,3000[","[0,3000[","[0,3000[",*
2920,"[2700,3000[","[2900,3000[","[2750,3000[","[2500,3000[","[0,3000[","[0,3000[",*
2921,"[2700,3000[","[2900,3000[","[2750,3000[","[2500,3000[","[0,3000[","[0,3000[",*
2922,"[2700,3000[","[2900,3000[","[2750,3000[","[2500,3000[","[0,3000[","[0,3000[",*
2923,"[2700,3000[","[2900,3000[","[2750,3000[","[2500,3000[","[0,3000[","[0,3000[",*
2924,"[2700,3000[","[2900,3000[","[2750,3000[","[2500,3000[","[0,3000[","[0,3000[",*
2925,"[2700,3000[","[2900,3000[","[2750,3000[","[2500,3000[","[0,3000[","[0,3000[",*
2926,"[2700,3000[","[2900,3000[","[2750,3000[","[2500,3000[","[0,3000[","[0,3000[",*
2927,"[2700,3000[","[2900,3000[","[2750,3000[","[2500,3000[","[0,3000[","[0,3000[",*
2928,"[2700,3000[","[2900,3000[","[2750,3000[","[2500,3000[","[0,3000[","[0,3000[",*
2929,"[2700,3000[","[2900,3000[","[2750,3000[","[2500,3000[","[0,3000[","[0,3000[",*
2930,"[2700,3000[","[2900,3000[","[2750,3000[","[2500,3000[","[0,3000[","[0,3000[",*
2931,"[2700,3000[","[2900,3000[","[2750,3000[","[2500,3000[","[0,3000[","[0,3000[",*
2932,"[2700,3000[","[2900,3000[","[2750,3000[","[2500,3000[","[0,3000[","[0,3000[",*
2933,"[2700,3000[","[2900,3000[","[2750,3000[","[2500,3000[","[0,3000[","[0,3000[",*
2934,"[2700,3000[","[2900,3000[","[2750,3000[","[2500,3000[","[0,3000[","[0,3000[",*
2935,"[2700,3000[","[2900,3000[","[2750,3000[","[2500,3000[","[0,3000[","[0,3000[",*
2936,"[2700,3000[","[2900,3000[","[2750,3000[","[2500,3000[","[0,3000[","[0,3000[",*
2937,"[2700,3000[","[2900,3000[","[2750,3000[","[2500,3000[","[0,3000[","[0,3000[",*
2938,"[2700,3000[","[2900,3000[","[2750,3000[","[2500,3000[","[0,3000[","[0,3000[",*
2939,"[2700,3000[","[2900,3000[","[2750,3000[","[2500,3000[","[0,3000[","[0,3000[",*
2940,"[2700,3000[","[2900,3000[","[2750,3000[","[2500,3000[","[0,3000[","[0,3000[",*
2941,"[2700,3000[","[2900,3000[","[2750,3000[","[2500,3000[","[0,3000[","[0,3000[",*
2942,"[2700,3000[","[2900,3000[","[2750,3000[","[2500,3000[","[0,3000[","[0,3000[",*
2943,"[2700,3000[","[2900,3000[","[2750,3000[","[2500,3000[","[0,3000[","[0,3000[",*
2944,"[2700,3000[","[2900,3000[","[2750,3000[","[2500,3000[","[0,3000[","[0,3000[",*
2945,"[2700,3000[","[2900,3000[","[2750,3000[","[2500,3000[","[0,3000[","[0,3000[",*
2946,"[2700,3000[","[2900,3000[","[2750,3000[","[2500,3000[","[0,3000[","[0,3000[",*
2947,"[2700,3000[","[2900,3000[","[2750,3000[","[2500,3000[","[0,3000[","[0,3000[",*
2948,"[2700,3000[","[2900,3000[","[2750,3000[","[2500,3000[","[0,3000[","[0,3000[",*
2949,"[2700,3000[","[2900,3000[","[2750,3000[","[2500,3000[","[0,3000[","[0,3000[",*
2950,"[2700,3000[","[2900,3000[","[2750,3000[","[2500,3000[","[0,3000[","[0,3000[",*
2951,"[2700,3000[","[2900,3000[","[2750,3000[","[2500,3000[","[0,3000[","[0,3000[",*
2952,"[2700,3000[","[2900,3000[","[2750,3000[","[2500,3000[","[0,3000[","[0,3000[",*
2953,"[2700,3000[","[2900,3000[","[2750,3000[","[2500,3000[","[0,3000[","[0,3000[",*
2954,"[2700,3000[","[2900,3000[","[2750,3000[","[2500,3000[","[0,3000[","[0,3000[",*
2955,"[2700,3000[","[2900,3000[","[2750,3000[","[2500,3000[","[0,3000[","[0,3000[",*
2956,"[2700,3000[","[2900,3000[","[2750,3000[","[2500,3000[","[0,3000[","[0,3000[",*
2957,"[2700,3000[","[2900,3000[","[2750,3000[","[2500,3000[","[0,3000[","[0,3000[",*
2958,"[2700,3000[","[2900,3000[","[2750,3000[","[2500,3000[","[0,3000[","[0,3000[",*
2959,"[2700,3000[","[2900,3000[","[2750,3000[","[2500,3000[","[0,3000[","[0,3000[",*
2960,"[2700,3000[","[2900,3000[","[2750,3000[","[2500,3000[","[0,3000[","[0,3000[",*
2961,"[2700,3000[","[2900,3000[","[2750,3000[","[2500,3000[","[0,3000[","[0,3000[",*
2962,"[2700,3000[","[2900,3000[","[2750,3000[","[2500,3000[","[0,3000[","[0,3000[",*
2963,"[2700,3000[","[2900,3000[","[2750,3000[","[2500,3000[","[0,3000[","[0,3000[",*
2964,"[2700,3000[","[2900,3000[","[2750,3000[","[2500,3000[","[0,3000[","[0,3000[",*
2965,"[2700,3000[","[2900,3000[","[2750,3000[","[2500,3000[","[0,3000[","[0,3000[",*
2966,"[2700,3000[","[2900,3000[","[2750,3000[","[2500,3000[","[0,3000[","[0,3000[",*
2967,"[2700,3000[","[2900,3000[","[2750,3000[","[2500,3000[","[0,3000[","[0,3000[",*
2968,"[2700,3000[","[2900,3000[","[2750,3000[","[2500,3000[","[0,3000[","[0,3000[",*
2969,"[2700,3000[","[2900,3000[","[2750,3000[","[2500,3000[","[0,3000[","[0,3000[",*
2970,"[2700,3000[","[2900,3000[","[2750,3000[","[2500,3000[","[0,3000[","[0,3000[",*
2971,"[2700,3000[","[2900,3000[","[2750,3000[","[2500,3000[","[0,3000[","[0,3000[",*
2972,"[2700,3000[","[2900,3000[","[2750,3000[","[2500,3000[","[0,3000[","[0,3000[",*
2973,"[2700,3000[","[2900,3000[","[2750,3000[","[2500,3000[","[0,3000[","[0,3000[",*
2974,"[2700,3000[","[2900,3000[","[2750,3000[","[2500,3000[","[0,3000[","[0,3000[",*
2975,"[2700,3000[","[2900,3000[","[2750,3000[","[2500,3000[","[0,3000[","[0,3000[",*
2976,"[2700,3000[","[2900,3000[","[2750,3000[","[2500,3000[","[0,3000[","[0,3000[",*
2977,"[2700,3000[","[2900,3000[","[2750,3000[","[2500,3000[","[0,3000[","[0,3000[",*
2978,"[2700,3000[","[2900,3000[","[2750,3000[","[2500,3000[","[0,3000[","[0,3000[",*
2979,"[2700,3000[","[2900,3000[","[2750,3000[","[2500,3000[","[0,3000[","[0,3000[",*
2980,"[2700,3000[","[2900,3000[","[2750,3000[","[2500,3000[","[0,3000[","[0,3000[",*
2981,"[2700,3000[","[2900,3000[","[2750,3000[","[2500,3000[","[0,3000[","[0,3000[",*
2982,"[2700,3000[","[2900,3000[","[2750,3000[","[2500,3000[","[0,3000[","[0,3000[",*
2983,"[2700,3000[","[2900,3000[","[2750,3000[","[2500,3000[","[0,3000[","[0,3000[",*
2984,"[2700,3000[","[2900,3000[","[2750,3000[","[2500,3000[","[0,3000[","[0,3000[",*
2985,"[2700,3000[","[2900,3000[","[2750,3000[","[2500,3000[","[0,3000[","[0,3000[",*
2986,"[2700,3000[","[2900,3000[","[2750,3000[","[2500,3000[","[0,3000[","[0,3000[",*
2987,"[2700,3000[","[2900,3000[","[2750,3000[","[2500,3000[","[0,3000[","[0,3000[",*
2988,"[2700,3000[","[2900,3000[","[2750,3000[","[2500,3000[","[0,3000[","[0,3000[",*
2989,"[2700,3000[","[2900,3000[","[2750,3000[","[2500,3000[","[0,3000[","[0,3000[",*
2990,"[2700,3000[","[2900,3000[","[2750,3000[","[2500,3000[","[0,3000[","[0,3000[",*
2991,"[2700,3000[","[2900,3000[","[2750,3000[","[2500,3000[","[0,3000[","[0,3000[",*
2992,"[2700,3000[","[2900,3000[","[2750,3000[","[2500,3000[","[0,3000[","[0,3000[",*
2993,"[2700,3000[","[2900,3000[","[2750,3000[","[2500,3000[","[0,3000[","[0,3000[",*
2994,"[2700,3000[","[2900,3000[","[2750,3000[","[2500,3000[","[0,3000[","[0,3000[",*
2995,"[2700,3000[","[2900,3000[","[2750,3000[","[2500,3000[","[0,3000[","[0,3000[",*
2996,"[2700,3000[","[2900,3000[","[2750,3000[","[2500,3000[","[0,3000[","[0,3000[",*
2997,"[2700,3000[","[2900,3000[","[2750,3000[","[2500,3000[","[0,3000[","[0,3000[",*
2998,"[2700,3000[","[2900,3000[","[2750,3000[","[2500,3000[","[0,3000[","[0,3000[",*
2999,"[2700,3000[","[2900,3000[","[2750,3000[","[2500,3000[","[0,3000[","[0,3000[",*
3000,>=3000,>=3000,>=3000,>=3000,>=3000,>=3000,*
3001,>=3000,>=3000,>=3000,>=3000,>=3000,>=3000,*
3002,>=3000,>=3000,>=3000,>=3000,>=3000,>=3000,*
3003,>=3000,>=3000,>=3000,>=3000,>=3000,>=3000,*
3004,>=3000,>=3000,>=3000,>=3000,>=3000,>=3000,*
3005,>=3000,>=3000,>=3000,>=3000,>=3000,>=3000,*
3006,>=3000,>=3000,>=3000,>=3000,>=3000,>=3000,*
3007,>=3000,>=3000,>=3000,>=3000,>=3000,>=3000,*
3008,>=3000,>=3000,>=3000,>=3000,>=3000,>=3000,*
3009,>=3000,>=3000,>=3000,>=3000,>=3000,>=3000,*
3010,>=3000,>=3000,>=3000,>=3000,>=3000,>=3000,*
3011,>=3000,>=3000,>=3000,>=3000,>=3000,>=3000,*
3012,>=3000,>=3000,>=3000,>=3000,>=3000,>=3000,*
3013,>=3000,>=3000,>=3000,>=3000,>=3000,>=3000,*
3014,>=3000,>=3000,>=3000,>=3000,>=3000,>=3000,*
3015,>=3000,>=3000,>=3000,>=3000,>=3000,>=3000,*
3016,>=3000,>=3000,>=3000,>=3000,>=3000,>=3000,*
3017,>=3000,>=3000,>=3000,>=3000,>=3000,>=3000,*
3018,>=3000,>=3000,>=3000,>=3000,>=3000,>=3000,*
3019,>=3000,>=3000,>=3000,>=3000,>=3000,>=3000,*
3020,>=3000,>=3000,>=3000,>=3000,>=3000,>=3000,*
3021,>=3000,>=3000,>=3000,>=3000,>=3000,>=3000,*
3022,>=3000,>=3000,>=3000,>=3000,>=3000,>=3000,*
3023,>=3000,>=3000,>=3000,>=3000,>=3000,>=3000,*
3024,>=3000,>=3000,>=3000,>=3000,>=3000,>=3000,*
3025,>=3000,>=3000,>=3000,>=3000,>=3000,>=3000,*
3026,>=3000,>=3000,>=3000,>=3000,>=3000,>=3000,*
3027,>=3000,>=3000,>=3000,>=3000,>=3000,>=3000,*
3028,>=3000,>=3000,>=3000,>=3000,>=3000,>=3000,*
3029,>=3000,>=3000,>=3000,>=3000,>=3000,>=3000,*
3030,>=3000,>=3000,>=3000,>=3000,>=3000,>=3000,*
3031,>=3000,>=3000,>=3000,>=3000,>=3000,>=3000,*
3032,>=3000,>=3000,>=3000,>=3000,>=3000,>=3000,*
3033,>=3000,>=3000,>=3000,>=3000,>=3000,>=3000,*
3034,>=3000,>=3000,>=3000,>=3000,>=3000,>=3000,*
3035,>=3000,>=3000,>=3000,>=3000,>=3000,>=3000,*
3036,>=3000,>=3000,>=3000,>=3000,>=3000,>=3000,*
3037,>=3000,>=3000,>=3000,>=3000,>=3000,>=3000,*
3038,>=3000,>=3000,>=3000,>=3000,>=3000,>=3000,*
3039,>=3000,>=3000,>=3000,>=3000,>=3000,>=3000,*
3040,>=3000,>=3000,>=3000,>=3000,>=3000,>=3000,*
3041,>=3000,>=3000,>=3000,>=3000,>=3000,>=3000,*
3042,>=3000,>=3000,>=3000,>=3000,>=3000,>=3000,*
3043,>=3000,>=3000,>=3000,>=3000,>=3000,>=3000,*
3044,>=3000,>=3000,>=3000,>=3000,>=3000,>=3000,*
3045,>=3000,>=3000,>=3000,>=3000,>=3000,>=3000,*
3046,>=3000,>=3000,>=3000,>=3000,>=3000,>=3000,*
3047,>=3000,>=3000,>=3000,>=3000,>=3000,>=3000,*
3048,>=3000,>=3000,>=3000,>=3000,>=3000,>=3000,*
3049,>=3000,>=3000,>=3000,>=3000,>=3000,>=3000,*
3050,>=3000,>=3000,>=3000,>=3000,>=3000,>=3000,*
3051,>=3000,>=3000,>=3000,>=3000,>=3000,>=3000,*
3052,>=3000,>=3000,>=3000,>=3000,>=3000,>=3000,*
3053,>=3000,>=3000,>=3000,>=3000,>=3000,>=3000,*
3054,>=3000,>=3000,>=3000,>=3000,>=3000,>=3000,*
3055,>=3000,>=3000,>=3000,>=3000,>=3000,>=3000,*
3056,>=3000,>=3000,>=3000,>=3000,>=3000,>=3000,*
3057,>=3000,>=3000,>=3000,>=3000,>=3000,>=3000,*
3058,>=3000,>=3000,>=3000,>=3000,>=3000,>=3000,*
3059,>=3000,>=3000,>=3000,>=3000,>=3000,>=3000,*
3060,>=3000,>=3000,>=3000,>=3000,>=3000,>=3000,*
3061,>=3000,>=3000,>=3000,>=3000,>=3000,>=3000,*
3062,>=3000,>=3000,>=3000,>=3000,>=3000,>=3000,*
3063,>=3000,>=3000,>=3000,>=3000,>=3000,>=3000,*
3064,>=3000,>=3000,>=3000,>=3000,>=3000,>=3000,*
3065,>=3000,>=3000,>=3000,>=3000,>=3000,>=3000,*
3066,>=3000,>=3000,>=3000,>=3000,>=3000,>=3000,*
3067,>=3000,>=3000,>=3000,>=3000,>=3000,>=3000,*
3068,>=3000,>=3000,>=3000,>=3000,>=3000,>=3000,*
3069,>=3000,>=3000,>=3000,>=3000,>=3000,>=3000,*
3070,>=3000,>=3000,>=3000,>=3000,>=3000,>=3000,*
3071,>=3000,>=3000,>=3000,>=3000,>=3000,>=3000,*
3072,>=3000,>=3000,>=3000,>=3000,>=3000,>=3000,*
3073,>=3000,>=3000,>=3000,>=3000,>=3000,>=3000,*
3074,>=3000,>=3000,>=3000,>=3000,>=3000,>=3000,*
3075,>=3000,>=3000,>=3000,>=3000,>=3000,>=3000,*
3076,>=3000,>=3000,>=3000,>=3000,>=3000,>=3000,*
3077,>=3000,>=3000,>=3000,>=3000,>=3000,>=3000,*
3078,>=3000,>=3000,>=3000,>=3000,>=3000,>=3000,*
3079,>=3000,>=3000,>=3000,>=3000,>=3000,>=3000,*
3080,>=3000,>=3000,>=3000,>=3000,>=3000,>=3000,*
3081,>=3000,>=3000,>=3000,>=3000,>=3000,>=3000,*
3082,>=3000,>=3000,>=3000,>=3000,>=3000,>=3000,*
3083,>=3000,>=3000,>=3000,>=3000,>=3000,>=3000,*
3084,>=3000,>=3000,>=3000,>=3000,>=3000,>=3000,*
3085,>=3000,>=3000,>=3000,>=3000,>=3000,>=3000,*
3086,>=3000,>=3000,>=3000,>=3000,>=3000,>=3000,*
3087,>=3000,>=3000,>=3000,>=3000,>=3000,>=3000,*
3088,>=3000,>=3000,>=3000,>=3000,>=3000,>=3000,*
3089,>=3000,>=3000,>=3000,>=3000,>=3000,>=3000,*
3090,>=3000,>=3000,>=3000,>=3000,>=3000,>=3000,*
3091,>=3000,>=3000,>=3000,>=3000,>=3000,>=3000,*
3092,>=3000,>=3000,>=3000,>=3000,>=3000,>=3000,*
3093,>=3000,>=3000,>=3000,>=3000,>=3000,>=3000,*
3094,>=3000,>=3000,>=3000,>=3000,>=3000,>=3000,*
3095,>=3000,>=3000,>=3000,>=3000,>=3000,>=3000,*
3096,>=3000,>=3000,>=3000,>=3000,>=3000,>=3000,*
3097,>=3000,>=3000,>=3000,>=3000,>=3000,>=3000,*
3098,>=3000,>=3000,>=3000,>=3000,>=3000,>=3000,*
3099,>=3000,>=3000,>=3000,>=3000,>=3000,>=3000,*
3100,>=3000,>=3000,>=3000,>=3000,>=3000,>=3000,*
3101,>=3000,>=3000,>=3000,>=3000,>=3000,>=3000,*
3102,>=3000,>=3000,>=3000,>=3000,>=3000,>=3000,*
3103,>=3000,>=3000,>=3000,>=3000,>=3000,>=3000,*
3104,>=3000,>=3000,>=3000,>=3000,>=3000,>=3000,*
3105,>=3000,>=3000,>=3000,>=3000,>=3000,>=3000,*
3106,>=3000,>=3000,>=3000,>=3000,>=3000,>=3000,*
3107,>=3000,>=3000,>=3000,>=3000,>=3000,>=3000,*
3108,>=3000,>=3000,>=3000,>=3000,>=3000,>=3000,*
3109,>=3000,>=3000,>=3000,>=3000,>=3000,>=3000,*
3110,>=3000,>=3000,>=3000,>=3000,>=3000,>=3000,*
3111,>=3000,>=3000,>=3000,>=3000,>=3000,>=3000,*
3112,>=3000,>=3000,>=3000,>=3000,>=3000,>=3000,*
3113,>=3000,>=3000,>=3000,>=3000,>=3000,>=3000,*
3114,>=3000,>=3000,>=3000,>=3000,>=3000,>=3000,*
3115,>=3000,>=3000,>=3000,>=3000,>=3000,>=3000,*
3116,>=3000,>=3000,>=3000,>=3000,>=3000,>=3000,*
3117,>=3000,>=3000,>=3000,>=3000,>=3000,>=3000,*
3118,>=3000,>=3000,>=3000,>=3000,>=3000,>=3000,*
3119,>=3000,>=3000,>=3000,>=3000,>=3000,>=3000,*
3120,>=3000,>=3000,>=3000,>=3000,>=3000,>=3000,*
3121,>=3000,>=3000,>=3000,>=3000,>=3000,>=3000,*
3122,>=3000,>=3000,>=3000,>=3000,>=3000,>=3000,*
3123,>=3000,>=3000,>=3000,>=3000,>=3000,>=3000,*
3124,>=3000,>=3000,>=3000,>=3000,>=3000,>=3000,*
3125,>=3000,>=3000,>=3000,>=3000,>=3000,>=3000,*
3126,>=3000,>=3000,>=3000,>=3000,>=3000,>=3000,*
3127,>=3000,>=3000,>=3000,>=3000,>=3000,>=3000,*
3128,>=3000,>=3000,>=3000,>=3000,>=3000,>=3000,*
3129,>=3000,>=3000,>=3000,>=3000,>=3000,>=3000,*
3130,>=3000,>=3000,>=3000,>=3000,>=3000,>=3000,*
3131,>=3000,>=3000,>=3000,>=3000,>=3000,>=3000,*
3132,>=3000,>=3000,>=3000,>=3000,>=3000,>=3000,*
3133,>=3000,>=3000,>=3000,>=3000,>=3000,>=3000,*
3134,>=3000,>=3000,>=3000,>=3000,>=3000,>=3000,*
3135,>=3000,>=3000,>=3000,>=3000,>=3000,>=3000,*
3136,>=3000,>=3000,>=3000,>=3000,>=3000,>=3000,*
3137,>=3000,>=3000,>=3000,>=3000,>=3000,>=3000,*
3138,>=3000,>=3000,>=3000,>=3000,>=3000,>=3000,*
3139,>=3000,>=3000,>=3000,>=3000,>=3000,>=3000,*
3140,>=3000,>=3000,>=3000,>=3000,>=3000,>=3000,*
3141,>=3000,>=3000,>=3000,>=3000,>=3000,>=3000,*
3142,>=3000,>=3000,>=3000,>=3000,>=3000,>=3000,*
3143,>=3000,>=3000,>=3000,>=3000,>=3000,>=3000,*
3144,>=3000,>=3000,>=3000,>=3000,>=3000,>=3000,*
3145,>=3000,>=3000,>=3000,>=3000,>=3000,>=3000,*
3146,>=3000,>=3000,>=3000,>=3000,>=3000,>=3000,*
3147,>=3000,>=3000,>=3000,>=3000,>=3000,>=3000,*
3148,>=3000,>=3000,>=3000,>=3000,>=3000,>=3000,*
3149,>=3000,>=3000,>=3000,>=3000,>=3000,>=3000,*
3150,>=3000,>=3000,>=3000,>=3000,>=3000,>=3000,*
3151,>=3000,>=3000,>=3000,>=3000,>=3000,>=3000,*
3152,>=3000,>=3000,>=3000,>=3000,>=3000,>=3000,*
3153,>=3000,>=3000,>=3000,>=3000,>=3000,>=3000,*
3154,>=3000,>=3000,>=3000,>=3000,>=3000,>=3000,*
3155,>=3000,>=3000,>=3000,>=3000,>=3000,>=3000,*
3156,>=3000,>=3000,>=3000,>=3000,>=3000,>=3000,*
3157,>=3000,>=3000,>=3000,>=3000,>=3000,>=3000,*
3158,>=3000,>=3000,>=3000,>=3000,>=3000,>=3000,*
3159,>=3000,>=3000,>=3000,>=3000,>=3000,>=3000,*
3160,>=3000,>=3000,>=3000,>=3000,>=3000,>=3000,*
3161,>=3000,>=3000,>=3000,>=3000,>=3000,>=3000,*
3162,>=3000,>=3000,>=3000,>=3000,>=3000,>=3000,*
3163,>=3000,>=3000,>=3000,>=3000,>=3000,>=3000,*
3164,>=3000,>=3000,>=3000,>=3000,>=3000,>=3000,*
3165,>=3000,>=3000,>=3000,>=3000,>=3000,>=3000,*
3166,>=3000,>=3000,>=3000,>=3000,>=3000,>=3000,*
3167,>=3000,>=3000,>=3000,>=3000,>=3000,>=3000,*
3168,>=3000,>=3000,>=3000,>=3000,>=3000,>=3000,*
3169,>=3000,>=3000,>=3000,>=3000,>=3000,>=3000,*
3170,>=3000,>=3000,>=3000,>=3000,>=3000,>=3000,*
3171,>=3000,>=3000,>=3000,>=3000,>=3000,>=3000,*
3172,>=3000,>=3000,>=3000,>=3000,>=3000,>=3000,*
3173,>=3000,>=3000,>=3000,>=3000,>=3000,>=3000,*
3174,>=3000,>=3000,>=3000,>=3000,>=3000,>=3000,*
3175,>=3000,>=3000,>=3000,>=3000,>=3000,>=3000,*
3176,>=3000,>=3000,>=3000,>=3000,>=3000,>=3000,*
3177,>=3000,>=3000,>=3000,>=3000,>=3000,>=3000,*
3178,>=3000,>=3000,>=3000,>=3000,>=3000,>=3000,*
3179,>=3000,>=3000,>=3000,>=3000,>=3000,>=3000,*
3180,>=3000,>=3000,>=3000,>=3000,>=3000,>=3000,*
3181,>=3000,>=3000,>=3000,>=3000,>=3000,>=3000,*
3182,>=3000,>=3000,>=3000,>=3000,>=3000,>=3000,*
3183,>=3000,>=3000,>=3000,>=3000,>=3000,>=3000,*
3184,>=3000,>=3000,>=3000,>=3000,>=3000,>=3000,*
3185,>=3000,>=3000,>=3000,>=3000,>=3000,>=3000,*
3186,>=3000,>=3000,>=3000,>=3000,>=3000,>=3000,*
3187,>=3000,>=3000,>=3000,>=3000,>=3000,>=3000,*
3188,>=3000,>=3000,>=3000,>=3000,>=3000,>=3000,*
3189,>=3000,>=3000,>=3000,>=3000,>=3000,>=3000,*
3190,>=3000,>=3000,>=3000,>=3000,>=3000,>=3000,*
3191,>=3000,>=3000,>=3000,>=3000,>=3000,>=3000,*
3192,>=3000,>=3000,>=3000,>=3000,>=3000,>=3000,*
3193,>=3000,>=3000,>=3000,>=3000,>=3000,>=3000,*
3194,>=3000,>=3000,>=3000,>=3000,>=3000,>=3000,*
3195,>=3000,>=3000,>=3000,>=3000,>=3000,>=3000,*
3196,>=3000,>=3000,>=3000,>=3000,>=3000,>=3000,*
3197,>=3000,>=3000,>=3000,>=3000,>=3000,>=3000,*
3198,>=3000,>=3000,>=3000,>=3000,>=3000,>=3000,*
3199,>=3000,>=3000,>=3000,>=3000,>=3000,>=3000,*
3200,>=3000,>=3000,>=3000,>=3000,>=3000,>=3000,*
3201,>=3000,>=3000,>=3000,>=3000,>=3000,>=3000,*
3202,>=3000,>=3000,>=3000,>=3000,>=3000,>=3000,*
3203,>=3000,>=3000,>=3000,>=3000,>=3000,>=3000,*
3204,>=3000,>=3000,>=3000,>=3000,>=3000,>=3000,*
3205,>=3000,>=3000,>=3000,>=3000,>=3000,>=3000,*
3206,>=3000,>=3000,>=3000,>=3000,>=3000,>=3000,*
3207,>=3000,>=3000,>=3000,>=3000,>=3000,>=3000,*
3208,>=3000,>=3000,>=3000,>=3000,>=3000,>=3000,*
3209,>=3000,>=3000,>=3000,>=3000,>=3000,>=3000,*
3210,>=3000,>=3000,>=3000,>=3000,>=3000,>=3000,*
3211,>=3000,>=3000,>=3000,>=3000,>=3000,>=3000,*
3212,>=3000,>=3000,>=3000,>=3000,>=3000,>=3000,*
3213,>=3000,>=3000,>=3000,>=3000,>=3000,>=3000,*
3214,>=3000,>=3000,>=3000,>=3000,>=3000,>=3000,*
3215,>=3000,>=3000,>=3000,>=3000,>=3000,>=3000,*
3216,>=3000,>=3000,>=3000,>=3000,>=3000,>=3000,*
3217,>=3000,>=3000,>=3000,>=3000,>=3000,>=3000,*
3218,>=3000,>=3000,>=3000,>=3000,>=3000,>=3000,*
3219,>=3000,>=3000,>=3000,>=3000,>=3000,>=3000,*
3220,>=3000,>=3000,>=3000,>=3000,>=3000,>=3000,*
3221,>=3000,>=3000,>=3000,>=3000,>=3000,>=3000,*
3222,>=3000,>=3000,>=3000,>=3000,>=3000,>=3000,*
3223,>=3000,>=3000,>=3000,>=3000,>=3000,>=3000,*
3224,>=3000,>=3000,>=3000,>=3000,>=3000,>=3000,*
3225,>=3000,>=3000,>=3000,>=3000,>=3000,>=3000,*
3226,>=3000,>=3000,>=3000,>=3000,>=3000,>=3000,*
3227,>=3000,>=3000,>=3000,>=3000,>=3000,>=3000,*
3228,>=3000,>=3000,>=3000,>=3000,>=3000,>=3000,*
3229,>=3000,>=3000,>=3000,>=3000,>=3000,>=3000,*
3230,>=3000,>=3000,>=3000,>=3000,>=3000,>=3000,*
3231,>=3000,>=3000,>=3000,>=3000,>=3000,>=3000,*
3232,>=3000,>=3000,>=3000,>=3000,>=3000,>=3000,*
3233,>=3000,>=3000,>=3000,>=3000,>=3000,>=3000,*
3234,>=3000,>=3000,>=3000,>=3000,>=3000,>=3000,*
3235,>=3000,>=3000,>=3000,>=3000,>=3000,>=3000,*
3236,>=3000,>=3000,>=3000,>=3000,>=3000,>=3000,*
3237,>=3000,>=3000,>=3000,>=3000,>=3000,>=3000,*
3238,>=3000,>=3000,>=3000,>=3000,>=3000,>=3000,*
3239,>=3000,>=3000,>=3000,>=3000,>=3000,>=3000,*
3240,>=3000,>=3000,>=3000,>=3000,>=3000,>=3000,*
3241,>=3000,>=3000,>=3000,>=3000,>=3000,>=3000,*
3242,>=3000,>=3000,>=3000,>=3000,>=3000,>=3000,*
3243,>=3000,>=3000,>=3000,>=3000,>=3000,>=3000,*
3244,>=3000,>=3000,>=3000,>=3000,>=3000,>=3000,*
3245,>=3000,>=3000,>=3000,>=3000,>=3000,>=3000,*
3246,>=3000,>=3000,>=3000,>=3000,>=3000,>=3000,*
3247,>=3000,>=3000,>=3000,>=3000,>=3000,>=3000,*
3248,>=3000,>=3000,>=3000,>=3000,>=3000,>=3000,*
3249,>=3000,>=3000,>=3000,>=3000,>=3000,>=3000,*
3250,>=3000,>=3000,>=3000,>=3000,>=3000,>=3000,*
3251,>=3000,>=3000,>=3000,>=3000,>=3000,>=3000,*
3252,>=3000,>=3000,>=3000,>=3000,>=3000,>=3000,*
3253,>=3000,>=3000,>=3000,>=3000,>=3000,>=3000,*
3254,>=3000,>=3000,>=3000,>=3000,>=3000,>=3000,*
3255,>=3000,>=3000,>=3000,>=3000,>=3000,>=3000,*
3256,>=3000,>=3000,>=3000,>=3000,>=3000,>=3000,*
3257,>=3000,>=3000,>=3000,>=3000,>=3000,>=3000,*
3258,>=3000,>=3000,>=3000,>=3000,>=3000,>=3000,*
3259,>=3000,>=3000,>=3000,>=3000,>=3000,>=3000,*
3260,>=3000,>=3000,>=3000,>=3000,>=3000,>=3000,*
3261,>=3000,>=3000,>=3000,>=3000,>=3000,>=3000,*
3262,>=3000,>=3000,>=3000,>=3000,>=3000,>=3000,*
3263,>=3000,>=3000,>=3000,>=3000,>=3000,>=3000,*
3264,>=3000,>=3000,>=3000,>=3000,>=3000,>=3000,*
3265,>=3000,>=3000,>=3000,>=3000,>=3000,>=3000,*
3266,>=3000,>=3000,>=3000,>=3000,>=3000,>=3000,*
3267,>=3000,>=3000,>=3000,>=3000,>=3000,>=3000,*
3268,>=3000,>=3000,>=3000,>=3000,>=3000,>=3000,*
3269,>=3000,>=3000,>=3000,>=3000,>=3000,>=3000,*
3270,>=3000,>=3000,>=3000,>=3000,>=3000,>=3000,*
3271,>=3000,>=3000,>=3000,>=3000,>=3000,>=3000,*
3272,>=3000,>=3000,>=3000,>=3000,>=3000,>=3000,*
3273,>=3000,>=3000,>=3000,>=3000,>=3000,>=3000,*
3274,>=3000,>=3000,>=3000,>=3000,>=3000,>=3000,*
3275,>=3000,>=3000,>=3000,>=3000,>=3000,>=3000,*
3276,>=3000,>=3000,>=3000,>=3000,>=3000,>=3000,*
3277,>=3000,>=3000,>=3000,>=3000,>=3000,>=3000,*
3278,>=3000,>=3000,>=3000,>=3000,>=3000,>=3000,*
3279,>=3000,>=3000,>=3000,>=3000,>=3000,>=3000,*
3280,>=3000,>=3000,>=3000,>=3000,>=3000,>=3000,*
3281,>=3000,>=3000,>=3000,>=3000,>=3000,>=3000,*
3282,>=3000,>=3000,>=3000,>=3000,>=3000,>=3000,*
3283,>=3000,>=3000,>=3000,>=3000,>=3000,>=3000,*
3284,>=3000,>=3000,>=3000,>=3000,>=3000,>=3000,*
3285,>=3000,>=3000,>=3000,>=3000,>=3000,>=3000,*
3286,>=3000,>=3000,>=3000,>=3000,>=3000,>=3000,*
3287,>=3000,>=3000,>=3000,>=3000,>=3000,>=3000,*
3288,>=3000,>=3000,>=3000,>=3000,>=3000,>=3000,*
3289,>=3000,>=3000,>=3000,>=3000,>=3000,>=3000,*
3290,>=3000,>=3000,>=3000,>=3000,>=3000,>=3000,*
3291,>=3000,>=3000,>=3000,>=3000,>=3000,>=3000,*
3292,>=3000,>=3000,>=3000,>=3000,>=3000,>=3000,*
3293,>=3000,>=3000,>=3000,>=3000,>=3000,>=3000,*
3294,>=3000,>=3000,>=3000,>=3000,>=3000,>=3000,*
3295,>=3000,>=3000,>=3000,>=3000,>=3000,>=3000,*
3296,>=3000,>=3000,>=3000,>=3000,>=3000,>=3000,*
3297,>=3000,>=3000,>=3000,>=3000,>=3000,>=3000,*
3298,>=3000,>=3000,>=3000,>=3000,>=3000,>=3000,*
3299,>=3000,>=3000,>=3000,>=3000,>=3000,>=3000,*
3300,>=3000,>=3000,>=3000,>=3000,>=3000,>=3000,*
3301,>=3000,>=3000,>=3000,>=3000,>=3000,>=3000,*
3302,>=3000,>=3000,>=3000,>=3000,>=3000,>=3000,*
3303,>=3000,>=3000,>=3000,>=3000,>=3000,>=3000,*
3304,>=3000,>=3000,>=3000,>=3000,>=3000,>=3000,*
3305,>=3000,>=3000,>=3000,>=3000,>=3000,>=3000,*
3306,>=3000,>=3000,>=3000,>=3000,>=3000,>=3000,*
3307,>=3000,>=3000,>=3000,>=3000,>=3000,>=3000,*
3308,>=3000,>=3000,>=3000,>=3000,>=3000,>=3000,*
3309,>=3000,>=3000,>=3000,>=3000,>=3000,>=3000,*
3310,>=3000,>=3000,>=3000,>=3000,>=3000,>=3000,*
3311,>=3000,>=3000,>=3000,>=3000,>=3000,>=3000,*
3312,>=3000,>=3000,>=3000,>=3000,>=3000,>=3000,*
3313,>=3000,>=3000,>=3000,>=3000,>=3000,>=3000,*
3314,>=3000,>=3000,>=3000,>=3000,>=3000,>=3000,*
3315,>=3000,>=3000,>=3000,>=3000,>=3000,>=3000,*
3316,>=3000,>=3000,>=3000,>=3000,>=3000,>=3000,*
3317,>=3000,>=3000,>=3000,>=3000,>=3000,>=3000,*
3318,>=3000,>=3000,>=3000,>=3000,>=3000,>=3000,*
3319,>=3000,>=3000,>=3000,>=3000,>=3000,>=3000,*
3320,>=3000,>=3000,>=3000,>=3000,>=3000,>=3000,*
3321,>=3000,>=3000,>=3000,>=3000,>=3000,>=3000,*
3322,>=3000,>=3000,>=3000,>=3000,>=3000,>=3000,*
3323,>=3000,>=3000,>=3000,>=3000,>=3000,>=3000,*
3324,>=3000,>=3000,>=3000,>=3000,>=3000,>=3000,*
3325,>=3000,>=3000,>=3000,>=3000,>=3000,>=3000,*
3326,>=3000,>=3000,>=3000,>=3000,>=3000,>=3000,*
3327,>=3000,>=3000,>=3000,>=3000,>=3000,>=3000,*
3328,>=3000,>=3000,>=3000,>=3000,>=3000,>=3000,*
3329,>=3000,>=3000,>=3000,>=3000,>=3000,>=3000,*
3330,>=3000,>=3000,>=3000,>=3000,>=3000,>=3000,*
3331,>=3000,>=3000,>=3000,>=3000,>=3000,>=3000,*
3332,>=3000,>=3000,>=3000,>=3000,>=3000,>=3000,*
3333,>=3000,>=3000,>=3000,>=3000,>=3000,>=3000,*
3334,>=3000,>=3000,>=3000,>=3000,>=3000,>=3000,*
3335,>=3000,>=3000,>=3000,>=3000,>=3000,>=3000,*
3336,>=3000,>=3000,>=3000,>=3000,>=3000,>=3000,*
3337,>=3000,>=3000,>=3000,>=3000,>=3000,>=3000,*
3338,>=3000,>=3000,>=3000,>=3000,>=3000,>=3000,*
3339,>=3000,>=3000,>=3000,>=3000,>=3000,>=3000,*
3340,>=3000,>=3000,>=3000,>=3000,>=3000,>=3000,*
3341,>=3000,>=3000,>=3000,>=3000,>=3000,>=3000,*
3342,>=3000,>=3000,>=3000,>=3000,>=3000,>=3000,*
3343,>=3000,>=3000,>=3000,>=3000,>=3000,>=3000,*
3344,>=3000,>=3000,>=3000,>=3000,>=3000,>=3000,*
3345,>=3000,>=3000,>=3000,>=3000,>=3000,>=3000,*
3346,>=3000,>=3000,>=3000,>=3000,>=3000,>=3000,*
3347,>=3000,>=3000,>=3000,>=3000,>=3000,>=3000,*
3348,>=3000,>=3000,>=3000,>=3000,>=3000,>=3000,*
3349,>=3000,>=3000,>=3000,>=3000,>=3000,>=3000,*
3350,>=3000,>=3000,>=3000,>=3000,>=3000,>=3000,*
3351,>=3000,>=3000,>=3000,>=3000,>=3000,>=3000,*
3352,>=3000,>=3000,>=3000,>=3000,>=3000,>=3000,*
3353,>=3000,>=3000,>=3000,>=3000,>=3000,>=3000,*
3354,>=3000,>=3000,>=3000,>=3000,>=3000,>=3000,*
3355,>=3000,>=3000,>=3000,>=3000,>=3000,>=3000,*
3356,>=3000,>=3000,>=3000,>=3000,>=3000,>=3000,*
3357,>=3000,>=3000,>=3000,>=3000,>=3000,>=3000,*
3358,>=3000,>=3000,>=3000,>=3000,>=3000,>=3000,*
3359,>=3000,>=3000,>=3000,>=3000,>=3000,>=3000,*
3360,>=3000,>=3000,>=3000,>=3000,>=3000,>=3000,*
3361,>=3000,>=3000,>=3000,>=3000,>=3000,>=3000,*
3362,>=3000,>=3000,>=3000,>=3000,>=3000,>=3000,*
3363,>=3000,>=3000,>=3000,>=3000,>=3000,>=3000,*
3364,>=3000,>=3000,>=3000,>=3000,>=3000,>=3000,*
3365,>=3000,>=3000,>=3000,>=3000,>=3000,>=3000,*
3366,>=3000,>=3000,>=3000,>=3000,>=3000,>=3000,*
3367,>=3000,>=3000,>=3000,>=3000,>=3000,>=3000,*
3368,>=3000,>=3000,>=3000,>=3000,>=3000,>=3000,*
3369,>=3000,>=3000,>=3000,>=3000,>=3000,>=3000,*
3370,>=3000,>=3000,>=3000,>=3000,>=3000,>=3000,*
3371,>=3000,>=3000,>=3000,>=3000,>=3000,>=3000,*
3372,>=3000,>=3000,>=3000,>=3000,>=3000,>=3000,*
3373,>=3000,>=3000,>=3000,>=3000,>=3000,>=3000,*
3374,>=3000,>=3000,>=3000,>=3000,>=3000,>=3000,*
3375,>=3000,>=3000,>=3000,>=3000,>=3000,>=3000,*
3376,>=3000,>=3000,>=3000,>=3000,>=3000,>=3000,*
3377,>=3000,>=3000,>=3000,>=3000,>=3000,>=3000,*
3378,>=3000,>=3000,>=3000,>=3000,>=3000,>=3000,*
3379,>=3000,>=3000,>=3000,>=3000,>=3000,>=3000,*
3380,>=3000,>=3000,>=3000,>=3000,>=3000,>=3000,*
3381,>=3000,>=3000,>=3000,>=3000,>=3000,>=3000,*
3382,>=3000,>=3000,>=3000,>=3000,>=3000,>=3000,*
3383,>=3000,>=3000,>=3000,>=3000,>=3000,>=3000,*
3384,>=3000,>=3000,>=3000,>=3000,>=3000,>=3000,*
3385,>=3000,>=3000,>=3000,>=3000,>=3000,>=3000,*
3386,>=3000,>=3000,>=3000,>=3000,>=3000,>=3000,*
3387,>=3000,>=3000,>=3000,>=3000,>=3000,>=3000,*
3388,>=3000,>=3000,>=3000,>=3000,>=3000,>=3000,*
3389,>=3000,>=3000,>=3000,>=3000,>=3000,>=3000,*
3390,>=3000,>=3000,>=3000,>=3000,>=3000,>=3000,*
3391,>=3000,>=3000,>=3000,>=3000,>=3000,>=3000,*
3392,>=3000,>=3000,>=3000,>=3000,>=3000,>=3000,*
3393,>=3000,>=3000,>=3000,>=3000,>=3000,>=3000,*
3394,>=3000,>=3000,>=3000,>=3000,>=3000,>=3000,*
3395,>=3000,>=3000,>=3000,>=3000,>=3000,>=3000,*
3396,>=3000,>=3000,>=3000,>=3000,>=3000,>=3000,*
3397,>=3000,>=3000,>=3000,>=3000,>=3000,>=3000,*
3398,>=3000,>=3000,>=3000,>=3000,>=3000,>=3000,*
3399,>=3000,>=3000,>=3000,>=3000,>=3000,>=3000,*
3400,>=3000,>=3000,>=3000,>=3000,>=3000,>=3000,*
3401,>=3000,>=3000,>=3000,>=3000,>=3000,>=3000,*
3402,>=3000,>=3000,>=3000,>=3000,>=3000,>=3000,*
3403,>=3000,>=3000,>=3000,>=3000,>=3000,>=3000,*
3404,>=3000,>=3000,>=3000,>=3000,>=3000,>=3000,*
3405,>=3000,>=3000,>=3000,>=3000,>=3000,>=3000,*
3406,>=3000,>=3000,>=3000,>=3000,>=3000,>=3000,*
3407,>=3000,>=3000,>=3000,>=3000,>=3000,>=3000,*
3408,>=3000,>=3000,>=3000,>=3000,>=3000,>=3000,*
3409,>=3000,>=3000,>=3000,>=3000,>=3000,>=3000,*
3410,>=3000,>=3000,>=3000,>=3000,>=3000,>=3000,*
3411,>=3000,>=3000,>=3000,>=3000,>=3000,>=3000,*
3412,>=3000,>=3000,>=3000,>=3000,>=3000,>=3000,*
3413,>=3000,>=3000,>=3000,>=3000,>=3000,>=3000,*
3414,>=3000,>=3000,>=3000,>=3000,>=3000,>=3000,*
3415,>=3000,>=3000,>=3000,>=3000,>=3000,>=3000,*
3416,>=3000,>=3000,>=3000,>=3000,>=3000,>=3000,*
3417,>=3000,>=3000,>=3000,>=3000,>=3000,>=3000,*
3418,>=3000,>=3000,>=3000,>=3000,>=3000,>=3000,*
3419,>=3000,>=3000,>=3000,>=3000,>=3000,>=3000,*
3420,>=3000,>=3000,>=3000,>=3000,>=3000,>=3000,*
3421,>=3000,>=3000,>=3000,>=3000,>=3000,>=3000,*
3422,>=3000,>=3000,>=3000,>=3000,>=3000,>=3000,*
3423,>=3000,>=3000,>=3000,>=3000,>=3000,>=3000,*
3424,>=3000,>=3000,>=3000,>=3000,>=3000,>=3000,*
3425,>=3000,>=3000,>=3000,>=3000,>=3000,>=3000,*
3426,>=3000,>=3000,>=3000,>=3000,>=3000,>=3000,*
3427,>=3000,>=3000,>=3000,>=3000,>=3000,>=3000,*
3428,>=3000,>=3000,>=3000,>=3000,>=3000,>=3000,*
3429,>=3000,>=3000,>=3000,>=3000,>=3000,>=3000,*
3430,>=3000,>=3000,>=3000,>=3000,>=3000,>=3000,*
3431,>=3000,>=3000,>=3000,>=3000,>=3000,>=3000,*
3432,>=3000,>=3000,>=3000,>=3000,>=3000,>=3000,*
3433,>=3000,>=3000,>=3000,>=3000,>=3000,>=3000,*
3434,>=3000,>=3000,>=3000,>=3000,>=3000,>=3000,*
3435,>=3000,>=3000,>=3000,>=3000,>=3000,>=3000,*
3436,>=3000,>=3000,>=3000,>=3000,>=3000,>=3000,*
3437,>=3000,>=3000,>=3000,>=3000,>=3000,>=3000,*
3438,>=3000,>=3000,>=3000,>=3000,>=3000,>=3000,*
3439,>=3000,>=3000,>=3000,>=3000,>=3000,>=3000,*
3440,>=3000,>=3000,>=3000,>=3000,>=3000,>=3000,*
3441,>=3000,>=3000,>=3000,>=3000,>=3000,>=3000,*
3442,>=3000,>=3000,>=3000,>=3000,>=3000,>=3000,*
3443,>=3000,>=3000,>=3000,>=3000,>=3000,>=3000,*
3444,>=3000,>=3000,>=3000,>=3000,>=3000,>=3000,*
3445,>=3000,>=3000,>=3000,>=3000,>=3000,>=3000,*
3446,>=3000,>=3000,>=3000,>=3000,>=3000,>=3000,*
3447,>=3000,>=3000,>=3000,>=3000,>=3000,>=3000,*
3448,>=3000,>=3000,>=3000,>=3000,>=3000,>=3000,*
3449,>=3000,>=3000,>=3000,>=3000,>=3000,>=3000,*
3450,>=3000,>=3000,>=3000,>=3000,>=3000,>=3000,*
3451,>=3000,>=3000,>=3000,>=3000,>=3000,>=3000,*
3452,>=3000,>=3000,>=3000,>=3000,>=3000,>=3000,*
3453,>=3000,>=3000,>=3000,>=3000,>=3000,>=3000,*
3454,>=3000,>=3000,>=3000,>=3000,>=3000,>=3000,*
3455,>=3000,>=3000,>=3000,>=3000,>=3000,>=3000,*
3456,>=3000,>=3000,>=3000,>=3000,>=3000,>=3000,*
3457,>=3000,>=3000,>=3000,>=3000,>=3000,>=3000,*
3458,>=3000,>=3000,>=3000,>=3000,>=3000,>=3000,*
3459,>=3000,>=3000,>=3000,>=3000,>=3000,>=3000,*
3460,>=3000,>=3000,>=3000,>=3000,>=3000,>=3000,*
3461,>=3000,>=3000,>=3000,>=3000,>=3000,>=3000,*
3462,>=3000,>=3000,>=3000,>=3000,>=3000,>=3000,*
3463,>=3000,>=3000,>=3000,>=3000,>=3000,>=3000,*
3464,>=3000,>=3000,>=3000,>=3000,>=3000,>=3000,*
3465,>=3000,>=3000,>=3000,>=3000,>=3000,>=3000,*
3466,>=3000,>=3000,>=3000,>=3000,>=3000,>=3000,*
3467,>=3000,>=3000,>=3000,>=3000,>=3000,>=3000,*
3468,>=3000,>=3000,>=3000,>=3000,>=3000,>=3000,*
3469,>=3000,>=3000,>=3000,>=3000,>=3000,>=3000,*
3470,>=3000,>=3000,>=3000,>=3000,>=3000,>=3000,*
3471,>=3000,>=3000,>=3000,>=3000,>=3000,>=3000,*
3472,>=3000,>=3000,>=3000,>=3000,>=3000,>=3000,*
3473,>=3000,>=3000,>=3000,>=3000,>=3000,>=3000,*
3474,>=3000,>=3000,>=3000,>=3000,>=3000,>=3000,*
3475,>=3000,>=3000,>=3000,>=3000,>=3000,>=3000,*
3476,>=3000,>=3000,>=3000,>=3000,>=3000,>=3000,*
3477,>=3000,>=3000,>=3000,>=3000,>=3000,>=3000,*
3478,>=3000,>=3000,>=3000,>=3000,>=3000,>=3000,*
3479,>=3000,>=3000,>=3000,>=3000,>=3000,>=3000,*
3480,>=3000,>=3000,>=3000,>=3000,>=3000,>=3000,*
3481,>=3000,>=3000,>=3000,>=3000,>=3000,>=3000,*
3482,>=3000,>=3000,>=3000,>=3000,>=3000,>=3000,*
3483,>=3000,>=3000,>=3000,>=3000,>=3000,>=3000,*
3484,>=3000,>=3000,>=3000,>=3000,>=3000,>=3000,*
3485,>=3000,>=3000,>=3000,>=3000,>=3000,>=3000,*
3486,>=3000,>=3000,>=3000,>=3000,>=3000,>=3000,*
3487,>=3000,>=3000,>=3000,>=3000,>=3000,>=3000,*
3488,>=3000,>=3000,>=3000,>=3000,>=3000,>=3000,*
3489,>=3000,>=3000,>=3000,>=3000,>=3000,>=3000,*
3490,>=3000,>=3000,>=3000,>=3000,>=3000,>=3000,*
3491,>=3000,>=3000,>=3000,>=3000,>=3000,>=3000,*
3492,>=3000,>=3000,>=3000,>=3000,>=3000,>=3000,*
3493,>=3000,>=3000,>=3000,>=3000,>=3000,>=3000,*
3494,>=3000,>=3000,>=3000,>=3000,>=3000,>=3000,*
3495,>=3000,>=3000,>=3000,>=3000,>=3000,>=3000,*
3496,>=3000,>=3000,>=3000,>=3000,>=3000,>=3000,*
3497,>=3000,>=3000,>=3000,>=3000,>=3000,>=3000,*
3498,>=3000,>=3000,>=3000,>=3000,>=3000,>=3000,*
3499,>=3000,>=3000,>=3000,>=3000,>=3000,>=3000,*
3500,>=3000,>=3000,>=3000,>=3000,>=3000,>=3000,*
3501,>=3000,>=3000,>=3000,>=3000,>=3000,>=3000,*
3502,>=3000,>=3000,>=3000,>=3000,>=3000,>=3000,*
3503,>=3000,>=3000,>=3000,>=3000,>=3000,>=3000,*
3504,>=3000,>=3000,>=3000,>=3000,>=3000,>=3000,*
3505,>=3000,>=3000,>=3000,>=3000,>=3000,>=3000,*
3506,>=3000,>=3000,>=3000,>=3000,>=3000,>=3000,*
3507,>=3000,>=3000,>=3000,>=3000,>=3000,>=3000,*
3508,>=3000,>=3000,>=3000,>=3000,>=3000,>=3000,*
3509,>=3000,>=3000,>=3000,>=3000,>=3000,>=3000,*
3510,>=3000,>=3000,>=3000,>=3000,>=3000,>=3000,*
3511,>=3000,>=3000,>=3000,>=3000,>=3000,>=3000,*
3512,>=3000,>=3000,>=3000,>=3000,>=3000,>=3000,*
3513,>=3000,>=3000,>=3000,>=3000,>=3000,>=3000,*
3514,>=3000,>=3000,>=3000,>=3000,>=3000,>=3000,*
3515,>=3000,>=3000,>=3000,>=3000,>=3000,>=3000,*
3516,>=3000,>=3000,>=3000,>=3000,>=3000,>=3000,*
3517,>=3000,>=3000,>=3000,>=3000,>=3000,>=3000,*
3518,>=3000,>=3000,>=3000,>=3000,>=3000,>=3000,*
3519,>=3000,>=3000,>=3000,>=3000,>=3000,>=3000,*
3520,>=3000,>=3000,>=3000,>=3000,>=3000,>=3000,*
3521,>=3000,>=3000,>=3000,>=3000,>=3000,>=3000,*
3522,>=3000,>=3000,>=3000,>=3000,>=3000,>=3000,*
3523,>=3000,>=3000,>=3000,>=3000,>=3000,>=3000,*
3524,>=3000,>=3000,>=3000,>=3000,>=3000,>=3000,*
3525,>=3000,>=3000,>=3000,>=3000,>=3000,>=3000,*
3526,>=3000,>=3000,>=3000,>=3000,>=3000,>=3000,*
3527,>=3000,>=3000,>=3000,>=3000,>=3000,>=3000,*
3528,>=3000,>=3000,>=3000,>=3000,>=3000,>=3000,*
3529,>=3000,>=3000,>=3000,>=3000,>=3000,>=3000,*
3530,>=3000,>=3000,>=3000,>=3000,>=3000,>=3000,*
3531,>=3000,>=3000,>=3000,>=3000,>=3000,>=3000,*
3532,>=3000,>=3000,>=3000,>=3000,>=3000,>=3000,*
3533,>=3000,>=3000,>=3000,>=3000,>=3000,>=3000,*
3534,>=3000,>=3000,>=3000,>=3000,>=3000,>=3000,*
3535,>=3000,>=3000,>=3000,>=3000,>=3000,>=3000,*
3536,>=3000,>=3000,>=3000,>=3000,>=3000,>=3000,*
3537,>=3000,>=3000,>=3000,>=3000,>=3000,>=3000,*
3538,>=3000,>=3000,>=3000,>=3000,>=3000,>=3000,*
3539,>=3000,>=3000,>=3000,>=3000,>=3000,>=3000,*
3540,>=3000,>=3000,>=3000,>=3000,>=3000,>=3000,*
3541,>=3000,>=3000,>=3000,>=3000,>=3000,>=3000,*
3542,>=3000,>=3000,>=3000,>=3000,>=3000,>=3000,*
3543,>=3000,>=3000,>=3000,>=3000,>=3000,>=3000,*
3544,>=3000,>=3000,>=3000,>=3000,>=3000,>=3000,*
3545,>=3000,>=3000,>=3000,>=3000,>=3000,>=3000,*
3546,>=3000,>=3000,>=3000,>=3000,>=3000,>=3000,*
3547,>=3000,>=3000,>=3000,>=3000,>=3000,>=3000,*
3548,>=3000,>=3000,>=3000,>=3000,>=3000,>=3000,*
3549,>=3000,>=3000,>=3000,>=3000,>=3000,>=3000,*
3550,>=3000,>=3000,>=3000,>=3000,>=3000,>=3000,*
3551,>=3000,>=3000,>=3000,>=3000,>=3000,>=3000,*
3552,>=3000,>=3000,>=3000,>=3000,>=3000,>=3000,*
3553,>=3000,>=3000,>=3000,>=3000,>=3000,>=3000,*
3554,>=3000,>=3000,>=3000,>=3000,>=3000,>=3000,*
3555,>=3000,>=3000,>=3000,>=3000,>=3000,>=3000,*
3556,>=3000,>=3000,>=3000,>=3000,>=3000,>=3000,*
3557,>=3000,>=3000,>=3000,>=3000,>=3000,>=3000,*
3558,>=3000,>=3000,>=3000,>=3000,>=3000,>=3000,*
3559,>=3000,>=3000,>=3000,>=3000,>=3000,>=3000,*
3560,>=3000,>=3000,>=3000,>=3000,>=3000,>=3000,*
3561,>=3000,>=3000,>=3000,>=3000,>=3000,>=3000,*
3562,>=3000,>=3000,>=3000,>=3000,>=3000,>=3000,*
3563,>=3000,>=3000,>=3000,>=3000,>=3000,>=3000,*
3564,>=3000,>=3000,>=3000,>=3000,>=3000,>=3000,*
3565,>=3000,>=3000,>=3000,>=3000,>=3000,>=3000,*
3566,>=3000,>=3000,>=3000,>=3000,>=3000,>=3000,*
3567,>=3000,>=3000,>=3000,>=3000,>=3000,>=3000,*
3568,>=3000,>=3000,>=3000,>=3000,>=3000,>=3000,*
3569,>=3000,>=3000,>=3000,>=3000,>=3000,>=3000,*
3570,>=3000,>=3000,>=3000,>=3000,>=3000,>=3000,*
3571,>=3000,>=3000,>=3000,>=3000,>=3000,>=3000,*
3572,>=3000,>=3000,>=3000,>=3000,>=3000,>=3000,*
3573,>=3000,>=3000,>=3000,>=3000,>=3000,>=3000,*
3574,>=3000,>=3000,>=3000,>=3000,>=3000,>=3000,*
3575,>=3000,>=3000,>=3000,>=3000,>=3000,>=3000,*
3576,>=3000,>=3000,>=3000,>=3000,>=3000,>=3000,*
3577,>=3000,>=3000,>=3000,>=3000,>=3000,>=3000,*
3578,>=3000,>=3000,>=3000,>=3000,>=3000,>=3000,*
3579,>=3000,>=3000,>=3000,>=3000,>=3000,>=3000,*
3580,>=3000,>=3000,>=3000,>=3000,>=3000,>=3000,*
3581,>=3000,>=3000,>=3000,>=3000,>=3000,>=3000,*
3582,>=3000,>=3000,>=3000,>=3000,>=3000,>=3000,*
3583,>=3000,>=3000,>=3000,>=3000,>=3000,>=3000,*
3584,>=3000,>=3000,>=3000,>=3000,>=3000,>=3000,*
3585,>=3000,>=3000,>=3000,>=3000,>=3000,>=3000,*
3586,>=3000,>=3000,>=3000,>=3000,>=3000,>=3000,*
3587,>=3000,>=3000,>=3000,>=3000,>=3000,>=3000,*
3588,>=3000,>=3000,>=3000,>=3000,>=3000,>=3000,*
3589,>=3000,>=3000,>=3000,>=3000,>=3000,>=3000,*
3590,>=3000,>=3000,>=3000,>=3000,>=3000,>=3000,*
3591,>=3000,>=3000,>=3000,>=3000,>=3000,>=3000,*
3592,>=3000,>=3000,>=3000,>=3000,>=3000,>=3000,*
3593,>=3000,>=3000,>=3000,>=3000,>=3000,>=3000,*
3594,>=3000,>=3000,>=3000,>=3000,>=3000,>=3000,*
3595,>=3000,>=3000,>=3000,>=3000,>=3000,>=3000,*
3596,>=3000,>=3000,>=3000,>=3000,>=3000,>=3000,*
3597,>=3000,>=3000,>=3000,>=3000,>=3000,>=3000,*
3598,>=3000,>=3000,>=3000,>=3000,>=3000,>=3000,*
3599,>=3000,>=3000,>=3000,>=3000,>=3000,>=3000,*
3600,>=3000,>=3000,>=3000,>=3000,>=3000,>=3000,*
3601,>=3000,>=3000,>=3000,>=3000,>=3000,>=3000,*
3602,>=3000,>=3000,>=3000,>=3000,>=3000,>=3000,*
3603,>=3000,>=3000,>=3000,>=3000,>=3000,>=3000,*
3604,>=3000,>=3000,>=3000,>=3000,>=3000,>=3000,*
3605,>=3000,>=3000,>=3000,>=3000,>=3000,>=3000,*
3606,>=3000,>=3000,>=3000,>=3000,>=3000,>=3000,*
3607,>=3000,>=3000,>=3000,>=3000,>=3000,>=3000,*
3608,>=3000,>=3000,>=3000,>=3000,>=3000,>=3000,*
3609,>=3000,>=3000,>=3000,>=3000,>=3000,>=3000,*
3610,>=3000,>=3000,>=3000,>=3000,>=3000,>=3000,*
3611,>=3000,>=3000,>=3000,>=3000,>=3000,>=3000,*
3612,>=3000,>=3000,>=3000,>=3000,>=3000,>=3000,*
3613,>=3000,>=3000,>=3000,>=3000,>=3000,>=3000,*
3614,>=3000,>=3000,>=3000,>=3000,>=3000,>=3000,*
3615,>=3000,>=3000,>=3000,>=3000,>=3000,>=3000,*
3616,>=3000,>=3000,>=3000,>=3000,>=3000,>=3000,*
3617,>=3000,>=3000,>=3000,>=3000,>=3000,>=3000,*
3618,>=3000,>=3000,>=3000,>=3000,>=3000,>=3000,*
3619,>=3000,>=3000,>=3000,>=3000,>=3000,>=3000,*
3620,>=3000,>=3000,>=3000,>=3000,>=3000,>=3000,*
3621,>=3000,>=3000,>=3000,>=3000,>=3000,>=3000,*
3622,>=3000,>=3000,>=3000,>=3000,>=3000,>=3000,*
3623,>=3000,>=3000,>=3000,>=3000,>=3000,>=3000,*
3624,>=3000,>=3000,>=3000,>=3000,>=3000,>=3000,*
3625,>=3000,>=3000,>=3000,>=3000,>=3000,>=3000,*
3626,>=3000,>=3000,>=3000,>=3000,>=3000,>=3000,*
3627,>=3000,>=3000,>=3000,>=3000,>=3000,>=3000,*
3628,>=3000,>=3000,>=3000,>=3000,>=3000,>=3000,*
3629,>=3000,>=3000,>=3000,>=3000,>=3000,>=3000,*
3630,>=3000,>=3000,>=3000,>=3000,>=3000,>=3000,*
3631,>=3000,>=3000,>=3000,>=3000,>=3000,>=3000,*
3632,>=3000,>=3000,>=3000,>=3000,>=3000,>=3000,*
3633,>=3000,>=3000,>=3000,>=3000,>=3000,>=3000,*
3634,>=3000,>=3000,>=3000,>=3000,>=3000,>=3000,*
3635,>=3000,>=3000,>=3000,>=3000,>=3000,>=3000,*
3636,>=3000,>=3000,>=3000,>=3000,>=3000,>=3000,*
3637,>=3000,>=3000,>=3000,>=3000,>=3000,>=3000,*
3638,>=3000,>=3000,>=3000,>=3000,>=3000,>=3000,*
3639,>=3000,>=3000,>=3000,>=3000,>=3000,>=3000,*
3640,>=3000,>=3000,>=3000,>=3000,>=3000,>=3000,*
3641,>=3000,>=3000,>=3000,>=3000,>=3000,>=3000,*
3642,>=3000,>=3000,>=3000,>=3000,>=3000,>=3000,*
3643,>=3000,>=3000,>=3000,>=3000,>=3000,>=3000,*
3644,>=3000,>=3000,>=3000,>=3000,>=3000,>=3000,*
3645,>=3000,>=3000,>=3000,>=3000,>=3000,>=3000,*
3646,>=3000,>=3000,>=3000,>=3000,>=3000,>=3000,*
3647,>=3000,>=3000,>=3000,>=3000,>=3000,>=3000,*
3648,>=3000,>=3000,>=3000,>=3000,>=3000,>=3000,*
3649,>=3000,>=3000,>=3000,>=3000,>=3000,>=3000,*
3650,>=3000,>=3000,>=3000,>=3000,>=3000,>=3000,*
3651,>=3000,>=3000,>=3000,>=3000,>=3000,>=3000,*
3652,>=3000,>=3000,>=3000,>=3000,>=3000,>=3000,*
3653,>=3000,>=3000,>=3000,>=3000,>=3000,>=3000,*
3654,>=3000,>=3000,>=3000,>=3000,>=3000,>=3000,*
3655,>=3000,>=3000,>=3000,>=3000,>=3000,>=3000,*
3656,>=3000,>=3000,>=3000,>=3000,>=3000,>=3000,*
3657,>=3000,>=3000,>=3000,>=3000,>=3000,>=3000,*
3658,>=3000,>=3000,>=3000,>=3000,>=3000,>=3000,*
3659,>=3000,>=3000,>=3000,>=3000,>=3000,>=3000,*
3660,>=3000,>=3000,>=3000,>=3000,>=3000,>=3000,*
3661,>=3000,>=3000,>=3000,>=3000,>=3000,>=3000,*
3662,>=3000,>=3000,>=3000,>=3000,>=3000,>=3000,*
3663,>=3000,>=3000,>=3000,>=3000,>=3000,>=3000,*
3664,>=3000,>=3000,>=3000,>=3000,>=3000,>=3000,*
3665,>=3000,>=3000,>=3000,>=3000,>=3000,>=3000,*
3666,>=3000,>=3000,>=3000,>=3000,>=3000,>=3000,*
3667,>=3000,>=3000,>=3000,>=3000,>=3000,>=3000,*
3668,>=3000,>=3000,>=3000,>=3000,>=3000,>=3000,*
3669,>=3000,>=3000,>=3000,>=3000,>=3000,>=3000,*
3670,>=3000,>=3000,>=3000,>=3000,>=3000,>=3000,*
3671,>=3000,>=3000,>=3000,>=3000,>=3000,>=3000,*
3672,>=3000,>=3000,>=3000,>=3000,>=3000,>=3000,*
3673,>=3000,>=3000,>=3000,>=3000,>=3000,>=3000,*
3674,>=3000,>=3000,>=3000,>=3000,>=3000,>=3000,*
3675,>=3000,>=3000,>=3000,>=3000,>=3000,>=3000,*
3676,>=3000,>=3000,>=3000,>=3000,>=3000,>=3000,*
3677,>=3000,>=3000,>=3000,>=3000,>=3000,>=3000,*
3678,>=3000,>=3000,>=3000,>=3000,>=3000,>=3000,*
3679,>=3000,>=3000,>=3000,>=3000,>=3000,>=3000,*
3680,>=3000,>=3000,>=3000,>=3000,>=3000,>=3000,*
3681,>=3000,>=3000,>=3000,>=3000,>=3000,>=3000,*
3682,>=3000,>=3000,>=3000,>=3000,>=3000,>=3000,*
3683,>=3000,>=3000,>=3000,>=3000,>=3000,>=3000,*
3684,>=3000,>=3000,>=3000,>=3000,>=3000,>=3000,*
3685,>=3000,>=3000,>=3000,>=3000,>=3000,>=3000,*
3686,>=3000,>=3000,>=3000,>=3000,>=3000,>=3000,*
3687,>=3000,>=3000,>=3000,>=3000,>=3000,>=3000,*
3688,>=3000,>=3000,>=3000,>=3000,>=3000,>=3000,*
3689,>=3000,>=3000,>=3000,>=3000,>=3000,>=3000,*
3690,>=3000,>=3000,>=3000,>=3000,>=3000,>=3000,*
3691,>=3000,>=3000,>=3000,>=3000,>=3000,>=3000,*
3692,>=3000,>=3000,>=3000,>=3000,>=3000,>=3000,*
3693,>=3000,>=3000,>=3000,>=3000,>=3000,>=3000,*
3694,>=3000,>=3000,>=3000,>=3000,>=3000,>=3000,*
3695,>=3000,>=3000,>=3000,>=3000,>=3000,>=3000,*
3696,>=3000,>=3000,>=3000,>=3000,>=3000,>=3000,*
3697,>=3000,>=3000,>=3000,>=3000,>=3000,>=3000,*
3698,>=3000,>=3000,>=3000,>=3000,>=3000,>=3000,*
3699,>=3000,>=3000,>=3000,>=3000,>=3000,>=3000,*
3700,>=3000,>=3000,>=3000,>=3000,>=3000,>=3000,*
3701,>=3000,>=3000,>=3000,>=3000,>=3000,>=3000,*
3702,>=3000,>=3000,>=3000,>=3000,>=3000,>=3000,*
3703,>=3000,>=3000,>=3000,>=3000,>=3000,>=3000,*
3704,>=3000,>=3000,>=3000,>=3000,>=3000,>=3000,*
3705,>=3000,>=3000,>=3000,>=3000,>=3000,>=3000,*
3706,>=3000,>=3000,>=3000,>=3000,>=3000,>=3000,*
3707,>=3000,>=3000,>=3000,>=3000,>=3000,>=3000,*
3708,>=3000,>=3000,>=3000,>=3000,>=3000,>=3000,*
3709,>=3000,>=3000,>=3000,>=3000,>=3000,>=3000,*
3710,>=3000,>=3000,>=3000,>=3000,>=3000,>=3000,*
3711,>=3000,>=3000,>=3000,>=3000,>=3000,>=3000,*
3712,>=3000,>=3000,>=3000,>=3000,>=3000,>=3000,*
3713,>=3000,>=3000,>=3000,>=3000,>=3000,>=3000,*
3714,>=3000,>=3000,>=3000,>=3000,>=3000,>=3000,*
3715,>=3000,>=3000,>=3000,>=3000,>=3000,>=3000,*
3716,>=3000,>=3000,>=3000,>=3000,>=3000,>=3000,*
3717,>=3000,>=3000,>=3000,>=3000,>=3000,>=3000,*
3718,>=3000,>=3000,>=3000,>=3000,>=3000,>=3000,*
3719,>=3000,>=3000,>=3000,>=3000,>=3000,>=3000,*
3720,>=3000,>=3000,>=3000,>=3000,>=3000,>=3000,*
3721,>=3000,>=3000,>=3000,>=3000,>=3000,>=3000,*
3722,>=3000,>=3000,>=3000,>=3000,>=3000,>=3000,*
3723,>=3000,>=3000,>=3000,>=3000,>=3000,>=3000,*
3724,>=3000,>=3000,>=3000,>=3000,>=3000,>=3000,*
3725,>=3000,>=3000,>=3000,>=3000,>=3000,>=3000,*
3726,>=3000,>=3000,>=3000,>=3000,>=3000,>=3000,*
3727,>=3000,>=3000,>=3000,>=3000,>=3000,>=3000,*
3728,>=3000,>=3000,>=3000,>=3000,>=3000,>=3000,*
3729,>=3000,>=3000,>=3000,>=3000,>=3000,>=3000,*
3730,>=3000,>=3000,>=3000,>=3000,>=3000,>=3000,*
3731,>=3000,>=3000,>=3000,>=3000,>=3000,>=3000,*
3732,>=3000,>=3000,>=3000,>=3000,>=3000,>=3000,*
3733,>=3000,>=3000,>=3000,>=3000,>=3000,>=3000,*
3734,>=3000,>=3000,>=3000,>=3000,>=3000,>=3000,*
3735,>=3000,>=3000,>=3000,>=3000,>=3000,>=3000,*
3736,>=3000,>=3000,>=3000,>=3000,>=3000,>=3000,*
3737,>=3000,>=3000,>=3000,>=3000,>=3000,>=3000,*
3738,>=3000,>=3000,>=3000,>=3000,>=3000,>=3000,*
3739,>=3000,>=3000,>=3000,>=3000,>=3000,>=3000,*
3740,>=3000,>=3000,>=3000,>=3000,>=3000,>=3000,*
3741,>=3000,>=3000,>=3000,>=3000,>=3000,>=3000,*
3742,>=3000,>=3000,>=3000,>=3000,>=3000,>=3000,*
3743,>=3000,>=3000,>=3000,>=3000,>=3000,>=3000,*
3744,>=3000,>=3000,>=3000,>=3000,>=3000,>=3000,*
3745,>=3000,>=3000,>=3000,>=3000,>=3000,>=3000,*
3746,>=3000,>=3000,>=3000,>=3000,>=3000,>=3000,*
3747,>=3000,>=3000,>=3000,>=3000,>=3000,>=3000,*
3748,>=3000,>=3000,>=3000,>=3000,>=3000,>=3000,*
3749,>=3000,>=3000,>=3000,>=3000,>=3000,>=3000,*
3750,>=3000,>=3000,>=3000,>=3000,>=3000,>=3000,*
3751,>=3000,>=3000,>=3000,>=3000,>=3000,>=3000,*
3752,>=3000,>=3000,>=3000,>=3000,>=3000,>=3000,*
3753,>=3000,>=3000,>=3000,>=3000,>=3000,>=3000,*
3754,>=3000,>=3000,>=3000,>=3000,>=3000,>=3000,*
3755,>=3000,>=3000,>=3000,>=3000,>=3000,>=3000,*
3756,>=3000,>=3000,>=3000,>=3000,>=3000,>=3000,*
3757,>=3000,>=3000,>=3000,>=3000,>=3000,>=3000,*
3758,>=3000,>=3000,>=3000,>=3000,>=3000,>=3000,*
3759,>=3000,>=3000,>=3000,>=3000,>=3000,>=3000,*
3760,>=3000,>=3000,>=3000,>=3000,>=3000,>=3000,*
3761,>=3000,>=3000,>=3000,>=3000,>=3000,>=3000,*
3762,>=3000,>=3000,>=3000,>=3000,>=3000,>=3000,*
3763,>=3000,>=3000,>=3000,>=3000,>=3000,>=3000,*
3764,>=3000,>=3000,>=3000,>=3000,>=3000,>=3000,*
3765,>=3000,>=3000,>=3000,>=3000,>=3000,>=3000,*
3766,>=3000,>=3000,>=3000,>=3000,>=3000,>=3000,*
3767,>=3000,>=3000,>=3000,>=3000,>=3000,>=3000,*
3768,>=3000,>=3000,>=3000,>=3000,>=3000,>=3000,*
3769,>=3000,>=3000,>=3000,>=3000,>=3000,>=3000,*
3770,>=3000,>=3000,>=3000,>=3000,>=3000,>=3000,*
3771,>=3000,>=3000,>=3000,>=3000,>=3000,>=3000,*
3772,>=3000,>=3000,>=3000,>=3000,>=3000,>=3000,*
3773,>=3000,>=3000,>=3000,>=3000,>=3000,>=3000,*
3774,>=3000,>=3000,>=3000,>=3000,>=3000,>=3000,*
3775,>=3000,>=3000,>=3000,>=3000,>=3000,>=3000,*
3776,>=3000,>=3000,>=3000,>=3000,>=3000,>=3000,*
3777,>=3000,>=3000,>=3000,>=3000,>=3000,>=3000,*
3778,>=3000,>=3000,>=3000,>=3000,>=3000,>=3000,*
3779,>=3000,>=3000,>=3000,>=3000,>=3000,>=3000,*
3780,>=3000,>=3000,>=3000,>=3000,>=3000,>=3000,*
3781,>=3000,>=3000,>=3000,>=3000,>=3000,>=3000,*
3782,>=3000,>=3000,>=3000,>=3000,>=3000,>=3000,*
3783,>=3000,>=3000,>=3000,>=3000,>=3000,>=3000,*
3784,>=3000,>=3000,>=3000,>=3000,>=3000,>=3000,*
3785,>=3000,>=3000,>=3000,>=3000,>=3000,>=3000,*
3786,>=3000,>=3000,>=3000,>=3000,>=3000,>=3000,*
3787,>=3000,>=3000,>=3000,>=3000,>=3000,>=3000,*
3788,>=3000,>=3000,>=3000,>=3000,>=3000,>=3000,*
3789,>=3000,>=3000,>=3000,>=3000,>=3000,>=3000,*
3790,>=3000,>=3000,>=3000,>=3000,>=3000,>=3000,*
3791,>=3000,>=3000,>=3000,>=3000,>=3000,>=3000,*
3792,>=3000,>=3000,>=3000,>=3000,>=3000,>=3000,*
3793,>=3000,>=3000,>=3000,>=3000,>=3000,>=3000,*
3794,>=3000,>=3000,>=3000,>=3000,>=3000,>=3000,*
3795,>=3000,>=3000,>=3000,>=3000,>=3000,>=3000,*
3796,>=3000,>=3000,>=3000,>=3000,>=3000,>=3000,*
3797,>=3000,>=3000,>=3000,>=3000,>=3000,>=3000,*
3798,>=3000,>=3000,>=3000,>=3000,>=3000,>=3000,*
3799,>=3000,>=3000,>=3000,>=3000,>=3000,>=3000,*
3800,>=3000,>=3000,>=3000,>=3000,>=3000,>=3000,*
3801,>=3000,>=3000,>=3000,>=3000,>=3000,>=3000,*
3802,>=3000,>=3000,>=3000,>=3000,>=3000,>=3000,*
3803,>=3000,>=3000,>=3000,>=3000,>=3000,>=3000,*
3804,>=3000,>=3000,>=3000,>=3000,>=3000,>=3000,*
3805,>=3000,>=3000,>=3000,>=3000,>=3000,>=3000,*
3806,>=3000,>=3000,>=3000,>=3000,>=3000,>=3000,*
3807,>=3000,>=3000,>=3000,>=3000,>=3000,>=3000,*
3808,>=3000,>=3000,>=3000,>=3000,>=3000,>=3000,*
3809,>=3000,>=3000,>=3000,>=3000,>=3000,>=3000,*
3810,>=3000,>=3000,>=3000,>=3000,>=3000,>=3000,*
3811,>=3000,>=3000,>=3000,>=3000,>=3000,>=3000,*
3812,>=3000,>=3000,>=3000,>=3000,>=3000,>=3000,*
3813,>=3000,>=3000,>=3000,>=3000,>=3000,>=3000,*
3814,>=3000,>=3000,>=3000,>=3000,>=3000,>=3000,*
3815,>=3000,>=3000,>=3000,>=3000,>=3000,>=3000,*
3816,>=3000,>=3000,>=3000,>=3000,>=3000,>=3000,*
3817,>=3000,>=3000,>=3000,>=3000,>=3000,>=3000,*
3818,>=3000,>=3000,>=3000,>=3000,>=3000,>=3000,*
3819,>=3000,>=3000,>=3000,>=3000,>=3000,>=3000,*
3820,>=3000,>=3000,>=3000,>=3000,>=3000,>=3000,*
3821,>=3000,>=3000,>=3000,>=3000,>=3000,>=3000,*
3822,>=3000,>=3000,>=3000,>=3000,>=3000,>=3000,*
3823,>=3000,>=3000,>=3000,>=3000,>=3000,>=3000,*
3824,>=3000,>=3000,>=3000,>=3000,>=3000,>=3000,*
3825,>=3000,>=3000,>=3000,>=3000,>=3000,>=3000,*
3826,>=3000,>=3000,>=3000,>=3000,>=3000,>=3000,*
3827,>=3000,>=3000,>=3000,>=3000,>=3000,>=3000,*
3828,>=3000,>=3000,>=3000,>=3000,>=3000,>=3000,*
3829,>=3000,>=3000,>=3000,>=3000,>=3000,>=3000,*
3830,>=3000,>=3000,>=3000,>=3000,>=3000,>=3000,*
3831,>=3000,>=3000,>=3000,>=3000,>=3000,>=3000,*
3832,>=3000,>=3000,>=3000,>=3000,>=3000,>=3000,*
3833,>=3000,>=3000,>=3000,>=3000,>=3000,>=3000,*
3834,>=3000,>=3000,>=3000,>=3000,>=3000,>=3000,*
3835,>=3000,>=3000,>=3000,>=3000,>=3000,>=3000,*
3836,>=3000,>=3000,>=3000,>=3000,>=3000,>=3000,*
3837,>=3000,>=3000,>=3000,>=3000,>=3000,>=3000,*
3838,>=3000,>=3000,>=3000,>=3000,>=3000,>=3000,*
3839,>=3000,>=3000,>=3000,>=3000,>=3000,>=3000,*
3840,>=3000,>=3000,>=3000,>=3000,>=3000,>=3000,*
3841,>=3000,>=3000,>=3000,>=3000,>=3000,>=3000,*
3842,>=3000,>=3000,>=3000,>=3000,>=3000,>=3000,*
3843,>=3000,>=3000,>=3000,>=3000,>=3000,>=3000,*
3844,>=3000,>=3000,>=3000,>=3000,>=3000,>=3000,*
3845,>=3000,>=3000,>=3000,>=3000,>=3000,>=3000,*
3846,>=3000,>=3000,>=3000,>=3000,>=3000,>=3000,*
3847,>=3000,>=3000,>=3000,>=3000,>=3000,>=3000,*
3848,>=3000,>=3000,>=3000,>=3000,>=3000,>=3000,*
3849,>=3000,>=3000,>=3000,>=3000,>=3000,>=3000,*
3850,>=3000,>=3000,>=3000,>=3000,>=3000,>=3000,*
3851,>=3000,>=3000,>=3000,>=3000,>=3000,>=3000,*
3852,>=3000,>=3000,>=3000,>=3000,>=3000,>=3000,*
3853,>=3000,>=3000,>=3000,>=3000,>=3000,>=3000,*
3854,>=3000,>=3000,>=3000,>=3000,>=3000,>=3000,*
3855,>=3000,>=3000,>=3000,>=3000,>=3000,>=3000,*
3856,>=3000,>=3000,>=3000,>=3000,>=3000,>=3000,*
3857,>=3000,>=3000,>=3000,>=3000,>=3000,>=3000,*
3858,>=3000,>=3000,>=3000,>=3000,>=3000,>=3000,*
3859,>=3000,>=3000,>=3000,>=3000,>=3000,>=3000,*
3860,>=3000,>=3000,>=3000,>=3000,>=3000,>=3000,*
3861,>=3000,>=3000,>=3000,>=3000,>=3000,>=3000,*
3862,>=3000,>=3000,>=3000,>=3000,>=3000,>=3000,*
3863,>=3000,>=3000,>=3000,>=3000,>=3000,>=3000,*
3864,>=3000,>=3000,>=3000,>=3000,>=3000,>=3000,*
3865,>=3000,>=3000,>=3000,>=3000,>=3000,>=3000,*
3866,>=3000,>=3000,>=3000,>=3000,>=3000,>=3000,*
3867,>=3000,>=3000,>=3000,>=3000,>=3000,>=3000,*
3868,>=3000,>=3000,>=3000,>=3000,>=3000,>=3000,*
3869,>=3000,>=3000,>=3000,>=3000,>=3000,>=3000,*
3870,>=3000,>=3000,>=3000,>=3000,>=3000,>=3000,*
3871,>=3000,>=3000,>=3000,>=3000,>=3000,>=3000,*
3872,>=3000,>=3000,>=3000,>=3000,>=3000,>=3000,*
3873,>=3000,>=3000,>=3000,>=3000,>=3000,>=3000,*
3874,>=3000,>=3000,>=3000,>=3000,>=3000,>=3000,*
3875,>=3000,>=3000,>=3000,>=3000,>=3000,>=3000,*
3876,>=3000,>=3000,>=3000,>=3000,>=3000,>=3000,*
3877,>=3000,>=3000,>=3000,>=3000,>=3000,>=3000,*
3878,>=3000,>=3000,>=3000,>=3000,>=3000,>=3000,*
3879,>=3000,>=3000,>=3000,>=3000,>=3000,>=3000,*
3880,>=3000,>=3000,>=3000,>=3000,>=3000,>=3000,*
3881,>=3000,>=3000,>=3000,>=3000,>=3000,>=3000,*
3882,>=3000,>=3000,>=3000,>=3000,>=3000,>=3000,*
3883,>=3000,>=3000,>=3000,>=3000,>=3000,>=3000,*
3884,>=3000,>=3000,>=3000,>=3000,>=3000,>=3000,*
3885,>=3000,>=3000,>=3000,>=3000,>=3000,>=3000,*
3886,>=3000,>=3000,>=3000,>=3000,>=3000,>=3000,*
3887,>=3000,>=3000,>=3000,>=3000,>=3000,>=3000,*
3888,>=3000,>=3000,>=3000,>=3000,>=3000,>=3000,*
3889,>=3000,>=3000,>=3000,>=3000,>=3000,>=3000,*
3890,>=3000,>=3000,>=3000,>=3000,>=3000,>=3000,*
3891,>=3000,>=3000,>=3000,>=3000,>=3000,>=3000,*
3892,>=3000,>=3000,>=3000,>=3000,>=3000,>=3000,*
3893,>=3000,>=3000,>=3000,>=3000,>=3000,>=3000,*
3894,>=3000,>=3000,>=3000,>=3000,>=3000,>=3000,*
3895,>=3000,>=3000,>=3000,>=3000,>=3000,>=3000,*
3896,>=3000,>=3000,>=3000,>=3000,>=3000,>=3000,*
3897,>=3000,>=3000,>=3000,>=3000,>=3000,>=3000,*
3898,>=3000,>=3000,>=3000,>=3000,>=3000,>=3000,*
3899,>=3000,>=3000,>=3000,>=3000,>=3000,>=3000,*
3900,>=3000,>=3000,>=3000,>=3000,>=3000,>=3000,*
3901,>=3000,>=3000,>=3000,>=3000,>=3000,>=3000,*
3902,>=3000,>=3000,>=3000,>=3000,>=3000,>=3000,*
3903,>=3000,>=3000,>=3000,>=3000,>=3000,>=3000,*
3904,>=3000,>=3000,>=3000,>=3000,>=3000,>=3000,*
3905,>=3000,>=3000,>=3000,>=3000,>=3000,>=3000,*
3906,>=3000,>=3000,>=3000,>=3000,>=3000,>=3000,*
3907,>=3000,>=3000,>=3000,>=3000,>=3000,>=3000,*
3908,>=3000,>=3000,>=3000,>=3000,>=3000,>=3000,*
3909,>=3000,>=3000,>=3000,>=3000,>=3000,>=3000,*
3910,>=3000,>=3000,>=3000,>=3000,>=3000,>=3000,*
3911,>=3000,>=3000,>=3000,>=3000,>=3000,>=3000,*
3912,>=3000,>=3000,>=3000,>=3000,>=3000,>=3000,*
3913,>=3000,>=3000,>=3000,>=3000,>=3000,>=3000,*
3914,>=3000,>=3000,>=3000,>=3000,>=3000,>=3000,*
3915,>=3000,>=3000,>=3000,>=3000,>=3000,>=3000,*
3916,>=3000,>=3000,>=3000,>=3000,>=3000,>=3000,*
3917,>=3000,>=3000,>=3000,>=3000,>=3000,>=3000,*
3918,>=3000,>=3000,>=3000,>=3000,>=3000,>=3000,*
3919,>=3000,>=3000,>=3000,>=3000,>=3000,>=3000,*
3920,>=3000,>=3000,>=3000,>=3000,>=3000,>=3000,*
3921,>=3000,>=3000,>=3000,>=3000,>=3000,>=3000,*
3922,>=3000,>=3000,>=3000,>=3000,>=3000,>=3000,*
3923,>=3000,>=3000,>=3000,>=3000,>=3000,>=3000,*
3924,>=3000,>=3000,>=3000,>=3000,>=3000,>=3000,*
3925,>=3000,>=3000,>=3000,>=3000,>=3000,>=3000,*
3926,>=3000,>=3000,>=3000,>=3000,>=3000,>=3000,*
3927,>=3000,>=3000,>=3000,>=3000,>=3000,>=3000,*
3928,>=3000,>=3000,>=3000,>=3000,>=3000,>=3000,*
3929,>=3000,>=3000,>=3000,>=3000,>=3000,>=3000,*
3930,>=3000,>=3000,>=3000,>=3000,>=3000,>=3000,*
3931,>=3000,>=3000,>=3000,>=3000,>=3000,>=3000,*
3932,>=3000,>=3000,>=3000,>=3000,>=3000,>=3000,*
3933,>=3000,>=3000,>=3000,>=3000,>=3000,>=3000,*
3934,>=3000,>=3000,>=3000,>=3000,>=3000,>=3000,*
3935,>=3000,>=3000,>=3000,>=3000,>=3000,>=3000,*
3936,>=3000,>=3000,>=3000,>=3000,>=3000,>=3000,*
3937,>=3000,>=3000,>=3000,>=3000,>=3000,>=3000,*
3938,>=3000,>=3000,>=3000,>=3000,>=3000,>=3000,*
3939,>=3000,>=3000,>=3000,>=3000,>=3000,>=3000,*
3940,>=3000,>=3000,>=3000,>=3000,>=3000,>=3000,*
3941,>=3000,>=3000,>=3000,>=3000,>=3000,>=3000,*
3942,>=3000,>=3000,>=3000,>=3000,>=3000,>=3000,*
3943,>=3000,>=3000,>=3000,>=3000,>=3000,>=3000,*
3944,>=3000,>=3000,>=3000,>=3000,>=3000,>=3000,*
3945,>=3000,>=3000,>=3000,>=3000,>=3000,>=3000,*
3946,>=3000,>=3000,>=3000,>=3000,>=3000,>=3000,*
3947,>=3000,>=3000,>=3000,>=3000,>=3000,>=3000,*
3948,>=3000,>=3000,>=3000,>=3000,>=3000,>=3000,*
3949,>=3000,>=3000,>=3000,>=3000,>=3000,>=3000,*
3950,>=3000,>=3000,>=3000,>=3000,>=3000,>=3000,*
3951,>=3000,>=3000,>=3000,>=3000,>=3000,>=3000,*
3952,>=3000,>=3000,>=3000,>=3000,>=3000,>=3000,*
3953,>=3000,>=3000,>=3000,>=3000,>=3000,>=3000,*
3954,>=3000,>=3000,>=3000,>=3000,>=3000,>=3000,*
3955,>=3000,>=3000,>=3000,>=3000,>=3000,>=3000,*
3956,>=3000,>=3000,>=3000,>=3000,>=3000,>=3000,*
3957,>=3000,>=3000,>=3000,>=3000,>=3000,>=3000,*
3958,>=3000,>=3000,>=3000,>=3000,>=3000,>=3000,*
3959,>=3000,>=3000,>=3000,>=3000,>=3000,>=3000,*
3960,>=3000,>=3000,>=3000,>=3000,>=3000,>=3000,*
3961,>=3000,>=3000,>=3000,>=3000,>=3000,>=3000,*
3962,>=3000,>=3000,>=3000,>=3000,>=3000,>=3000,*
3963,>=3000,>=3000,>=3000,>=3000,>=3000,>=3000,*
3964,>=3000,>=3000,>=3000,>=3000,>=3000,>=3000,*
3965,>=3000,>=3000,>=3000,>=3000,>=3000,>=3000,*
3966,>=3000,>=3000,>=3000,>=3000,>=3000,>=3000,*
3967,>=3000,>=3000,>=3000,>=3000,>=3000,>=3000,*
3968,>=3000,>=3000,>=3000,>=3000,>=3000,>=3000,*
3969,>=3000,>=3000,>=3000,>=3000,>=3000,>=3000,*
3970,>=3000,>=3000,>=3000,>=3000,>=3000,>=3000,*
3971,>=3000,>=3000,>=3000,>=3000,>=3000,>=3000,*
3972,>=3000,>=3000,>=3000,>=3000,>=3000,>=3000,*
3973,>=3000,>=3000,>=3000,>=3000,>=3000,>=3000,*
3974,>=3000,>=3000,>=3000,>=3000,>=3000,>=3000,*
3975,>=3000,>=3000,>=3000,>=3000,>=3000,>=3000,*
3976,>=3000,>=3000,>=3000,>=3000,>=3000,>=3000,*
3977,>=3000,>=3000,>=3000,>=3000,>=3000,>=3000,*
3978,>=3000,>=3000,>=3000,>=3000,>=3000,>=3000,*
3979,>=3000,>=3000,>=3000,>=3000,>=3000,>=3000,*
3980,>=3000,>=3000,>=3000,>=3000,>=3000,>=3000,*
3981,>=3000,>=3000,>=3000,>=3000,>=3000,>=3000,*
3982,>=3000,>=3000,>=3000,>=3000,>=3000,>=3000,*
3983,>=3000,>=3000,>=3000,>=3000,>=3000,>=3000,*
3984,>=3000,>=3000,>=3000,>=3000,>=3000,>=3000,*
3985,>=3000,>=3000,>=3000,>=3000,>=3000,>=3000,*
3986,>=3000,>=3000,>=3000,>=3000,>=3000,>=3000,*
3987,>=3000,>=3000,>=3000,>=3000,>=3000,>=3000,*
3988,>=3000,>=3000,>=3000,>=3000,>=3000,>=3000,*
3989,>=3000,>=3000,>=3000,>=3000,>=3000,>=3000,*
3990,>=3000,>=3000,>=3000,>=3000,>=3000,>=3000,*
3991,>=3000,>=3000,>=3000,>=3000,>=3000,>=3000,*
3992,>=3000,>=3000,>=3000,>=3000,>=3000,>=3000,*
3993,>=3000,>=3000,>=3000,>=3000,>=3000,>=3000,*
3994,>=3000,>=3000,>=3000,>=3000,>=3000,>=3000,*
3995,>=3000,>=3000,>=3000,>=3000,>=3000,>=3000,*
3996,>=3000,>=3000,>=3000,>=3000,>=3000,>=3000,*
3997,>=3000,>=3000,>=3000,>=3000,>=3000,>=3000,*
3998,>=3000,>=3000,>=3000,>=3000,>=3000,>=3000,*
3999,>=3000,>=3000,>=3000,>=3000,>=3000,>=3000,*
4000,>=3000,>=3000,>=3000,>=3000,>=3000,>=3000,*
4001,>=3000,>=3000,>=3000,>=3000,>=3000,>=3000,*
4002,>=3000,>=3000,>=3000,>=3000,>=3000,>=3000,*
4003,>=3000,>=3000,>=3000,>=3000,>=3000,>=3000,*
4004,>=3000,>=3000,>=3000,>=3000,>=3000,>=3000,*
4005,>=3000,>=3000,>=3000,>=3000,>=3000,>=3000,*
4006,>=3000,>=3000,>=3000,>=3000,>=3000,>=3000,*
4007,>=3000,>=3000,>=3000,>=3000,>=3000,>=3000,*
4008,>=3000,>=3000,>=3000,>=3000,>=3000,>=3000,*
4009,>=3000,>=3000,>=3000,>=3000,>=3000,>=3000,*
4010,>=3000,>=3000,>=3000,>=3000,>=3000,>=3000,*
4011,>=3000,>=3000,>=3000,>=3000,>=3000,>=3000,*
4012,>=3000,>=3000,>=3000,>=3000,>=3000,>=3000,*
4013,>=3000,>=3000,>=3000,>=3000,>=3000,>=3000,*
4014,>=3000,>=3000,>=3000,>=3000,>=3000,>=3000,*
4015,>=3000,>=3000,>=3000,>=3000,>=3000,>=3000,*
4016,>=3000,>=3000,>=3000,>=3000,>=3000,>=3000,*
4017,>=3000,>=3000,>=3000,>=3000,>=3000,>=3000,*
4018,>=3000,>=3000,>=3000,>=3000,>=3000,>=3000,*
4019,>=3000,>=3000,>=3000,>=3000,>=3000,>=3000,*
4020,>=3000,>=3000,>=3000,>=3000,>=3000,>=3000,*
4021,>=3000,>=3000,>=3000,>=3000,>=3000,>=3000,*
4022,>=3000,>=3000,>=3000,>=3000,>=3000,>=3000,*
4023,>=3000,>=3000,>=3000,>=3000,>=3000,>=3000,*
4024,>=3000,>=3000,>=3000,>=3000,>=3000,>=3000,*
4025,>=3000,>=3000,>=3000,>=3000,>=3000,>=3000,*
4026,>=3000,>=3000,>=3000,>=3000,>=3000,>=3000,*
4027,>=3000,>=3000,>=3000,>=3000,>=3000,>=3000,*
4028,>=3000,>=3000,>=3000,>=3000,>=3000,>=3000,*
4029,>=3000,>=3000,>=3000,>=3000,>=3000,>=3000,*
4030,>=3000,>=3000,>=3000,>=3000,>=3000,>=3000,*
4031,>=3000,>=3000,>=3000,>=3000,>=3000,>=3000,*
4032,>=3000,>=3000,>=3000,>=3000,>=3000,>=3000,*
4033,>=3000,>=3000,>=3000,>=3000,>=3000,>=3000,*
4034,>=3000,>=3000,>=3000,>=3000,>=3000,>=3000,*
4035,>=3000,>=3000,>=3000,>=3000,>=3000,>=3000,*
4036,>=3000,>=3000,>=3000,>=3000,>=3000,>=3000,*
4037,>=3000,>=3000,>=3000,>=3000,>=3000,>=3000,*
4038,>=3000,>=3000,>=3000,>=3000,>=3000,>=3000,*
4039,>=3000,>=3000,>=3000,>=3000,>=3000,>=3000,*
4040,>=3000,>=3000,>=3000,>=3000,>=3000,>=3000,*
4041,>=3000,>=3000,>=3000,>=3000,>=3000,>=3000,*
4042,>=3000,>=3000,>=3000,>=3000,>=3000,>=3000,*
4043,>=3000,>=3000,>=3000,>=3000,>=3000,>=3000,*
4044,>=3000,>=3000,>=3000,>=3000,>=3000,>=3000,*
4045,>=3000,>=3000,>=3000,>=3000,>=3000,>=3000,*
4046,>=3000,>=3000,>=3000,>=3000,>=3000,>=3000,*
4047,>=3000,>=3000,>=3000,>=3000,>=3000,>=3000,*
4048,>=3000,>=3000,>=3000,>=3000,>=3000,>=3000,*
4049,>=3000,>=3000,>=3000,>=3000,>=3000,>=3000,*
4050,>=3000,>=3000,>=3000,>=3000,>=3000,>=3000,*
4051,>=3000,>=3000,>=3000,>=3000,>=3000,>=3000,*
4052,>=3000,>=3000,>=3000,>=3000,>=3000,>=3000,*
4053,>=3000,>=3000,>=3000,>=3000,>=3000,>=3000,*
4054,>=3000,>=3000,>=3000,>=3000,>=3000,>=3000,*
4055,>=3000,>=3000,>=3000,>=3000,>=3000,>=3000,*
4056,>=3000,>=3000,>=3000,>=3000,>=3000,>=3000,*
4057,>=3000,>=3000,>=3000,>=3000,>=3000,>=3000,*
4058,>=3000,>=3000,>=3000,>=3000,>=3000,>=3000,*
4059,>=3000,>=3000,>=3000,>=3000,>=3000,>=3000,*
4060,>=3000,>=3000,>=3000,>=3000,>=3000,>=3000,*
4061,>=3000,>=3000,>=3000,>=3000,>=3000,>=3000,*
4062,>=3000,>=3000,>=3000,>=3000,>=3000,>=3000,*
4063,>=3000,>=3000,>=3000,>=3000,>=3000,>=3000,*
4064,>=3000,>=3000,>=3000,>=3000,>=3000,>=3000,*
4065,>=3000,>=3000,>=3000,>=3000,>=3000,>=3000,*
4066,>=3000,>=3000,>=3000,>=3000,>=3000,>=3000,*
4067,>=3000,>=3000,>=3000,>=3000,>=3000,>=3000,*
4068,>=3000,>=3000,>=3000,>=3000,>=3000,>=3000,*
4069,>=3000,>=3000,>=3000,>=3000,>=3000,>=3000,*
4070,>=3000,>=3000,>=3000,>=3000,>=3000,>=3000,*
4071,>=3000,>=3000,>=3000,>=3000,>=3000,>=3000,*
4072,>=3000,>=3000,>=3000,>=3000,>=3000,>=3000,*
4073,>=3000,>=3000,>=3000,>=3000,>=3000,>=3000,*
4074,>=3000,>=3000,>=3000,>=3000,>=3000,>=3000,*
4075,>=3000,>=3000,>=3000,>=3000,>=3000,>=3000,*
4076,>=3000,>=3000,>=3000,>=3000,>=3000,>=3000,*
4077,>=3000,>=3000,>=3000,>=3000,>=3000,>=3000,*
4078,>=3000,>=3000,>=3000,>=3000,>=3000,>=3000,*
4079,>=3000,>=3000,>=3000,>=3000,>=3000,>=3000,*
4080,>=3000,>=3000,>=3000,>=3000,>=3000,>=3000,*
4081,>=3000,>=3000,>=3000,>=3000,>=3000,>=3000,*
4082,>=3000,>=3000,>=3000,>=3000,>=3000,>=3000,*
4083,>=3000,>=3000,>=3000,>=3000,>=3000,>=3000,*
4084,>=3000,>=3000,>=3000,>=3000,>=3000,>=3000,*
4085,>=3000,>=3000,>=3000,>=3000,>=3000,>=3000,*
4086,>=3000,>=3000,>=3000,>=3000,>=3000,>=3000,*
4087,>=3000,>=3000,>=3000,>=3000,>=3000,>=3000,*
4088,>=3000,>=3000,>=3000,>=3000,>=3000,>=3000,*
4089,>=3000,>=3000,>=3000,>=3000,>=3000,>=3000,*
4090,>=3000,>=3000,>=3000,>=3000,>=3000,>=3000,*
4091,>=3000,>=3000,>=3000,>=3000,>=3000,>=3000,*
4092,>=3000,>=3000,>=3000,>=3000,>=3000,>=3000,*
4093,>=3000,>=3000,>=3000,>=3000,>=3000,>=3000,*
4094,>=3000,>=3000,>=3000,>=3000,>=3000,>=3000,*
4095,>=3000,>=3000,>=3000,>=3000,>=3000,>=3000,*
4096,>=3000,>=3000,>=3000,>=3000,>=3000,>=3000,*
4097,>=3000,>=3000,>=3000,>=3000,>=3000,>=3000,*
4098,>=3000,>=3000,>=3000,>=3000,>=3000,>=3000,*
4099,>=3000,>=3000,>=3000,>=3000,>=3000,>=3000,*
4100,>=3000,>=3000,>=3000,>=3000,>=3000,>=3000,*
4101,>=3000,>=3000,>=3000,>=3000,>=3000,>=3000,*
4102,>=3000,>=3000,>=3000,>=3000,>=3000,>=3000,*
4103,>=3000,>=3000,>=3000,>=3000,>=3000,>=3000,*
4104,>=3000,>=3000,>=3000,>=3000,>=3000,>=3000,*
4105,>=3000,>=3000,>=3000,>=3000,>=3000,>=3000,*
4106,>=3000,>=3000,>=3000,>=3000,>=3000,>=3000,*
4107,>=3000,>=3000,>=3000,>=3000,>=3000,>=3000,*
4108,>=3000,>=3000,>=3000,>=3000,>=3000,>=3000,*
4109,>=3000,>=3000,>=3000,>=3000,>=3000,>=3000,*
4110,>=3000,>=3000,>=3000,>=3000,>=3000,>=3000,*
4111,>=3000,>=3000,>=3000,>=3000,>=3000,>=3000,*
4112,>=3000,>=3000,>=3000,>=3000,>=3000,>=3000,*
4113,>=3000,>=3000,>=3000,>=3000,>=3000,>=3000,*
4114,>=3000,>=3000,>=3000,>=3000,>=3000,>=3000,*
4115,>=3000,>=3000,>=3000,>=3000,>=3000,>=3000,*
4116,>=3000,>=3000,>=3000,>=3000,>=3000,>=3000,*
4117,>=3000,>=3000,>=3000,>=3000,>=3000,>=3000,*
4118,>=3000,>=3000,>=3000,>=3000,>=3000,>=3000,*
4119,>=3000,>=3000,>=3000,>=3000,>=3000,>=3000,*
4120,>=3000,>=3000,>=3000,>=3000,>=3000,>=3000,*
4121,>=3000,>=3000,>=3000,>=3000,>=3000,>=3000,*
4122,>=3000,>=3000,>=3000,>=3000,>=3000,>=3000,*
4123,>=3000,>=3000,>=3000,>=3000,>=3000,>=3000,*
4124,>=3000,>=3000,>=3000,>=3000,>=3000,>=3000,*
4125,>=3000,>=3000,>=3000,>=3000,>=3000,>=3000,*
4126,>=3000,>=3000,>=3000,>=3000,>=3000,>=3000,*
4127,>=3000,>=3000,>=3000,>=3000,>=3000,>=3000,*
4128,>=3000,>=3000,>=3000,>=3000,>=3000,>=3000,*
4129,>=3000,>=3000,>=3000,>=3000,>=3000,>=3000,*
4130,>=3000,>=3000,>=3000,>=3000,>=3000,>=3000,*
4131,>=3000,>=3000,>=3000,>=3000,>=3000,>=3000,*
4132,>=3000,>=3000,>=3000,>=3000,>=3000,>=3000,*
4133,>=3000,>=3000,>=3000,>=3000,>=3000,>=3000,*
4134,>=3000,>=3000,>=3000,>=3000,>=3000,>=3000,*
4135,>=3000,>=3000,>=3000,>=3000,>=3000,>=3000,*
4136,>=3000,>=3000,>=3000,>=3000,>=3000,>=3000,*
4137,>=3000,>=3000,>=3000,>=3000,>=3000,>=3000,*
4138,>=3000,>=3000,>=3000,>=3000,>=3000,>=3000,*
4139,>=3000,>=3000,>=3000,>=3000,>=3000,>=3000,*
4140,>=3000,>=3000,>=3000,>=3000,>=3000,>=3000,*
4141,>=3000,>=3000,>=3000,>=3000,>=3000,>=3000,*
4142,>=3000,>=3000,>=3000,>=3000,>=3000,>=3000,*
4143,>=3000,>=3000,>=3000,>=3000,>=3000,>=3000,*
4144,>=3000,>=3000,>=3000,>=3000,>=3000,>=3000,*
4145,>=3000,>=3000,>=3000,>=3000,>=3000,>=3000,*
4146,>=3000,>=3000,>=3000,>=3000,>=3000,>=3000,*
4147,>=3000,>=3000,>=3000,>=3000,>=3000,>=3000,*
4148,>=3000,>=3000,>=3000,>=3000,>=3000,>=3000,*
4149,>=3000,>=3000,>=3000,>=3000,>=3000,>=3000,*
4150,>=3000,>=3000,>=3000,>=3000,>=3000,>=3000,*
4151,>=3000,>=3000,>=3000,>=3000,>=3000,>=3000,*
4152,>=3000,>=3000,>=3000,>=3000,>=3000,>=3000,*
4153,>=3000,>=3000,>=3000,>=3000,>=3000,>=3000,*
4154,>=3000,>=3000,>=3000,>=3000,>=3000,>=3000,*
4155,>=3000,>=3000,>=3000,>=3000,>=3000,>=3000,*
4156,>=3000,>=3000,>=3000,>=3000,>=3000,>=3000,*
4157,>=3000,>=3000,>=3000,>=3000,>=3000,>=3000,*
4158,>=3000,>=3000,>=3000,>=3000,>=3000,>=3000,*
4159,>=3000,>=3000,>=3000,>=3000,>=3000,>=3000,*
4160,>=3000,>=3000,>=3000,>=3000,>=3000,>=3000,*
4161,>=3000,>=3000,>=3000,>=3000,>=3000,>=3000,*
4162,>=3000,>=3000,>=3000,>=3000,>=3000,>=3000,*
4163,>=3000,>=3000,>=3000,>=3000,>=3000,>=3000,*
4164,>=3000,>=3000,>=3000,>=3000,>=3000,>=3000,*
4165,>=3000,>=3000,>=3000,>=3000,>=3000,>=3000,*
4166,>=3000,>=3000,>=3000,>=3000,>=3000,>=3000,*
4167,>=3000,>=3000,>=3000,>=3000,>=3000,>=3000,*
4168,>=3000,>=3000,>=3000,>=3000,>=3000,>=3000,*
4169,>=3000,>=3000,>=3000,>=3000,>=3000,>=3000,*
4170,>=3000,>=3000,>=3000,>=3000,>=3000,>=3000,*
4171,>=3000,>=3000,>=3000,>=3000,>=3000,>=3000,*
4172,>=3000,>=3000,>=3000,>=3000,>=3000,>=3000,*
4173,>=3000,>=3000,>=3000,>=3000,>=3000,>=3000,*
4174,>=3000,>=3000,>=3000,>=3000,>=3000,>=3000,*
4175,>=3000,>=3000,>=3000,>=3000,>=3000,>=3000,*
4176,>=3000,>=3000,>=3000,>=3000,>=3000,>=3000,*
4177,>=3000,>=3000,>=3000,>=3000,>=3000,>=3000,*
4178,>=3000,>=3000,>=3000,>=3000,>=3000,>=3000,*
4179,>=3000,>=3000,>=3000,>=3000,>=3000,>=3000,*
4180,>=3000,>=3000,>=3000,>=3000,>=3000,>=3000,*
4181,>=3000,>=3000,>=3000,>=3000,>=3000,>=3000,*
4182,>=3000,>=3000,>=3000,>=3000,>=3000,>=3000,*
4183,>=3000,>=3000,>=3000,>=3000,>=3000,>=3000,*
4184,>=3000,>=3000,>=3000,>=3000,>=3000,>=3000,*
4185,>=3000,>=3000,>=3000,>=3000,>=3000,>=3000,*
4186,>=3000,>=3000,>=3000,>=3000,>=3000,>=3000,*
4187,>=3000,>=3000,>=3000,>=3000,>=3000,>=3000,*
4188,>=3000,>=3000,>=3000,>=3000,>=3000,>=3000,*
4189,>=3000,>=3000,>=3000,>=3000,>=3000,>=3000,*
4190,>=3000,>=3000,>=3000,>=3000,>=3000,>=3000,*
4191,>=3000,>=3000,>=3000,>=3000,>=3000,>=3000,*
4192,>=3000,>=3000,>=3000,>=3000,>=3000,>=3000,*
4193,>=3000,>=3000,>=3000,>=3000,>=3000,>=3000,*
4194,>=3000,>=3000,>=3000,>=3000,>=3000,>=3000,*
4195,>=3000,>=3000,>=3000,>=3000,>=3000,>=3000,*
4196,>=3000,>=3000,>=3000,>=3000,>=3000,>=3000,*
4197,>=3000,>=3000,>=3000,>=3000,>=3000,>=3000,*
4198,>=3000,>=3000,>=3000,>=3000,>=3000,>=3000,*
4199,>=3000,>=3000,>=3000,>=3000,>=3000,>=3000,*
4200,>=3000,>=3000,>=3000,>=3000,>=3000,>=3000,*
4201,>=3000,>=3000,>=3000,>=3000,>=3000,>=3000,*
4202,>=3000,>=3000,>=3000,>=3000,>=3000,>=3000,*
4203,>=3000,>=3000,>=3000,>=3000,>=3000,>=3000,*
4204,>=3000,>=3000,>=3000,>=3000,>=3000,>=3000,*
4205,>=3000,>=3000,>=3000,>=3000,>=3000,>=3000,*
4206,>=3000,>=3000,>=3000,>=3000,>=3000,>=3000,*
4207,>=3000,>=3000,>=3000,>=3000,>=3000,>=3000,*
4208,>=3000,>=3000,>=3000,>=3000,>=3000,>=3000,*
4209,>=3000,>=3000,>=3000,>=3000,>=3000,>=3000,*
4210,>=3000,>=3000,>=3000,>=3000,>=3000,>=3000,*
4211,>=3000,>=3000,>=3000,>=3000,>=3000,>=3000,*
4212,>=3000,>=3000,>=3000,>=3000,>=3000,>=3000,*
4213,>=3000,>=3000,>=3000,>=3000,>=3000,>=3000,*
4214,>=3000,>=3000,>=3000,>=3000,>=3000,>=3000,*
4215,>=3000,>=3000,>=3000,>=3000,>=3000,>=3000,*
4216,>=3000,>=3000,>=3000,>=3000,>=3000,>=3000,*
4217,>=3000,>=3000,>=3000,>=3000,>=3000,>=3000,*
4218,>=3000,>=3000,>=3000,>=3000,>=3000,>=3000,*
4219,>=3000,>=3000,>=3000,>=3000,>=3000,>=3000,*
4220,>=3000,>=3000,>=3000,>=3000,>=3000,>=3000,*
4221,>=3000,>=3000,>=3000,>=3000,>=3000,>=3000,*
4222,>=3000,>=3000,>=3000,>=3000,>=3000,>=3000,*
4223,>=3000,>=3000,>=3000,>=3000,>=3000,>=3000,*
4224,>=3000,>=3000,>=3000,>=3000,>=3000,>=3000,*
4225,>=3000,>=3000,>=3000,>=3000,>=3000,>=3000,*
4226,>=3000,>=3000,>=3000,>=3000,>=3000,>=3000,*
4227,>=3000,>=3000,>=3000,>=3000,>=3000,>=3000,*
4228,>=3000,>=3000,>=3000,>=3000,>=3000,>=3000,*
4229,>=3000,>=3000,>=3000,>=3000,>=3000,>=3000,*
4230,>=3000,>=3000,>=3000,>=3000,>=3000,>=3000,*
4231,>=3000,>=3000,>=3000,>=3000,>=3000,>=3000,*
4232,>=3000,>=3000,>=3000,>=3000,>=3000,>=3000,*
4233,>=3000,>=3000,>=3000,>=3000,>=3000,>=3000,*
4234,>=3000,>=3000,>=3000,>=3000,>=3000,>=3000,*
4235,>=3000,>=3000,>=3000,>=3000,>=3000,>=3000,*
4236,>=3000,>=3000,>=3000,>=3000,>=3000,>=3000,*
4237,>=3000,>=3000,>=3000,>=3000,>=3000,>=3000,*
4238,>=3000,>=3000,>=3000,>=3000,>=3000,>=3000,*
4239,>=3000,>=3000,>=3000,>=3000,>=3000,>=3000,*
4240,>=3000,>=3000,>=3000,>=3000,>=3000,>=3000,*
4241,>=3000,>=3000,>=3000,>=3000,>=3000,>=3000,*
4242,>=3000,>=3000,>=3000,>=3000,>=3000,>=3000,*
4243,>=3000,>=3000,>=3000,>=3000,>=3000,>=3000,*
4244,>=3000,>=3000,>=3000,>=3000,>=3000,>=3000,*
4245,>=3000,>=3000,>=3000,>=3000,>=3000,>=3000,*
4246,>=3000,>=3000,>=3000,>=3000,>=3000,>=3000,*
4247,>=3000,>=3000,>=3000,>=3000,>=3000,>=3000,*
4248,>=3000,>=3000,>=3000,>=3000,>=3000,>=3000,*
4249,>=3000,>=3000,>=3000,>=3000,>=3000,>=3000,*
4250,>=3000,>=3000,>=3000,>=3000,>=3000,>=3000,*
4251,>=3000,>=3000,>=3000,>=3000,>=3000,>=3000,*
4252,>=3000,>=3000,>=3000,>=3000,>=3000,>=3000,*
4253,>=3000,>=3000,>=3000,>=3000,>=3000,>=3000,*
4254,>=3000,>=3000,>=3000,>=3000,>=3000,>=3000,*
4255,>=3000,>=3000,>=3000,>=3000,>=3000,>=3000,*
4256,>=3000,>=3000,>=3000,>=3000,>=3000,>=3000,*
4257,>=3000,>=3000,>=3000,>=3000,>=3000,>=3000,*
4258,>=3000,>=3000,>=3000,>=3000,>=3000,>=3000,*
4259,>=3000,>=3000,>=3000,>=3000,>=3000,>=3000,*
4260,>=3000,>=3000,>=3000,>=3000,>=3000,>=3000,*
4261,>=3000,>=3000,>=3000,>=3000,>=3000,>=3000,*
4262,>=3000,>=3000,>=3000,>=3000,>=3000,>=3000,*
4263,>=3000,>=3000,>=3000,>=3000,>=3000,>=3000,*
4264,>=3000,>=3000,>=3000,>=3000,>=3000,>=3000,*
4265,>=3000,>=3000,>=3000,>=3000,>=3000,>=3000,*
4266,>=3000,>=3000,>=3000,>=3000,>=3000,>=3000,*
4267,>=3000,>=3000,>=3000,>=3000,>=3000,>=3000,*
4268,>=3000,>=3000,>=3000,>=3000,>=3000,>=3000,*
4269,>=3000,>=3000,>=3000,>=3000,>=3000,>=3000,*
4270,>=3000,>=3000,>=3000,>=3000,>=3000,>=3000,*
4271,>=3000,>=3000,>=3000,>=3000,>=3000,>=3000,*
4272,>=3000,>=3000,>=3000,>=3000,>=3000,>=3000,*
4273,>=3000,>=3000,>=3000,>=3000,>=3000,>=3000,*
4274,>=3000,>=3000,>=3000,>=3000,>=3000,>=3000,*
4275,>=3000,>=3000,>=3000,>=3000,>=3000,>=3000,*
4276,>=3000,>=3000,>=3000,>=3000,>=3000,>=3000,*
4277,>=3000,>=3000,>=3000,>=3000,>=3000,>=3000,*
4278,>=3000,>=3000,>=3000,>=3000,>=3000,>=3000,*
4279,>=3000,>=3000,>=3000,>=3000,>=3000,>=3000,*
4280,>=3000,>=3000,>=3000,>=3000,>=3000,>=3000,*
4281,>=3000,>=3000,>=3000,>=3000,>=3000,>=3000,*
4282,>=3000,>=3000,>=3000,>=3000,>=3000,>=3000,*
4283,>=3000,>=3000,>=3000,>=3000,>=3000,>=3000,*
4284,>=3000,>=3000,>=3000,>=3000,>=3000,>=3000,*
4285,>=3000,>=3000,>=3000,>=3000,>=3000,>=3000,*
4286,>=3000,>=3000,>=3000,>=3000,>=3000,>=3000,*
4287,>=3000,>=3000,>=3000,>=3000,>=3000,>=3000,*
4288,>=3000,>=3000,>=3000,>=3000,>=3000,>=3000,*
4289,>=3000,>=3000,>=3000,>=3000,>=3000,>=3000,*
4290,>=3000,>=3000,>=3000,>=3000,>=3000,>=3000,*
4291,>=3000,>=3000,>=3000,>=3000,>=3000,>=3000,*
4292,>=3000,>=3000,>=3000,>=3000,>=3000,>=3000,*
4293,>=3000,>=3000,>=3000,>=3000,>=3000,>=3000,*
4294,>=3000,>=3000,>=3000,>=3000,>=3000,>=3000,*
4295,>=3000,>=3000,>=3000,>=3000,>=3000,>=3000,*
4296,>=3000,>=3000,>=3000,>=3000,>=3000,>=3000,*
4297,>=3000,>=3000,>=3000,>=3000,>=3000,>=3000,*
4298,>=3000,>=3000,>=3000,>=3000,>=3000,>=3000,*
4299,>=3000,>=3000,>=3000,>=3000,>=3000,>=3000,*
4300,>=3000,>=3000,>=3000,>=3000,>=3000,>=3000,*
4301,>=3000,>=3000,>=3000,>=3000,>=3000,>=3000,*
4302,>=3000,>=3000,>=3000,>=3000,>=3000,>=3000,*
4303,>=3000,>=3000,>=3000,>=3000,>=3000,>=3000,*
4304,>=3000,>=3000,>=3000,>=3000,>=3000,>=3000,*
4305,>=3000,>=3000,>=3000,>=3000,>=3000,>=3000,*
4306,>=3000,>=3000,>=3000,>=3000,>=3000,>=3000,*
4307,>=3000,>=3000,>=3000,>=3000,>=3000,>=3000,*
4308,>=3000,>=3000,>=3000,>=3000,>=3000,>=3000,*
4309,>=3000,>=3000,>=3000,>=3000,>=3000,>=3000,*
4310,>=3000,>=3000,>=3000,>=3000,>=3000,>=3000,*
4311,>=3000,>=3000,>=3000,>=3000,>=3000,>=3000,*
4312,>=3000,>=3000,>=3000,>=3000,>=3000,>=3000,*
4313,>=3000,>=3000,>=3000,>=3000,>=3000,>=3000,*
4314,>=3000,>=3000,>=3000,>=3000,>=3000,>=3000,*
4315,>=3000,>=3000,>=3000,>=3000,>=3000,>=3000,*
4316,>=3000,>=3000,>=3000,>=3000,>=3000,>=3000,*
4317,>=3000,>=3000,>=3000,>=3000,>=3000,>=3000,*
4318,>=3000,>=3000,>=3000,>=3000,>=3000,>=3000,*
4319,>=3000,>=3000,>=3000,>=3000,>=3000,>=3000,*
4320,>=3000,>=3000,>=3000,>=3000,>=3000,>=3000,*
4321,>=3000,>=3000,>=3000,>=3000,>=3000,>=3000,*
4322,>=3000,>=3000,>=3000,>=3000,>=3000,>=3000,*
4323,>=3000,>=3000,>=3000,>=3000,>=3000,>=3000,*
4324,>=3000,>=3000,>=3000,>=3000,>=3000,>=3000,*
4325,>=3000,>=3000,>=3000,>=3000,>=3000,>=3000,*
4326,>=3000,>=3000,>=3000,>=3000,>=3000,>=3000,*
4327,>=3000,>=3000,>=3000,>=3000,>=3000,>=3000,*
4328,>=3000,>=3000,>=3000,>=3000,>=3000,>=3000,*
4329,>=3000,>=3000,>=3000,>=3000,>=3000,>=3000,*
4330,>=3000,>=3000,>=3000,>=3000,>=3000,>=3000,*
4331,>=3000,>=3000,>=3000,>=3000,>=3000,>=3000,*
4332,>=3000,>=3000,>=3000,>=3000,>=3000,>=3000,*
4333,>=3000,>=3000,>=3000,>=3000,>=3000,>=3000,*
4334,>=3000,>=3000,>=3000,>=3000,>=3000,>=3000,*
4335,>=3000,>=3000,>=3000,>=3000,>=3000,>=3000,*
4336,>=3000,>=3000,>=3000,>=3000,>=3000,>=3000,*
4337,>=3000,>=3000,>=3000,>=3000,>=3000,>=3000,*
4338,>=3000,>=3000,>=3000,>=3000,>=3000,>=3000,*
4339,>=3000,>=3000,>=3000,>=3000,>=3000,>=3000,*
4340,>=3000,>=3000,>=3000,>=3000,>=3000,>=3000,*
4341,>=3000,>=3000,>=3000,>=3000,>=3000,>=3000,*
4342,>=3000,>=3000,>=3000,>=3000,>=3000,>=3000,*
4343,>=3000,>=3000,>=3000,>=3000,>=3000,>=3000,*
4344,>=3000,>=3000,>=3000,>=3000,>=3000,>=3000,*
4345,>=3000,>=3000,>=3000,>=3000,>=3000,>=3000,*
4346,>=3000,>=3000,>=3000,>=3000,>=3000,>=3000,*
4347,>=3000,>=3000,>=3000,>=3000,>=3000,>=3000,*
4348,>=3000,>=3000,>=3000,>=3000,>=3000,>=3000,*
4349,>=3000,>=3000,>=3000,>=3000,>=3000,>=3000,*
4350,>=3000,>=3000,>=3000,>=3000,>=3000,>=3000,*
4351,>=3000,>=3000,>=3000,>=3000,>=3000,>=3000,*
4352,>=3000,>=3000,>=3000,>=3000,>=3000,>=3000,*
4353,>=3000,>=3000,>=3000,>=3000,>=3000,>=3000,*
4354,>=3000,>=3000,>=3000,>=3000,>=3000,>=3000,*
4355,>=3000,>=3000,>=3000,>=3000,>=3000,>=3000,*
4356,>=3000,>=3000,>=3000,>=3000,>=3000,>=3000,*
4357,>=3000,>=3000,>=3000,>=3000,>=3000,>=3000,*
4358,>=3000,>=3000,>=3000,>=3000,>=3000,>=3000,*
4359,>=3000,>=3000,>=3000,>=3000,>=3000,>=3000,*
4360,>=3000,>=3000,>=3000,>=3000,>=3000,>=3000,*
4361,>=3000,>=3000,>=3000,>=3000,>=3000,>=3000,*
4362,>=3000,>=3000,>=3000,>=3000,>=3000,>=3000,*
4363,>=3000,>=3000,>=3000,>=3000,>=3000,>=3000,*
4364,>=3000,>=3000,>=3000,>=3000,>=3000,>=3000,*
4365,>=3000,>=3000,>=3000,>=3000,>=3000,>=3000,*
4366,>=3000,>=3000,>=3000,>=3000,>=3000,>=3000,*
4367,>=3000,>=3000,>=3000,>=3000,>=3000,>=3000,*
4368,>=3000,>=3000,>=3000,>=3000,>=3000,>=3000,*
4369,>=3000,>=3000,>=3000,>=3000,>=3000,>=3000,*
4370,>=3000,>=3000,>=3000,>=3000,>=3000,>=3000,*
4371,>=3000,>=3000,>=3000,>=3000,>=3000,>=3000,*
4372,>=3000,>=3000,>=3000,>=3000,>=3000,>=3000,*
4373,>=3000,>=3000,>=3000,>=3000,>=3000,>=3000,*
4374,>=3000,>=3000,>=3000,>=3000,>=3000,>=3000,*
4375,>=3000,>=3000,>=3000,>=3000,>=3000,>=3000,*
4376,>=3000,>=3000,>=3000,>=3000,>=3000,>=3000,*
4377,>=3000,>=3000,>=3000,>=3000,>=3000,>=3000,*
4378,>=3000,>=3000,>=3000,>=3000,>=3000,>=3000,*
4379,>=3000,>=3000,>=3000,>=3000,>=3000,>=3000,*
4380,>=3000,>=3000,>=3000,>=3000,>=3000,>=3000,*
4381,>=3000,>=3000,>=3000,>=3000,>=3000,>=3000,*
4382,>=3000,>=3000,>=3000,>=3000,>=3000,>=3000,*
4383,>=3000,>=3000,>=3000,>=3000,>=3000,>=3000,*
4384,>=3000,>=3000,>=3000,>=3000,>=3000,>=3000,*
4385,>=3000,>=3000,>=3000,>=3000,>=3000,>=3000,*
4386,>=3000,>=3000,>=3000,>=3000,>=3000,>=3000,*
4387,>=3000,>=3000,>=3000,>=3000,>=3000,>=3000,*
4388,>=3000,>=3000,>=3000,>=3000,>=3000,>=3000,*
4389,>=3000,>=3000,>=3000,>=3000,>=3000,>=3000,*
4390,>=3000,>=3000,>=3000,>=3000,>=3000,>=3000,*
4391,>=3000,>=3000,>=3000,>=3000,>=3000,>=3000,*
4392,>=3000,>=3000,>=3000,>=3000,>=3000,>=3000,*
4393,>=3000,>=3000,>=3000,>=3000,>=3000,>=3000,*
4394,>=3000,>=3000,>=3000,>=3000,>=3000,>=3000,*
4395,>=3000,>=3000,>=3000,>=3000,>=3000,>=3000,*
4396,>=3000,>=3000,>=3000,>=3000,>=3000,>=3000,*
4397,>=3000,>=3000,>=3000,>=3000,>=3000,>=3000,*
4398,>=3000,>=3000,>=3000,>=3000,>=3000,>=3000,*
4399,>=3000,>=3000,>=3000,>=3000,>=3000,>=3000,*
4400,>=3000,>=3000,>=3000,>=3000,>=3000,>=3000,*
4401,>=3000,>=3000,>=3000,>=3000,>=3000,>=3000,*
4402,>=3000,>=3000,>=3000,>=3000,>=3000,>=3000,*
4403,>=3000,>=3000,>=3000,>=3000,>=3000,>=3000,*
4404,>=3000,>=3000,>=3000,>=3000,>=3000,>=3000,*
4405,>=3000,>=3000,>=3000,>=3000,>=3000,>=3000,*
4406,>=3000,>=3000,>=3000,>=3000,>=3000,>=3000,*
4407,>=3000,>=3000,>=3000,>=3000,>=3000,>=3000,*
4408,>=3000,>=3000,>=3000,>=3000,>=3000,>=3000,*
4409,>=3000,>=3000,>=3000,>=3000,>=3000,>=3000,*
4410,>=3000,>=3000,>=3000,>=3000,>=3000,>=3000,*
4411,>=3000,>=3000,>=3000,>=3000,>=3000,>=3000,*
4412,>=3000,>=3000,>=3000,>=3000,>=3000,>=3000,*
4413,>=3000,>=3000,>=3000,>=3000,>=3000,>=3000,*
4414,>=3000,>=3000,>=3000,>=3000,>=3000,>=3000,*
4415,>=3000,>=3000,>=3000,>=3000,>=3000,>=3000,*
4416,>=3000,>=3000,>=3000,>=3000,>=3000,>=3000,*
4417,>=3000,>=3000,>=3000,>=3000,>=3000,>=3000,*
4418,>=3000,>=3000,>=3000,>=3000,>=3000,>=3000,*
4419,>=3000,>=3000,>=3000,>=3000,>=3000,>=3000,*
4420,>=3000,>=3000,>=3000,>=3000,>=3000,>=3000,*
4421,>=3000,>=3000,>=3000,>=3000,>=3000,>=3000,*
4422,>=3000,>=3000,>=3000,>=3000,>=3000,>=3000,*
4423,>=3000,>=3000,>=3000,>=3000,>=3000,>=3000,*
4424,>=3000,>=3000,>=3000,>=3000,>=3000,>=3000,*
4425,>=3000,>=3000,>=3000,>=3000,>=3000,>=3000,*
4426,>=3000,>=3000,>=3000,>=3000,>=3000,>=3000,*
4427,>=3000,>=3000,>=3000,>=3000,>=3000,>=3000,*
4428,>=3000,>=3000,>=3000,>=3000,>=3000,>=3000,*
4429,>=3000,>=3000,>=3000,>=3000,>=3000,>=3000,*
4430,>=3000,>=3000,>=3000,>=3000,>=3000,>=3000,*
4431,>=3000,>=3000,>=3000,>=3000,>=3000,>=3000,*
4432,>=3000,>=3000,>=3000,>=3000,>=3000,>=3000,*
4433,>=3000,>=3000,>=3000,>=3000,>=3000,>=3000,*
4434,>=3000,>=3000,>=3000,>=3000,>=3000,>=3000,*
4435,>=3000,>=3000,>=3000,>=3000,>=3000,>=3000,*
4436,>=3000,>=3000,>=3000,>=3000,>=3000,>=3000,*
4437,>=3000,>=3000,>=3000,>=3000,>=3000,>=3000,*
4438,>=3000,>=3000,>=3000,>=3000,>=3000,>=3000,*
4439,>=3000,>=3000,>=3000,>=3000,>=3000,>=3000,*
4440,>=3000,>=3000,>=3000,>=3000,>=3000,>=3000,*
4441,>=3000,>=3000,>=3000,>=3000,>=3000,>=3000,*
4442,>=3000,>=3000,>=3000,>=3000,>=3000,>=3000,*
4443,>=3000,>=3000,>=3000,>=3000,>=3000,>=3000,*
4444,>=3000,>=3000,>=3000,>=3000,>=3000,>=3000,*
4445,>=3000,>=3000,>=3000,>=3000,>=3000,>=3000,*
4446,>=3000,>=3000,>=3000,>=3000,>=3000,>=3000,*
4447,>=3000,>=3000,>=3000,>=3000,>=3000,>=3000,*
4448,>=3000,>=3000,>=3000,>=3000,>=3000,>=3000,*
4449,>=3000,>=3000,>=3000,>=3000,>=3000,>=3000,*
4450,>=3000,>=3000,>=3000,>=3000,>=3000,>=3000,*
4451,>=3000,>=3000,>=3000,>=3000,>=3000,>=3000,*
4452,>=3000,>=3000,>=3000,>=3000,>=3000,>=3000,*
4453,>=3000,>=3000,>=3000,>=3000,>=3000,>=3000,*
4454,>=3000,>=3000,>=3000,>=3000,>=3000,>=3000,*
4455,>=3000,>=3000,>=3000,>=3000,>=3000,>=3000,*
4456,>=3000,>=3000,>=3000,>=3000,>=3000,>=3000,*
4457,>=3000,>=3000,>=3000,>=3000,>=3000,>=3000,*
4458,>=3000,>=3000,>=3000,>=3000,>=3000,>=3000,*
4459,>=3000,>=3000,>=3000,>=3000,>=3000,>=3000,*
4460,>=3000,>=3000,>=3000,>=3000,>=3000,>=3000,*
4461,>=3000,>=3000,>=3000,>=3000,>=3000,>=3000,*
4462,>=3000,>=3000,>=3000,>=3000,>=3000,>=3000,*
4463,>=3000,>=3000,>=3000,>=3000,>=3000,>=3000,*
4464,>=3000,>=3000,>=3000,>=3000,>=3000,>=3000,*
4465,>=3000,>=3000,>=3000,>=3000,>=3000,>=3000,*
4466,>=3000,>=3000,>=3000,>=3000,>=3000,>=3000,*
4467,>=3000,>=3000,>=3000,>=3000,>=3000,>=3000,*
4468,>=3000,>=3000,>=3000,>=3000,>=3000,>=3000,*
4469,>=3000,>=3000,>=3000,>=3000,>=3000,>=3000,*
4470,>=3000,>=3000,>=3000,>=3000,>=3000,>=3000,*
4471,>=3000,>=3000,>=3000,>=3000,>=3000,>=3000,*
4472,>=3000,>=3000,>=3000,>=3000,>=3000,>=3000,*
4473,>=3000,>=3000,>=3000,>=3000,>=3000,>=3000,*
4474,>=3000,>=3000,>=3000,>=3000,>=3000,>=3000,*
4475,>=3000,>=3000,>=3000,>=3000,>=3000,>=3000,*
4476,>=3000,>=3000,>=3000,>=3000,>=3000,>=3000,*
4477,>=3000,>=3000,>=3000,>=3000,>=3000,>=3000,*
4478,>=3000,>=3000,>=3000,>=3000,>=3000,>=3000,*
4479,>=3000,>=3000,>=3000,>=3000,>=3000,>=3000,*
4480,>=3000,>=3000,>=3000,>=3000,>=3000,>=3000,*
4481,>=3000,>=3000,>=3000,>=3000,>=3000,>=3000,*
4482,>=3000,>=3000,>=3000,>=3000,>=3000,>=3000,*
4483,>=3000,>=3000,>=3000,>=3000,>=3000,>=3000,*
4484,>=3000,>=3000,>=3000,>=3000,>=3000,>=3000,*
4485,>=3000,>=3000,>=3000,>=3000,>=3000,>=3000,*
4486,>=3000,>=3000,>=3000,>=3000,>=3000,>=3000,*
4487,>=3000,>=3000,>=3000,>=3000,>=3000,>=3000,*
4488,>=3000,>=3000,>=3000,>=3000,>=3000,>=3000,*
4489,>=3000,>=3000,>=3000,>=3000,>=3000,>=3000,*
4490,>=3000,>=3000,>=3000,>=3000,>=3000,>=3000,*
4491,>=3000,>=3000,>=3000,>=3000,>=3000,>=3000,*
4492,>=3000,>=3000,>=3000,>=3000,>=3000,>=3000,*
4493,>=3000,>=3000,>=3000,>=3000,>=3000,>=3000,*
4494,>=3000,>=3000,>=3000,>=3000,>=3000,>=3000,*
4495,>=3000,>=3000,>=3000,>=3000,>=3000,>=3000,*
4496,>=3000,>=3000,>=3000,>=3000,>=3000,>=3000,*
4497,>=3000,>=3000,>=3000,>=3000,>=3000,>=3000,*
4498,>=3000,>=3000,>=3000,>=3000,>=3000,>=3000,*
4499,>=3000,>=3000,>=3000,>=3000,>=3000,>=3000,*
4500,>=3000,>=3000,>=3000,>=3000,>=3000,>=3000,*
4501,>=3000,>=3000,>=3000,>=3000,>=3000,>=3000,*
4502,>=3000,>=3000,>=3000,>=3000,>=3000,>=3000,*
4503,>=3000,>=3000,>=3000,>=3000,>=3000,>=3000,*
4504,>=3000,>=3000,>=3000,>=3000,>=3000,>=3000,*
4505,>=3000,>=3000,>=3000,>=3000,>=3000,>=3000,*
4506,>=3000,>=3000,>=3000,>=3000,>=3000,>=3000,*
4507,>=3000,>=3000,>=3000,>=3000,>=3000,>=3000,*
4508,>=3000,>=3000,>=3000,>=3000,>=3000,>=3000,*
4509,>=3000,>=3000,>=3000,>=3000,>=3000,>=3000,*
4510,>=3000,>=3000,>=3000,>=3000,>=3000,>=3000,*
4511,>=3000,>=3000,>=3000,>=3000,>=3000,>=3000,*
4512,>=3000,>=3000,>=3000,>=3000,>=3000,>=3000,*
4513,>=3000,>=3000,>=3000,>=3000,>=3000,>=3000,*
4514,>=3000,>=3000,>=3000,>=3000,>=3000,>=3000,*
4515,>=3000,>=3000,>=3000,>=3000,>=3000,>=3000,*
4516,>=3000,>=3000,>=3000,>=3000,>=3000,>=3000,*
4517,>=3000,>=3000,>=3000,>=3000,>=3000,>=3000,*
4518,>=3000,>=3000,>=3000,>=3000,>=3000,>=3000,*
4519,>=3000,>=3000,>=3000,>=3000,>=3000,>=3000,*
4520,>=3000,>=3000,>=3000,>=3000,>=3000,>=3000,*
4521,>=3000,>=3000,>=3000,>=3000,>=3000,>=3000,*
4522,>=3000,>=3000,>=3000,>=3000,>=3000,>=3000,*
4523,>=3000,>=3000,>=3000,>=3000,>=3000,>=3000,*
4524,>=3000,>=3000,>=3000,>=3000,>=3000,>=3000,*
4525,>=3000,>=3000,>=3000,>=3000,>=3000,>=3000,*
4526,>=3000,>=3000,>=3000,>=3000,>=3000,>=3000,*
4527,>=3000,>=3000,>=3000,>=3000,>=3000,>=3000,*
4528,>=3000,>=3000,>=3000,>=3000,>=3000,>=3000,*
4529,>=3000,>=3000,>=3000,>=3000,>=3000,>=3000,*
4530,>=3000,>=3000,>=3000,>=3000,>=3000,>=3000,*
4531,>=3000,>=3000,>=3000,>=3000,>=3000,>=3000,*
4532,>=3000,>=3000,>=3000,>=3000,>=3000,>=3000,*
4533,>=3000,>=3000,>=3000,>=3000,>=3000,>=3000,*
4534,>=3000,>=3000,>=3000,>=3000,>=3000,>=3000,*
4535,>=3000,>=3000,>=3000,>=3000,>=3000,>=3000,*
4536,>=3000,>=3000,>=3000,>=3000,>=3000,>=3000,*
4537,>=3000,>=3000,>=3000,>=3000,>=3000,>=3000,*
4538,>=3000,>=3000,>=3000,>=3000,>=3000,>=3000,*
4539,>=3000,>=3000,>=3000,>=3000,>=3000,>=3000,*
4540,>=3000,>=3000,>=3000,>=3000,>=3000,>=3000,*
4541,>=3000,>=3000,>=3000,>=3000,>=3000,>=3000,*
4542,>=3000,>=3000,>=3000,>=3000,>=3000,>=3000,*
4543,>=3000,>=3000,>=3000,>=3000,>=3000,>=3000,*
4544,>=3000,>=3000,>=3000,>=3000,>=3000,>=3000,*
4545,>=3000,>=3000,>=3000,>=3000,>=3000,>=3000,*
4546,>=3000,>=3000,>=3000,>=3000,>=3000,>=3000,*
4547,>=3000,>=3000,>=3000,>=3000,>=3000,>=3000,*
4548,>=3000,>=3000,>=3000,>=3000,>=3000,>=3000,*
4549,>=3000,>=3000,>=3000,>=3000,>=3000,>=3000,*
4550,>=3000,>=3000,>=3000,>=3000,>=3000,>=3000,*
4551,>=3000,>=3000,>=3000,>=3000,>=3000,>=3000,*
4552,>=3000,>=3000,>=3000,>=3000,>=3000,>=3000,*
4553,>=3000,>=3000,>=3000,>=3000,>=3000,>=3000,*
4554,>=3000,>=3000,>=3000,>=3000,>=3000,>=3000,*
4555,>=3000,>=3000,>=3000,>=3000,>=3000,>=3000,*
4556,>=3000,>=3000,>=3000,>=3000,>=3000,>=3000,*
4557,>=3000,>=3000,>=3000,>=3000,>=3000,>=3000,*
4558,>=3000,>=3000,>=3000,>=3000,>=3000,>=3000,*
4559,>=3000,>=3000,>=3000,>=3000,>=3000,>=3000,*
4560,>=3000,>=3000,>=3000,>=3000,>=3000,>=3000,*
4561,>=3000,>=3000,>=3000,>=3000,>=3000,>=3000,*
4562,>=3000,>=3000,>=3000,>=3000,>=3000,>=3000,*
4563,>=3000,>=3000,>=3000,>=3000,>=3000,>=3000,*
4564,>=3000,>=3000,>=3000,>=3000,>=3000,>=3000,*
4565,>=3000,>=3000,>=3000,>=3000,>=3000,>=3000,*
4566,>=3000,>=3000,>=3000,>=3000,>=3000,>=3000,*
4567,>=3000,>=3000,>=3000,>=3000,>=3000,>=3000,*
4568,>=3000,>=3000,>=3000,>=3000,>=3000,>=3000,*
4569,>=3000,>=3000,>=3000,>=3000,>=3000,>=3000,*
4570,>=3000,>=3000,>=3000,>=3000,>=3000,>=3000,*
4571,>=3000,>=3000,>=3000,>=3000,>=3000,>=3000,*
4572,>=3000,>=3000,>=3000,>=3000,>=3000,>=3000,*
4573,>=3000,>=3000,>=3000,>=3000,>=3000,>=3000,*
4574,>=3000,>=3000,>=3000,>=3000,>=3000,>=3000,*
4575,>=3000,>=3000,>=3000,>=3000,>=3000,>=3000,*
4576,>=3000,>=3000,>=3000,>=3000,>=3000,>=3000,*
4577,>=3000,>=3000,>=3000,>=3000,>=3000,>=3000,*
4578,>=3000,>=3000,>=3000,>=3000,>=3000,>=3000,*
4579,>=3000,>=3000,>=3000,>=3000,>=3000,>=3000,*
4580,>=3000,>=3000,>=3000,>=3000,>=3000,>=3000,*
4581,>=3000,>=3000,>=3000,>=3000,>=3000,>=3000,*
4582,>=3000,>=3000,>=3000,>=3000,>=3000,>=3000,*
4583,>=3000,>=3000,>=3000,>=3000,>=3000,>=3000,*
4584,>=3000,>=3000,>=3000,>=3000,>=3000,>=3000,*
4585,>=3000,>=3000,>=3000,>=3000,>=3000,>=3000,*
4586,>=3000,>=3000,>=3000,>=3000,>=3000,>=3000,*
4587,>=3000,>=3000,>=3000,>=3000,>=3000,>=3000,*
4588,>=3000,>=3000,>=3000,>=3000,>=3000,>=3000,*
4589,>=3000,>=3000,>=3000,>=3000,>=3000,>=3000,*
4590,>=3000,>=3000,>=3000,>=3000,>=3000,>=3000,*
4591,>=3000,>=3000,>=3000,>=3000,>=3000,>=3000,*
4592,>=3000,>=3000,>=3000,>=3000,>=3000,>=3000,*
4593,>=3000,>=3000,>=3000,>=3000,>=3000,>=3000,*
4594,>=3000,>=3000,>=3000,>=3000,>=3000,>=3000,*
4595,>=3000,>=3000,>=3000,>=3000,>=3000,>=3000,*
4596,>=3000,>=3000,>=3000,>=3000,>=3000,>=3000,*
4597,>=3000,>=3000,>=3000,>=3000,>=3000,>=3000,*
4598,>=3000,>=3000,>=3000,>=3000,>=3000,>=3000,*
4599,>=3000,>=3000,>=3000,>=3000,>=3000,>=3000,*
4600,>=3000,>=3000,>=3000,>=3000,>=3000,>=3000,*
4601,>=3000,>=3000,>=3000,>=3000,>=3000,>=3000,*
4602,>=3000,>=3000,>=3000,>=3000,>=3000,>=3000,*
4603,>=3000,>=3000,>=3000,>=3000,>=3000,>=3000,*
4604,>=3000,>=3000,>=3000,>=3000,>=3000,>=3000,*
4605,>=3000,>=3000,>=3000,>=3000,>=3000,>=3000,*
4606,>=3000,>=3000,>=3000,>=3000,>=3000,>=3000,*
4607,>=3000,>=3000,>=3000,>=3000,>=3000,>=3000,*
4608,>=3000,>=3000,>=3000,>=3000,>=3000,>=3000,*
4609,>=3000,>=3000,>=3000,>=3000,>=3000,>=3000,*
4610,>=3000,>=3000,>=3000,>=3000,>=3000,>=3000,*
4611,>=3000,>=3000,>=3000,>=3000,>=3000,>=3000,*
4612,>=3000,>=3000,>=3000,>=3000,>=3000,>=3000,*
4613,>=3000,>=3000,>=3000,>=3000,>=3000,>=3000,*
4614,>=3000,>=3000,>=3000,>=3000,>=3000,>=3000,*
4615,>=3000,>=3000,>=3000,>=3000,>=3000,>=3000,*
4616,>=3000,>=3000,>=3000,>=3000,>=3000,>=3000,*
4617,>=3000,>=3000,>=3000,>=3000,>=3000,>=3000,*
4618,>=3000,>=3000,>=3000,>=3000,>=3000,>=3000,*
4619,>=3000,>=3000,>=3000,>=3000,>=3000,>=3000,*
4620,>=3000,>=3000,>=3000,>=3000,>=3000,>=3000,*
4621,>=3000,>=3000,>=3000,>=3000,>=3000,>=3000,*
4622,>=3000,>=3000,>=3000,>=3000,>=3000,>=3000,*
4623,>=3000,>=3000,>=3000,>=3000,>=3000,>=3000,*
4624,>=3000,>=3000,>=3000,>=3000,>=3000,>=3000,*
4625,>=3000,>=3000,>=3000,>=3000,>=3000,>=3000,*
4626,>=3000,>=3000,>=3000,>=3000,>=3000,>=3000,*
4627,>=3000,>=3000,>=3000,>=3000,>=3000,>=3000,*
4628,>=3000,>=3000,>=3000,>=3000,>=3000,>=3000,*
4629,>=3000,>=3000,>=3000,>=3000,>=3000,>=3000,*
4630,>=3000,>=3000,>=3000,>=3000,>=3000,>=3000,*
4631,>=3000,>=3000,>=3000,>=3000,>=3000,>=3000,*
4632,>=3000,>=3000,>=3000,>=3000,>=3000,>=3000,*
4633,>=3000,>=3000,>=3000,>=3000,>=3000,>=3000,*
4634,>=3000,>=3000,>=3000,>=3000,>=3000,>=3000,*
4635,>=3000,>=3000,>=3000,>=3000,>=3000,>=3000,*
4636,>=3000,>=3000,>=3000,>=3000,>=3000,>=3000,*
4637,>=3000,>=3000,>=3000,>=3000,>=3000,>=3000,*
4638,>=3000,>=3000,>=3000,>=3000,>=3000,>=3000,*
4639,>=3000,>=3000,>=3000,>=3000,>=3000,>=3000,*
4640,>=3000,>=3000,>=3000,>=3000,>=3000,>=3000,*
4641,>=3000,>=3000,>=3000,>=3000,>=3000,>=3000,*
4642,>=3000,>=3000,>=3000,>=3000,>=3000,>=3000,*
4643,>=3000,>=3000,>=3000,>=3000,>=3000,>=3000,*
4644,>=3000,>=3000,>=3000,>=3000,>=3000,>=3000,*
4645,>=3000,>=3000,>=3000,>=3000,>=3000,>=3000,*
4646,>=3000,>=3000,>=3000,>=3000,>=3000,>=3000,*
4647,>=3000,>=3000,>=3000,>=3000,>=3000,>=3000,*
4648,>=3000,>=3000,>=3000,>=3000,>=3000,>=3000,*
4649,>=3000,>=3000,>=3000,>=3000,>=3000,>=3000,*
4650,>=3000,>=3000,>=3000,>=3000,>=3000,>=3000,*
4651,>=3000,>=3000,>=3000,>=3000,>=3000,>=3000,*
4652,>=3000,>=3000,>=3000,>=3000,>=3000,>=3000,*
4653,>=3000,>=3000,>=3000,>=3000,>=3000,>=3000,*
4654,>=3000,>=3000,>=3000,>=3000,>=3000,>=3000,*
4655,>=3000,>=3000,>=3000,>=3000,>=3000,>=3000,*
4656,>=3000,>=3000,>=3000,>=3000,>=3000,>=3000,*
4657,>=3000,>=3000,>=3000,>=3000,>=3000,>=3000,*
4658,>=3000,>=3000,>=3000,>=3000,>=3000,>=3000,*
4659,>=3000,>=3000,>=3000,>=3000,>=3000,>=3000,*
4660,>=3000,>=3000,>=3000,>=3000,>=3000,>=3000,*
4661,>=3000,>=3000,>=3000,>=3000,>=3000,>=3000,*
4662,>=3000,>=3000,>=3000,>=3000,>=3000,>=3000,*
4663,>=3000,>=3000,>=3000,>=3000,>=3000,>=3000,*
4664,>=3000,>=3000,>=3000,>=3000,>=3000,>=3000,*
4665,>=3000,>=3000,>=3000,>=3000,>=3000,>=3000,*
4666,>=3000,>=3000,>=3000,>=3000,>=3000,>=3000,*
4667,>=3000,>=3000,>=3000,>=3000,>=3000,>=3000,*
4668,>=3000,>=3000,>=3000,>=3000,>=3000,>=3000,*
4669,>=3000,>=3000,>=3000,>=3000,>=3000,>=3000,*
4670,>=3000,>=3000,>=3000,>=3000,>=3000,>=3000,*
4671,>=3000,>=3000,>=3000,>=3000,>=3000,>=3000,*
4672,>=3000,>=3000,>=3000,>=3000,>=3000,>=3000,*
4673,>=3000,>=3000,>=3000,>=3000,>=3000,>=3000,*
4674,>=3000,>=3000,>=3000,>=3000,>=3000,>=3000,*
4675,>=3000,>=3000,>=3000,>=3000,>=3000,>=3000,*
4676,>=3000,>=3000,>=3000,>=3000,>=3000,>=3000,*
4677,>=3000,>=3000,>=3000,>=3000,>=3000,>=3000,*
4678,>=3000,>=3000,>=3000,>=3000,>=3000,>=3000,*
4679,>=3000,>=3000,>=3000,>=3000,>=3000,>=3000,*
4680,>=3000,>=3000,>=3000,>=3000,>=3000,>=3000,*
4681,>=3000,>=3000,>=3000,>=3000,>=3000,>=3000,*
4682,>=3000,>=3000,>=3000,>=3000,>=3000,>=3000,*
4683,>=3000,>=3000,>=3000,>=3000,>=3000,>=3000,*
4684,>=3000,>=3000,>=3000,>=3000,>=3000,>=3000,*
4685,>=3000,>=3000,>=3000,>=3000,>=3000,>=3000,*
4686,>=3000,>=3000,>=3000,>=3000,>=3000,>=3000,*
4687,>=3000,>=3000,>=3000,>=3000,>=3000,>=3000,*
4688,>=3000,>=3000,>=3000,>=3000,>=3000,>=3000,*
4689,>=3000,>=3000,>=3000,>=3000,>=3000,>=3000,*
4690,>=3000,>=3000,>=3000,>=3000,>=3000,>=3000,*
4691,>=3000,>=3000,>=3000,>=3000,>=3000,>=3000,*
4692,>=3000,>=3000,>=3000,>=3000,>=3000,>=3000,*
4693,>=3000,>=3000,>=3000,>=3000,>=3000,>=3000,*
4694,>=3000,>=3000,>=3000,>=3000,>=3000,>=3000,*
4695,>=3000,>=3000,>=3000,>=3000,>=3000,>=3000,*
4696,>=3000,>=3000,>=3000,>=3000,>=3000,>=3000,*
4697,>=3000,>=3000,>=3000,>=3000,>=3000,>=3000,*
4698,>=3000,>=3000,>=3000,>=3000,>=3000,>=3000,*
4699,>=3000,>=3000,>=3000,>=3000,>=3000,>=3000,*
4700,>=3000,>=3000,>=3000,>=3000,>=3000,>=3000,*
4701,>=3000,>=3000,>=3000,>=3000,>=3000,>=3000,*
4702,>=3000,>=3000,>=3000,>=3000,>=3000,>=3000,*
4703,>=3000,>=3000,>=3000,>=3000,>=3000,>=3000,*
4704,>=3000,>=3000,>=3000,>=3000,>=3000,>=3000,*
4705,>=3000,>=3000,>=3000,>=3000,>=3000,>=3000,*
4706,>=3000,>=3000,>=3000,>=3000,>=3000,>=3000,*
4707,>=3000,>=3000,>=3000,>=3000,>=3000,>=3000,*
4708,>=3000,>=3000,>=3000,>=3000,>=3000,>=3000,*
4709,>=3000,>=3000,>=3000,>=3000,>=3000,>=3000,*
4710,>=3000,>=3000,>=3000,>=3000,>=3000,>=3000,*
4711,>=3000,>=3000,>=3000,>=3000,>=3000,>=3000,*
4712,>=3000,>=3000,>=3000,>=3000,>=3000,>=3000,*
4713,>=3000,>=3000,>=3000,>=3000,>=3000,>=3000,*
4714,>=3000,>=3000,>=3000,>=3000,>=3000,>=3000,*
4715,>=3000,>=3000,>=3000,>=3000,>=3000,>=3000,*
4716,>=3000,>=3000,>=3000,>=3000,>=3000,>=3000,*
4717,>=3000,>=3000,>=3000,>=3000,>=3000,>=3000,*
4718,>=3000,>=3000,>=3000,>=3000,>=3000,>=3000,*
4719,>=3000,>=3000,>=3000,>=3000,>=3000,>=3000,*
4720,>=3000,>=3000,>=3000,>=3000,>=3000,>=3000,*
4721,>=3000,>=3000,>=3000,>=3000,>=3000,>=3000,*
4722,>=3000,>=3000,>=3000,>=3000,>=3000,>=3000,*
4723,>=3000,>=3000,>=3000,>=3000,>=3000,>=3000,*
4724,>=3000,>=3000,>=3000,>=3000,>=3000,>=3000,*
4725,>=3000,>=3000,>=3000,>=3000,>=3000,>=3000,*
4726,>=3000,>=3000,>=3000,>=3000,>=3000,>=3000,*
4727,>=3000,>=3000,>=3000,>=3000,>=3000,>=3000,*
4728,>=3000,>=3000,>=3000,>=3000,>=3000,>=3000,*
4729,>=3000,>=3000,>=3000,>=3000,>=3000,>=3000,*
4730,>=3000,>=3000,>=3000,>=3000,>=3000,>=3000,*
4731,>=3000,>=3000,>=3000,>=3000,>=3000,>=3000,*
4732,>=3000,>=3000,>=3000,>=3000,>=3000,>=3000,*
4733,>=3000,>=3000,>=3000,>=3000,>=3000,>=3000,*
4734,>=3000,>=3000,>=3000,>=3000,>=3000,>=3000,*
4735,>=3000,>=3000,>=3000,>=3000,>=3000,>=3000,*
4736,>=3000,>=3000,>=3000,>=3000,>=3000,>=3000,*
4737,>=3000,>=3000,>=3000,>=3000,>=3000,>=3000,*
4738,>=3000,>=3000,>=3000,>=3000,>=3000,>=3000,*
4739,>=3000,>=3000,>=3000,>=3000,>=3000,>=3000,*
4740,>=3000,>=3000,>=3000,>=3000,>=3000,>=3000,*
4741,>=3000,>=3000,>=3000,>=3000,>=3000,>=3000,*
4742,>=3000,>=3000,>=3000,>=3000,>=3000,>=3000,*
4743,>=3000,>=3000,>=3000,>=3000,>=3000,>=3000,*
4744,>=3000,>=3000,>=3000,>=3000,>=3000,>=3000,*
4745,>=3000,>=3000,>=3000,>=3000,>=3000,>=3000,*
4746,>=3000,>=3000,>=3000,>=3000,>=3000,>=3000,*
4747,>=3000,>=3000,>=3000,>=3000,>=3000,>=3000,*
4748,>=3000,>=3000,>=3000,>=3000,>=3000,>=3000,*
4749,>=3000,>=3000,>=3000,>=3000,>=3000,>=3000,*
4750,>=3000,>=3000,>=3000,>=3000,>=3000,>=3000,*
4751,>=3000,>=3000,>=3000,>=3000,>=3000,>=3000,*
4752,>=3000,>=3000,>=3000,>=3000,>=3000,>=3000,*
4753,>=3000,>=3000,>=3000,>=3000,>=3000,>=3000,*
4754,>=3000,>=3000,>=3000,>=3000,>=3000,>=3000,*
4755,>=3000,>=3000,>=3000,>=3000,>=3000,>=3000,*
4756,>=3000,>=3000,>=3000,>=3000,>=3000,>=3000,*
4757,>=3000,>=3000,>=3000,>=3000,>=3000,>=3000,*
4758,>=3000,>=3000,>=3000,>=3000,>=3000,>=3000,*
4759,>=3000,>=3000,>=3000,>=3000,>=3000,>=3000,*
4760,>=3000,>=3000,>=3000,>=3000,>=3000,>=3000,*
4761,>=3000,>=3000,>=3000,>=3000,>=3000,>=3000,*
4762,>=3000,>=3000,>=3000,>=3000,>=3000,>=3000,*
4763,>=3000,>=3000,>=3000,>=3000,>=3000,>=3000,*
4764,>=3000,>=3000,>=3000,>=3000,>=3000,>=3000,*
4765,>=3000,>=3000,>=3000,>=3000,>=3000,>=3000,*
4766,>=3000,>=3000,>=3000,>=3000,>=3000,>=3000,*
4767,>=3000,>=3000,>=3000,>=3000,>=3000,>=3000,*
4768,>=3000,>=3000,>=3000,>=3000,>=3000,>=3000,*
4769,>=3000,>=3000,>=3000,>=3000,>=3000,>=3000,*
4770,>=3000,>=3000,>=3000,>=3000,>=3000,>=3000,*
4771,>=3000,>=3000,>=3000,>=3000,>=3000,>=3000,*
4772,>=3000,>=3000,>=3000,>=3000,>=3000,>=3000,*
4773,>=3000,>=3000,>=3000,>=3000,>=3000,>=3000,*
4774,>=3000,>=3000,>=3000,>=3000,>=3000,>=3000,*
4775,>=3000,>=3000,>=3000,>=3000,>=3000,>=3000,*
4776,>=3000,>=3000,>=3000,>=3000,>=3000,>=3000,*
4777,>=3000,>=3000,>=3000,>=3000,>=3000,>=3000,*
4778,>=3000,>=3000,>=3000,>=3000,>=3000,>=3000,*
4779,>=3000,>=3000,>=3000,>=3000,>=3000,>=3000,*
4780,>=3000,>=3000,>=3000,>=3000,>=3000,>=3000,*
4781,>=3000,>=3000,>=3000,>=3000,>=3000,>=3000,*
4782,>=3000,>=3000,>=3000,>=3000,>=3000,>=3000,*
4783,>=3000,>=3000,>=3000,>=3000,>=3000,>=3000,*
4784,>=3000,>=3000,>=3000,>=3000,>=3000,>=3000,*
4785,>=3000,>=3000,>=3000,>=3000,>=3000,>=3000,*
4786,>=3000,>=3000,>=3000,>=3000,>=3000,>=3000,*
4787,>=3000,>=3000,>=3000,>=3000,>=3000,>=3000,*
4788,>=3000,>=3000,>=3000,>=3000,>=3000,>=3000,*
4789,>=3000,>=3000,>=3000,>=3000,>=3000,>=3000,*
4790,>=3000,>=3000,>=3000,>=3000,>=3000,>=3000,*
4791,>=3000,>=3000,>=3000,>=3000,>=3000,>=3000,*
4792,>=3000,>=3000,>=3000,>=3000,>=3000,>=3000,*
4793,>=3000,>=3000,>=3000,>=3000,>=3000,>=3000,*
4794,>=3000,>=3000,>=3000,>=3000,>=3000,>=3000,*
4795,>=3000,>=3000,>=3000,>=3000,>=3000,>=3000,*
4796,>=3000,>=3000,>=3000,>=3000,>=3000,>=3000,*
4797,>=3000,>=3000,>=3000,>=3000,>=3000,>=3000,*
4798,>=3000,>=3000,>=3000,>=3000,>=3000,>=3000,*
4799,>=3000,>=3000,>=3000,>=3000,>=3000,>=3000,*
4800,>=3000,>=3000,>=3000,>=3000,>=3000,>=3000,*
4801,>=3000,>=3000,>=3000,>=3000,>=3000,>=3000,*
4802,>=3000,>=3000,>=3000,>=3000,>=3000,>=3000,*
4803,>=3000,>=3000,>=3000,>=3000,>=3000,>=3000,*
4804,>=3000,>=3000,>=3000,>=3000,>=3000,>=3000,*
4805,>=3000,>=3000,>=3000,>=3000,>=3000,>=3000,*
4806,>=3000,>=3000,>=3000,>=3000,>=3000,>=3000,*
4807,>=3000,>=3000,>=3000,>=3000,>=3000,>=3000,*
4808,>=3000,>=3000,>=3000,>=3000,>=3000,>=3000,*
4809,>=3000,>=3000,>=3000,>=3000,>=3000,>=3000,*
4810,>=3000,>=3000,>=3000,>=3000,>=3000,>=3000,*
4811,>=3000,>=3000,>=3000,>=3000,>=3000,>=3000,*
4812,>=3000,>=3000,>=3000,>=3000,>=3000,>=3000,*
4813,>=3000,>=3000,>=3000,>=3000,>=3000,>=3000,*
4814,>=3000,>=3000,>=3000,>=3000,>=3000,>=3000,*
4815,>=3000,>=3000,>=3000,>=3000,>=3000,>=3000,*
4816,>=3000,>=3000,>=3000,>=3000,>=3000,>=3000,*
4817,>=3000,>=3000,>=3000,>=3000,>=3000,>=3000,*
4818,>=3000,>=3000,>=3000,>=3000,>=3000,>=3000,*
4819,>=3000,>=3000,>=3000,>=3000,>=3000,>=3000,*
4820,>=3000,>=3000,>=3000,>=3000,>=3000,>=3000,*
4821,>=3000,>=3000,>=3000,>=3000,>=3000,>=3000,*
4822,>=3000,>=3000,>=3000,>=3000,>=3000,>=3000,*
4823,>=3000,>=3000,>=3000,>=3000,>=3000,>=3000,*
4824,>=3000,>=3000,>=3000,>=3000,>=3000,>=3000,*
4825,>=3000,>=3000,>=3000,>=3000,>=3000,>=3000,*
4826,>=3000,>=3000,>=3000,>=3000,>=3000,>=3000,*
4827,>=3000,>=3000,>=3000,>=3000,>=3000,>=3000,*
4828,>=3000,>=3000,>=3000,>=3000,>=3000,>=3000,*
4829,>=3000,>=3000,>=3000,>=3000,>=3000,>=3000,*
4830,>=3000,>=3000,>=3000,>=3000,>=3000,>=3000,*
4831,>=3000,>=3000,>=3000,>=3000,>=3000,>=3000,*
4832,>=3000,>=3000,>=3000,>=3000,>=3000,>=3000,*
4833,>=3000,>=3000,>=3000,>=3000,>=3000,>=3000,*
4834,>=3000,>=3000,>=3000,>=3000,>=3000,>=3000,*
4835,>=3000,>=3000,>=3000,>=3000,>=3000,>=3000,*
4836,>=3000,>=3000,>=3000,>=3000,>=3000,>=3000,*
4837,>=3000,>=3000,>=3000,>=3000,>=3000,>=3000,*
4838,>=3000,>=3000,>=3000,>=3000,>=3000,>=3000,*
4839,>=3000,>=3000,>=3000,>=3000,>=3000,>=3000,*
4840,>=3000,>=3000,>=3000,>=3000,>=3000,>=3000,*
4841,>=3000,>=3000,>=3000,>=3000,>=3000,>=3000,*
4842,>=3000,>=3000,>=3000,>=3000,>=3000,>=3000,*
4843,>=3000,>=3000,>=3000,>=3000,>=3000,>=3000,*
4844,>=3000,>=3000,>=3000,>=3000,>=3000,>=3000,*
4845,>=3000,>=3000,>=3000,>=3000,>=3000,>=3000,*
4846,>=3000,>=3000,>=3000,>=3000,>=3000,>=3000,*
4847,>=3000,>=3000,>=3000,>=3000,>=3000,>=3000,*
4848,>=3000,>=3000,>=3000,>=3000,>=3000,>=3000,*
4849,>=3000,>=3000,>=3000,>=3000,>=3000,>=3000,*
4850,>=3000,>=3000,>=3000,>=3000,>=3000,>=3000,*
4851,>=3000,>=3000,>=3000,>=3000,>=3000,>=3000,*
4852,>=3000,>=3000,>=3000,>=3000,>=3000,>=3000,*
4853,>=3000,>=3000,>=3000,>=3000,>=3000,>=3000,*
4854,>=3000,>=3000,>=3000,>=3000,>=3000,>=3000,*
4855,>=3000,>=3000,>=3000,>=3000,>=3000,>=3000,*
4856,>=3000,>=3000,>=3000,>=3000,>=3000,>=3000,*
4857,>=3000,>=3000,>=3000,>=3000,>=3000,>=3000,*
4858,>=3000,>=3000,>=3000,>=3000,>=3000,>=3000,*
4859,>=3000,>=3000,>=3000,>=3000,>=3000,>=3000,*
4860,>=3000,>=3000,>=3000,>=3000,>=3000,>=3000,*
4861,>=3000,>=3000,>=3000,>=3000,>=3000,>=3000,*
4862,>=3000,>=3000,>=3000,>=3000,>=3000,>=3000,*
4863,>=3000,>=3000,>=3000,>=3000,>=3000,>=3000,*
4864,>=3000,>=3000,>=3000,>=3000,>=3000,>=3000,*
4865,>=3000,>=3000,>=3000,>=3000,>=3000,>=3000,*
4866,>=3000,>=3000,>=3000,>=3000,>=3000,>=3000,*
4867,>=3000,>=3000,>=3000,>=3000,>=3000,>=3000,*
4868,>=3000,>=3000,>=3000,>=3000,>=3000,>=3000,*
4869,>=3000,>=3000,>=3000,>=3000,>=3000,>=3000,*
4870,>=3000,>=3000,>=3000,>=3000,>=3000,>=3000,*
4871,>=3000,>=3000,>=3000,>=3000,>=3000,>=3000,*
4872,>=3000,>=3000,>=3000,>=3000,>=3000,>=3000,*
4873,>=3000,>=3000,>=3000,>=3000,>=3000,>=3000,*
4874,>=3000,>=3000,>=3000,>=3000,>=3000,>=3000,*
4875,>=3000,>=3000,>=3000,>=3000,>=3000,>=3000,*
4876,>=3000,>=3000,>=3000,>=3000,>=3000,>=3000,*
4877,>=3000,>=3000,>=3000,>=3000,>=3000,>=3000,*
4878,>=3000,>=3000,>=3000,>=3000,>=3000,>=3000,*
4879,>=3000,>=3000,>=3000,>=3000,>=3000,>=3000,*
4880,>=3000,>=3000,>=3000,>=3000,>=3000,>=3000,*
4881,>=3000,>=3000,>=3000,>=3000,>=3000,>=3000,*
4882,>=3000,>=3000,>=3000,>=3000,>=3000,>=3000,*
4883,>=3000,>=3000,>=3000,>=3000,>=3000,>=3000,*
4884,>=3000,>=3000,>=3000,>=3000,>=3000,>=3000,*
4885,>=3000,>=3000,>=3000,>=3000,>=3000,>=3000,*
4886,>=3000,>=3000,>=3000,>=3000,>=3000,>=3000,*
4887,>=3000,>=3000,>=3000,>=3000,>=3000,>=3000,*
4888,>=3000,>=3000,>=3000,>=3000,>=3000,>=3000,*
4889,>=3000,>=3000,>=3000,>=3000,>=3000,>=3000,*
4890,>=3000,>=3000,>=3000,>=3000,>=3000,>=3000,*
4891,>=3000,>=3000,>=3000,>=3000,>=3000,>=3000,*
4892,>=3000,>=3000,>=3000,>=3000,>=3000,>=3000,*
4893,>=3000,>=3000,>=3000,>=3000,>=3000,>=3000,*
4894,>=3000,>=3000,>=3000,>=3000,>=3000,>=3000,*
4895,>=3000,>=3000,>=3000,>=3000,>=3000,>=3000,*
4896,>=3000,>=3000,>=3000,>=3000,>=3000,>=3000,*
4897,>=3000,>=3000,>=3000,>=3000,>=3000,>=3000,*
4898,>=3000,>=3000,>=3000,>=3000,>=3000,>=3000,*
4899,>=3000,>=3000,>=3000,>=3000,>=3000,>=3000,*
4900,>=3000,>=3000,>=3000,>=3000,>=3000,>=3000,*
4901,>=3000,>=3000,>=3000,>=3000,>=3000,>=3000,*
4902,>=3000,>=3000,>=3000,>=3000,>=3000,>=3000,*
4903,>=3000,>=3000,>=3000,>=3000,>=3000,>=3000,*
4904,>=3000,>=3000,>=3000,>=3000,>=3000,>=3000,*
4905,>=3000,>=3000,>=3000,>=3000,>=3000,>=3000,*
4906,>=3000,>=3000,>=3000,>=3000,>=3000,>=3000,*
4907,>=3000,>=3000,>=3000,>=3000,>=3000,>=3000,*
4908,>=3000,>=3000,>=3000,>=3000,>=3000,>=3000,*
4909,>=3000,>=3000,>=3000,>=3000,>=3000,>=3000,*
4910,>=3000,>=3000,>=3000,>=3000,>=3000,>=3000,*
4911,>=3000,>=3000,>=3000,>=3000,>=3000,>=3000,*
4912,>=3000,>=3000,>=3000,>=3000,>=3000,>=3000,*
4913,>=3000,>=3000,>=3000,>=3000,>=3000,>=3000,*
4914,>=3000,>=3000,>=3000,>=3000,>=3000,>=3000,*
4915,>=3000,>=3000,>=3000,>=3000,>=3000,>=3000,*
4916,>=3000,>=3000,>=3000,>=3000,>=3000,>=3000,*
4917,>=3000,>=3000,>=3000,>=3000,>=3000,>=3000,*
4918,>=3000,>=3000,>=3000,>=3000,>=3000,>=3000,*
4919,>=3000,>=3000,>=3000,>=3000,>=3000,>=3000,*
