0,"[0,50[","[0,100[","[0,250[","[0,500[","[0,3000[","[0,3000[.1",*
1,"[0,50[","[0,100[","[0,250[","[0,500[","[0,3000[","[0,3000[",*
2,"[0,50[","[0,100[","[0,250[","[0,500[","[0,3000[","[0,3000[",*
3,"[0,50[","[0,100[","[0,250[","[0,500[","[0,3000[","[0,3000[",*
4,"[0,50[","[0,100[","[0,250[","[0,500[","[0,3000[","[0,3000[",*
5,"[0,50[","[0,100[","[0,250[","[0,500[","[0,3000[","[0,3000[",*
6,"[0,50[","[0,100[","[0,250[","[0,500[","[0,3000[","[0,3000[",*
7,"[0,50[","[0,100[","[0,250[","[0,500[","[0,3000[","[0,3000[",*
8,"[0,50[","[0,100[","[0,250[","[0,500[","[0,3000[","[0,3000[",*
9,"[0,50[","[0,100[","[0,250[","[0,500[","[0,3000[","[0,3000[",*
10,"[0,50[","[0,100[","[0,250[","[0,500[","[0,3000[","[0,3000[",*
11,"[0,50[","[0,100[","[0,250[","[0,500[","[0,3000[","[0,3000[",*
12,"[0,50[","[0,100[","[0,250[","[0,500[","[0,3000[","[0,3000[",*
13,"[0,50[","[0,100[","[0,250[","[0,500[","[0,3000[","[0,3000[",*
14,"[0,50[","[0,100[","[0,250[","[0,500[","[0,3000[","[0,3000[",*
15,"[0,50[","[0,100[","[0,250[","[0,500[","[0,3000[","[0,3000[",*
16,"[0,50[","[0,100[","[0,250[","[0,500[","[0,3000[","[0,3000[",*
17,"[0,50[","[0,100[","[0,250[","[0,500[","[0,3000[","[0,3000[",*
18,"[0,50[","[0,100[","[0,250[","[0,500[","[0,3000[","[0,3000[",*
19,"[0,50[","[0,100[","[0,250[","[0,500[","[0,3000[","[0,3000[",*
20,"[0,50[","[0,100[","[0,250[","[0,500[","[0,3000[","[0,3000[",*
21,"[0,50[","[0,100[","[0,250[","[0,500[","[0,3000[","[0,3000[",*
22,"[0,50[","[0,100[","[0,250[","[0,500[","[0,3000[","[0,3000[",*
23,"[0,50[","[0,100[","[0,250[","[0,500[","[0,3000[","[0,3000[",*
24,"[0,50[","[0,100[","[0,250[","[0,500[","[0,3000[","[0,3000[",*
25,"[0,50[","[0,100[","[0,250[","[0,500[","[0,3000[","[0,3000[",*
26,"[0,50[","[0,100[","[0,250[","[0,500[","[0,3000[","[0,3000[",*
27,"[0,50[","[0,100[","[0,250[","[0,500[","[0,3000[","[0,3000[",*
28,"[0,50[","[0,100[","[0,250[","[0,500[","[0,3000[","[0,3000[",*
29,"[0,50[","[0,100[","[0,250[","[0,500[","[0,3000[","[0,3000[",*
30,"[0,50[","[0,100[","[0,250[","[0,500[","[0,3000[","[0,3000[",*
31,"[0,50[","[0,100[","[0,250[","[0,500[","[0,3000[","[0,3000[",*
32,"[0,50[","[0,100[","[0,250[","[0,500[","[0,3000[","[0,3000[",*
33,"[0,50[","[0,100[","[0,250[","[0,500[","[0,3000[","[0,3000[",*
34,"[0,50[","[0,100[","[0,250[","[0,500[","[0,3000[","[0,3000[",*
35,"[0,50[","[0,100[","[0,250[","[0,500[","[0,3000[","[0,3000[",*
36,"[0,50[","[0,100[","[0,250[","[0,500[","[0,3000[","[0,3000[",*
37,"[0,50[","[0,100[","[0,250[","[0,500[","[0,3000[","[0,3000[",*
38,"[0,50[","[0,100[","[0,250[","[0,500[","[0,3000[","[0,3000[",*
39,"[0,50[","[0,100[","[0,250[","[0,500[","[0,3000[","[0,3000[",*
40,"[0,50[","[0,100[","[0,250[","[0,500[","[0,3000[","[0,3000[",*
41,"[0,50[","[0,100[","[0,250[","[0,500[","[0,3000[","[0,3000[",*
42,"[0,50[","[0,100[","[0,250[","[0,500[","[0,3000[","[0,3000[",*
43,"[0,50[","[0,100[","[0,250[","[0,500[","[0,3000[","[0,3000[",*
44,"[0,50[","[0,100[","[0,250[","[0,500[","[0,3000[","[0,3000[",*
45,"[0,50[","[0,100[","[0,250[","[0,500[","[0,3000[","[0,3000[",*
46,"[0,50[","[0,100[","[0,250[","[0,500[","[0,3000[","[0,3000[",*
47,"[0,50[","[0,100[","[0,250[","[0,500[","[0,3000[","[0,3000[",*
48,"[0,50[","[0,100[","[0,250[","[0,500[","[0,3000[","[0,3000[",*
49,"[0,50[","[0,100[","[0,250[","[0,500[","[0,3000[","[0,3000[",*
50,"[50,100[","[0,100[","[0,250[","[0,500[","[0,3000[","[0,3000[",*
51,"[50,100[","[0,100[","[0,250[","[0,500[","[0,3000[","[0,3000[",*
52,"[50,100[","[0,100[","[0,250[","[0,500[","[0,3000[","[0,3000[",*
53,"[50,100[","[0,100[","[0,250[","[0,500[","[0,3000[","[0,3000[",*
54,"[50,100[","[0,100[","[0,250[","[0,500[","[0,3000[","[0,3000[",*
55,"[50,100[","[0,100[","[0,250[","[0,500[","[0,3000[","[0,3000[",*
56,"[50,100[","[0,100[","[0,250[","[0,500[","[0,3000[","[0,3000[",*
57,"[50,100[","[0,100[","[0,250[","[0,500[","[0,3000[","[0,3000[",*
58,"[50,100[","[0,100[","[0,250[","[0,500[","[0,3000[","[0,3000[",*
59,"[50,100[","[0,100[","[0,250[","[0,500[","[0,3000[","[0,3000[",*
60,"[50,100[","[0,100[","[0,250[","[0,500[","[0,3000[","[0,3000[",*
61,"[50,100[","[0,100[","[0,250[","[0,500[","[0,3000[","[0,3000[",*
62,"[50,100[","[0,100[","[0,250[","[0,500[","[0,3000[","[0,3000[",*
63,"[50,100[","[0,100[","[0,250[","[0,500[","[0,3000[","[0,3000[",*
64,"[50,100[","[0,100[","[0,250[","[0,500[","[0,3000[","[0,3000[",*
65,"[50,100[","[0,100[","[0,250[","[0,500[","[0,3000[","[0,3000[",*
66,"[50,100[","[0,100[","[0,250[","[0,500[","[0,3000[","[0,3000[",*
67,"[50,100[","[0,100[","[0,250[","[0,500[","[0,3000[","[0,3000[",*
68,"[50,100[","[0,100[","[0,250[","[0,500[","[0,3000[","[0,3000[",*
69,"[50,100[","[0,100[","[0,250[","[0,500[","[0,3000[","[0,3000[",*
70,"[50,100[","[0,100[","[0,250[","[0,500[","[0,3000[","[0,3000[",*
71,"[50,100[","[0,100[","[0,250[","[0,500[","[0,3000[","[0,3000[",*
72,"[50,100[","[0,100[","[0,250[","[0,500[","[0,3000[","[0,3000[",*
73,"[50,100[","[0,100[","[0,250[","[0,500[","[0,3000[","[0,3000[",*
74,"[50,100[","[0,100[","[0,250[","[0,500[","[0,3000[","[0,3000[",*
75,"[50,100[","[0,100[","[0,250[","[0,500[","[0,3000[","[0,3000[",*
76,"[50,100[","[0,100[","[0,250[","[0,500[","[0,3000[","[0,3000[",*
77,"[50,100[","[0,100[","[0,250[","[0,500[","[0,3000[","[0,3000[",*
78,"[50,100[","[0,100[","[0,250[","[0,500[","[0,3000[","[0,3000[",*
79,"[50,100[","[0,100[","[0,250[","[0,500[","[0,3000[","[0,3000[",*
80,"[50,100[","[0,100[","[0,250[","[0,500[","[0,3000[","[0,3000[",*
81,"[50,100[","[0,100[","[0,250[","[0,500[","[0,3000[","[0,3000[",*
82,"[50,100[","[0,100[","[0,250[","[0,500[","[0,3000[","[0,3000[",*
83,"[50,100[","[0,100[","[0,250[","[0,500[","[0,3000[","[0,3000[",*
84,"[50,100[","[0,100[","[0,250[","[0,500[","[0,3000[","[0,3000[",*
85,"[50,100[","[0,100[","[0,250[","[0,500[","[0,3000[","[0,3000[",*
86,"[50,100[","[0,100[","[0,250[","[0,500[","[0,3000[","[0,3000[",*
87,"[50,100[","[0,100[","[0,250[","[0,500[","[0,3000[","[0,3000[",*
88,"[50,100[","[0,100[","[0,250[","[0,500[","[0,3000[","[0,3000[",*
89,"[50,100[","[0,100[","[0,250[","[0,500[","[0,3000[","[0,3000[",*
90,"[50,100[","[0,100[","[0,250[","[0,500[","[0,3000[","[0,3000[",*
91,"[50,100[","[0,100[","[0,250[","[0,500[","[0,3000[","[0,3000[",*
92,"[50,100[","[0,100[","[0,250[","[0,500[","[0,3000[","[0,3000[",*
93,"[50,100[","[0,100[","[0,250[","[0,500[","[0,3000[","[0,3000[",*
94,"[50,100[","[0,100[","[0,250[","[0,500[","[0,3000[","[0,3000[",*
95,"[50,100[","[0,100[","[0,250[","[0,500[","[0,3000[","[0,3000[",*
96,"[50,100[","[0,100[","[0,250[","[0,500[","[0,3000[","[0,3000[",*
97,"[50,100[","[0,100[","[0,250[","[0,500[","[0,3000[","[0,3000[",*
98,"[50,100[","[0,100[","[0,250[","[0,500[","[0,3000[","[0,3000[",*
99,"[50,100[","[0,100[","[0,250[","[0,500[","[0,3000[","[0,3000[",*
100,"[100,150[","[100,200[","[0,250[","[0,500[","[0,3000[","[0,3000[",*
101,"[100,150[","[100,200[","[0,250[","[0,500[","[0,3000[","[0,3000[",*
102,"[100,150[","[100,200[","[0,250[","[0,500[","[0,3000[","[0,3000[",*
103,"[100,150[","[100,200[","[0,250[","[0,500[","[0,3000[","[0,3000[",*
104,"[100,150[","[100,200[","[0,250[","[0,500[","[0,3000[","[0,3000[",*
105,"[100,150[","[100,200[","[0,250[","[0,500[","[0,3000[","[0,3000[",*
106,"[100,150[","[100,200[","[0,250[","[0,500[","[0,3000[","[0,3000[",*
107,"[100,150[","[100,200[","[0,250[","[0,500[","[0,3000[","[0,3000[",*
108,"[100,150[","[100,200[","[0,250[","[0,500[","[0,3000[","[0,3000[",*
109,"[100,150[","[100,200[","[0,250[","[0,500[","[0,3000[","[0,3000[",*
110,"[100,150[","[100,200[","[0,250[","[0,500[","[0,3000[","[0,3000[",*
111,"[100,150[","[100,200[","[0,250[","[0,500[","[0,3000[","[0,3000[",*
112,"[100,150[","[100,200[","[0,250[","[0,500[","[0,3000[","[0,3000[",*
113,"[100,150[","[100,200[","[0,250[","[0,500[","[0,3000[","[0,3000[",*
114,"[100,150[","[100,200[","[0,250[","[0,500[","[0,3000[","[0,3000[",*
115,"[100,150[","[100,200[","[0,250[","[0,500[","[0,3000[","[0,3000[",*
116,"[100,150[","[100,200[","[0,250[","[0,500[","[0,3000[","[0,3000[",*
117,"[100,150[","[100,200[","[0,250[","[0,500[","[0,3000[","[0,3000[",*
118,"[100,150[","[100,200[","[0,250[","[0,500[","[0,3000[","[0,3000[",*
119,"[100,150[","[100,200[","[0,250[","[0,500[","[0,3000[","[0,3000[",*
120,"[100,150[","[100,200[","[0,250[","[0,500[","[0,3000[","[0,3000[",*
121,"[100,150[","[100,200[","[0,250[","[0,500[","[0,3000[","[0,3000[",*
122,"[100,150[","[100,200[","[0,250[","[0,500[","[0,3000[","[0,3000[",*
123,"[100,150[","[100,200[","[0,250[","[0,500[","[0,3000[","[0,3000[",*
124,"[100,150[","[100,200[","[0,250[","[0,500[","[0,3000[","[0,3000[",*
125,"[100,150[","[100,200[","[0,250[","[0,500[","[0,3000[","[0,3000[",*
126,"[100,150[","[100,200[","[0,250[","[0,500[","[0,3000[","[0,3000[",*
127,"[100,150[","[100,200[","[0,250[","[0,500[","[0,3000[","[0,3000[",*
128,"[100,150[","[100,200[","[0,250[","[0,500[","[0,3000[","[0,3000[",*
129,"[100,150[","[100,200[","[0,250[","[0,500[","[0,3000[","[0,3000[",*
130,"[100,150[","[100,200[","[0,250[","[0,500[","[0,3000[","[0,3000[",*
131,"[100,150[","[100,200[","[0,250[","[0,500[","[0,3000[","[0,3000[",*
132,"[100,150[","[100,200[","[0,250[","[0,500[","[0,3000[","[0,3000[",*
133,"[100,150[","[100,200[","[0,250[","[0,500[","[0,3000[","[0,3000[",*
134,"[100,150[","[100,200[","[0,250[","[0,500[","[0,3000[","[0,3000[",*
135,"[100,150[","[100,200[","[0,250[","[0,500[","[0,3000[","[0,3000[",*
136,"[100,150[","[100,200[","[0,250[","[0,500[","[0,3000[","[0,3000[",*
137,"[100,150[","[100,200[","[0,250[","[0,500[","[0,3000[","[0,3000[",*
138,"[100,150[","[100,200[","[0,250[","[0,500[","[0,3000[","[0,3000[",*
139,"[100,150[","[100,200[","[0,250[","[0,500[","[0,3000[","[0,3000[",*
140,"[100,150[","[100,200[","[0,250[","[0,500[","[0,3000[","[0,3000[",*
141,"[100,150[","[100,200[","[0,250[","[0,500[","[0,3000[","[0,3000[",*
142,"[100,150[","[100,200[","[0,250[","[0,500[","[0,3000[","[0,3000[",*
143,"[100,150[","[100,200[","[0,250[","[0,500[","[0,3000[","[0,3000[",*
144,"[100,150[","[100,200[","[0,250[","[0,500[","[0,3000[","[0,3000[",*
145,"[100,150[","[100,200[","[0,250[","[0,500[","[0,3000[","[0,3000[",*
146,"[100,150[","[100,200[","[0,250[","[0,500[","[0,3000[","[0,3000[",*
147,"[100,150[","[100,200[","[0,250[","[0,500[","[0,3000[","[0,3000[",*
148,"[100,150[","[100,200[","[0,250[","[0,500[","[0,3000[","[0,3000[",*
149,"[100,150[","[100,200[","[0,250[","[0,500[","[0,3000[","[0,3000[",*
150,"[150,200[","[100,200[","[0,250[","[0,500[","[0,3000[","[0,3000[",*
151,"[150,200[","[100,200[","[0,250[","[0,500[","[0,3000[","[0,3000[",*
152,"[150,200[","[100,200[","[0,250[","[0,500[","[0,3000[","[0,3000[",*
153,"[150,200[","[100,200[","[0,250[","[0,500[","[0,3000[","[0,3000[",*
154,"[150,200[","[100,200[","[0,250[","[0,500[","[0,3000[","[0,3000[",*
155,"[150,200[","[100,200[","[0,250[","[0,500[","[0,3000[","[0,3000[",*
156,"[150,200[","[100,200[","[0,250[","[0,500[","[0,3000[","[0,3000[",*
157,"[150,200[","[100,200[","[0,250[","[0,500[","[0,3000[","[0,3000[",*
158,"[150,200[","[100,200[","[0,250[","[0,500[","[0,3000[","[0,3000[",*
159,"[150,200[","[100,200[","[0,250[","[0,500[","[0,3000[","[0,3000[",*
160,"[150,200[","[100,200[","[0,250[","[0,500[","[0,3000[","[0,3000[",*
161,"[150,200[","[100,200[","[0,250[","[0,500[","[0,3000[","[0,3000[",*
162,"[150,200[","[100,200[","[0,250[","[0,500[","[0,3000[","[0,3000[",*
163,"[150,200[","[100,200[","[0,250[","[0,500[","[0,3000[","[0,3000[",*
164,"[150,200[","[100,200[","[0,250[","[0,500[","[0,3000[","[0,3000[",*
165,"[150,200[","[100,200[","[0,250[","[0,500[","[0,3000[","[0,3000[",*
166,"[150,200[","[100,200[","[0,250[","[0,500[","[0,3000[","[0,3000[",*
167,"[150,200[","[100,200[","[0,250[","[0,500[","[0,3000[","[0,3000[",*
168,"[150,200[","[100,200[","[0,250[","[0,500[","[0,3000[","[0,3000[",*
169,"[150,200[","[100,200[","[0,250[","[0,500[","[0,3000[","[0,3000[",*
170,"[150,200[","[100,200[","[0,250[","[0,500[","[0,3000[","[0,3000[",*
171,"[150,200[","[100,200[","[0,250[","[0,500[","[0,3000[","[0,3000[",*
172,"[150,200[","[100,200[","[0,250[","[0,500[","[0,3000[","[0,3000[",*
173,"[150,200[","[100,200[","[0,250[","[0,500[","[0,3000[","[0,3000[",*
174,"[150,200[","[100,200[","[0,250[","[0,500[","[0,3000[","[0,3000[",*
175,"[150,200[","[100,200[","[0,250[","[0,500[","[0,3000[","[0,3000[",*
176,"[150,200[","[100,200[","[0,250[","[0,500[","[0,3000[","[0,3000[",*
177,"[150,200[","[100,200[","[0,250[","[0,500[","[0,3000[","[0,3000[",*
178,"[150,200[","[100,200[","[0,250[","[0,500[","[0,3000[","[0,3000[",*
179,"[150,200[","[100,200[","[0,250[","[0,500[","[0,3000[","[0,3000[",*
180,"[150,200[","[100,200[","[0,250[","[0,500[","[0,3000[","[0,3000[",*
181,"[150,200[","[100,200[","[0,250[","[0,500[","[0,3000[","[0,3000[",*
182,"[150,200[","[100,200[","[0,250[","[0,500[","[0,3000[","[0,3000[",*
183,"[150,200[","[100,200[","[0,250[","[0,500[","[0,3000[","[0,3000[",*
184,"[150,200[","[100,200[","[0,250[","[0,500[","[0,3000[","[0,3000[",*
185,"[150,200[","[100,200[","[0,250[","[0,500[","[0,3000[","[0,3000[",*
186,"[150,200[","[100,200[","[0,250[","[0,500[","[0,3000[","[0,3000[",*
187,"[150,200[","[100,200[","[0,250[","[0,500[","[0,3000[","[0,3000[",*
188,"[150,200[","[100,200[","[0,250[","[0,500[","[0,3000[","[0,3000[",*
189,"[150,200[","[100,200[","[0,250[","[0,500[","[0,3000[","[0,3000[",*
190,"[150,200[","[100,200[","[0,250[","[0,500[","[0,3000[","[0,3000[",*
191,"[150,200[","[100,200[","[0,250[","[0,500[","[0,3000[","[0,3000[",*
192,"[150,200[","[100,200[","[0,250[","[0,500[","[0,3000[","[0,3000[",*
193,"[150,200[","[100,200[","[0,250[","[0,500[","[0,3000[","[0,3000[",*
194,"[150,200[","[100,200[","[0,250[","[0,500[","[0,3000[","[0,3000[",*
195,"[150,200[","[100,200[","[0,250[","[0,500[","[0,3000[","[0,3000[",*
196,"[150,200[","[100,200[","[0,250[","[0,500[","[0,3000[","[0,3000[",*
197,"[150,200[","[100,200[","[0,250[","[0,500[","[0,3000[","[0,3000[",*
198,"[150,200[","[100,200[","[0,250[","[0,500[","[0,3000[","[0,3000[",*
199,"[150,200[","[100,200[","[0,250[","[0,500[","[0,3000[","[0,3000[",*
200,"[200,250[","[200,300[","[0,250[","[0,500[","[0,3000[","[0,3000[",*
201,"[200,250[","[200,300[","[0,250[","[0,500[","[0,3000[","[0,3000[",*
202,"[200,250[","[200,300[","[0,250[","[0,500[","[0,3000[","[0,3000[",*
203,"[200,250[","[200,300[","[0,250[","[0,500[","[0,3000[","[0,3000[",*
204,"[200,250[","[200,300[","[0,250[","[0,500[","[0,3000[","[0,3000[",*
205,"[200,250[","[200,300[","[0,250[","[0,500[","[0,3000[","[0,3000[",*
206,"[200,250[","[200,300[","[0,250[","[0,500[","[0,3000[","[0,3000[",*
207,"[200,250[","[200,300[","[0,250[","[0,500[","[0,3000[","[0,3000[",*
208,"[200,250[","[200,300[","[0,250[","[0,500[","[0,3000[","[0,3000[",*
209,"[200,250[","[200,300[","[0,250[","[0,500[","[0,3000[","[0,3000[",*
210,"[200,250[","[200,300[","[0,250[","[0,500[","[0,3000[","[0,3000[",*
211,"[200,250[","[200,300[","[0,250[","[0,500[","[0,3000[","[0,3000[",*
212,"[200,250[","[200,300[","[0,250[","[0,500[","[0,3000[","[0,3000[",*
213,"[200,250[","[200,300[","[0,250[","[0,500[","[0,3000[","[0,3000[",*
214,"[200,250[","[200,300[","[0,250[","[0,500[","[0,3000[","[0,3000[",*
215,"[200,250[","[200,300[","[0,250[","[0,500[","[0,3000[","[0,3000[",*
216,"[200,250[","[200,300[","[0,250[","[0,500[","[0,3000[","[0,3000[",*
217,"[200,250[","[200,300[","[0,250[","[0,500[","[0,3000[","[0,3000[",*
218,"[200,250[","[200,300[","[0,250[","[0,500[","[0,3000[","[0,3000[",*
219,"[200,250[","[200,300[","[0,250[","[0,500[","[0,3000[","[0,3000[",*
220,"[200,250[","[200,300[","[0,250[","[0,500[","[0,3000[","[0,3000[",*
221,"[200,250[","[200,300[","[0,250[","[0,500[","[0,3000[","[0,3000[",*
222,"[200,250[","[200,300[","[0,250[","[0,500[","[0,3000[","[0,3000[",*
223,"[200,250[","[200,300[","[0,250[","[0,500[","[0,3000[","[0,3000[",*
224,"[200,250[","[200,300[","[0,250[","[0,500[","[0,3000[","[0,3000[",*
225,"[200,250[","[200,300[","[0,250[","[0,500[","[0,3000[","[0,3000[",*
226,"[200,250[","[200,300[","[0,250[","[0,500[","[0,3000[","[0,3000[",*
227,"[200,250[","[200,300[","[0,250[","[0,500[","[0,3000[","[0,3000[",*
228,"[200,250[","[200,300[","[0,250[","[0,500[","[0,3000[","[0,3000[",*
229,"[200,250[","[200,300[","[0,250[","[0,500[","[0,3000[","[0,3000[",*
230,"[200,250[","[200,300[","[0,250[","[0,500[","[0,3000[","[0,3000[",*
231,"[200,250[","[200,300[","[0,250[","[0,500[","[0,3000[","[0,3000[",*
232,"[200,250[","[200,300[","[0,250[","[0,500[","[0,3000[","[0,3000[",*
233,"[200,250[","[200,300[","[0,250[","[0,500[","[0,3000[","[0,3000[",*
234,"[200,250[","[200,300[","[0,250[","[0,500[","[0,3000[","[0,3000[",*
235,"[200,250[","[200,300[","[0,250[","[0,500[","[0,3000[","[0,3000[",*
236,"[200,250[","[200,300[","[0,250[","[0,500[","[0,3000[","[0,3000[",*
237,"[200,250[","[200,300[","[0,250[","[0,500[","[0,3000[","[0,3000[",*
238,"[200,250[","[200,300[","[0,250[","[0,500[","[0,3000[","[0,3000[",*
239,"[200,250[","[200,300[","[0,250[","[0,500[","[0,3000[","[0,3000[",*
240,"[200,250[","[200,300[","[0,250[","[0,500[","[0,3000[","[0,3000[",*
241,"[200,250[","[200,300[","[0,250[","[0,500[","[0,3000[","[0,3000[",*
242,"[200,250[","[200,300[","[0,250[","[0,500[","[0,3000[","[0,3000[",*
243,"[200,250[","[200,300[","[0,250[","[0,500[","[0,3000[","[0,3000[",*
244,"[200,250[","[200,300[","[0,250[","[0,500[","[0,3000[","[0,3000[",*
245,"[200,250[","[200,300[","[0,250[","[0,500[","[0,3000[","[0,3000[",*
246,"[200,250[","[200,300[","[0,250[","[0,500[","[0,3000[","[0,3000[",*
247,"[200,250[","[200,300[","[0,250[","[0,500[","[0,3000[","[0,3000[",*
248,"[200,250[","[200,300[","[0,250[","[0,500[","[0,3000[","[0,3000[",*
249,"[200,250[","[200,300[","[0,250[","[0,500[","[0,3000[","[0,3000[",*
250,"[250,300[","[200,300[","[250,500[","[0,500[","[0,3000[","[0,3000[",*
251,"[250,300[","[200,300[","[250,500[","[0,500[","[0,3000[","[0,3000[",*
252,"[250,300[","[200,300[","[250,500[","[0,500[","[0,3000[","[0,3000[",*
253,"[250,300[","[200,300[","[250,500[","[0,500[","[0,3000[","[0,3000[",*
254,"[250,300[","[200,300[","[250,500[","[0,500[","[0,3000[","[0,3000[",*
255,"[250,300[","[200,300[","[250,500[","[0,500[","[0,3000[","[0,3000[",*
256,"[250,300[","[200,300[","[250,500[","[0,500[","[0,3000[","[0,3000[",*
257,"[250,300[","[200,300[","[250,500[","[0,500[","[0,3000[","[0,3000[",*
258,"[250,300[","[200,300[","[250,500[","[0,500[","[0,3000[","[0,3000[",*
259,"[250,300[","[200,300[","[250,500[","[0,500[","[0,3000[","[0,3000[",*
260,"[250,300[","[200,300[","[250,500[","[0,500[","[0,3000[","[0,3000[",*
261,"[250,300[","[200,300[","[250,500[","[0,500[","[0,3000[","[0,3000[",*
262,"[250,300[","[200,300[","[250,500[","[0,500[","[0,3000[","[0,3000[",*
263,"[250,300[","[200,300[","[250,500[","[0,500[","[0,3000[","[0,3000[",*
264,"[250,300[","[200,300[","[250,500[","[0,500[","[0,3000[","[0,3000[",*
265,"[250,300[","[200,300[","[250,500[","[0,500[","[0,3000[","[0,3000[",*
266,"[250,300[","[200,300[","[250,500[","[0,500[","[0,3000[","[0,3000[",*
267,"[250,300[","[200,300[","[250,500[","[0,500[","[0,3000[","[0,3000[",*
268,"[250,300[","[200,300[","[250,500[","[0,500[","[0,3000[","[0,3000[",*
269,"[250,300[","[200,300[","[250,500[","[0,500[","[0,3000[","[0,3000[",*
270,"[250,300[","[200,300[","[250,500[","[0,500[","[0,3000[","[0,3000[",*
271,"[250,300[","[200,300[","[250,500[","[0,500[","[0,3000[","[0,3000[",*
272,"[250,300[","[200,300[","[250,500[","[0,500[","[0,3000[","[0,3000[",*
273,"[250,300[","[200,300[","[250,500[","[0,500[","[0,3000[","[0,3000[",*
274,"[250,300[","[200,300[","[250,500[","[0,500[","[0,3000[","[0,3000[",*
275,"[250,300[","[200,300[","[250,500[","[0,500[","[0,3000[","[0,3000[",*
276,"[250,300[","[200,300[","[250,500[","[0,500[","[0,3000[","[0,3000[",*
277,"[250,300[","[200,300[","[250,500[","[0,500[","[0,3000[","[0,3000[",*
278,"[250,300[","[200,300[","[250,500[","[0,500[","[0,3000[","[0,3000[",*
279,"[250,300[","[200,300[","[250,500[","[0,500[","[0,3000[","[0,3000[",*
280,"[250,300[","[200,300[","[250,500[","[0,500[","[0,3000[","[0,3000[",*
281,"[250,300[","[200,300[","[250,500[","[0,500[","[0,3000[","[0,3000[",*
282,"[250,300[","[200,300[","[250,500[","[0,500[","[0,3000[","[0,3000[",*
283,"[250,300[","[200,300[","[250,500[","[0,500[","[0,3000[","[0,3000[",*
284,"[250,300[","[200,300[","[250,500[","[0,500[","[0,3000[","[0,3000[",*
285,"[250,300[","[200,300[","[250,500[","[0,500[","[0,3000[","[0,3000[",*
286,"[250,300[","[200,300[","[250,500[","[0,500[","[0,3000[","[0,3000[",*
287,"[250,300[","[200,300[","[250,500[","[0,500[","[0,3000[","[0,3000[",*
288,"[250,300[","[200,300[","[250,500[","[0,500[","[0,3000[","[0,3000[",*
289,"[250,300[","[200,300[","[250,500[","[0,500[","[0,3000[","[0,3000[",*
290,"[250,300[","[200,300[","[250,500[","[0,500[","[0,3000[","[0,3000[",*
291,"[250,300[","[200,300[","[250,500[","[0,500[","[0,3000[","[0,3000[",*
292,"[250,300[","[200,300[","[250,500[","[0,500[","[0,3000[","[0,3000[",*
293,"[250,300[","[200,300[","[250,500[","[0,500[","[0,3000[","[0,3000[",*
294,"[250,300[","[200,300[","[250,500[","[0,500[","[0,3000[","[0,3000[",*
295,"[250,300[","[200,300[","[250,500[","[0,500[","[0,3000[","[0,3000[",*
296,"[250,300[","[200,300[","[250,500[","[0,500[","[0,3000[","[0,3000[",*
297,"[250,300[","[200,300[","[250,500[","[0,500[","[0,3000[","[0,3000[",*
298,"[250,300[","[200,300[","[250,500[","[0,500[","[0,3000[","[0,3000[",*
299,"[250,300[","[200,300[","[250,500[","[0,500[","[0,3000[","[0,3000[",*
300,"[300,350[","[300,400[","[250,500[","[0,500[","[0,3000[","[0,3000[",*
301,"[300,350[","[300,400[","[250,500[","[0,500[","[0,3000[","[0,3000[",*
302,"[300,350[","[300,400[","[250,500[","[0,500[","[0,3000[","[0,3000[",*
303,"[300,350[","[300,400[","[250,500[","[0,500[","[0,3000[","[0,3000[",*
304,"[300,350[","[300,400[","[250,500[","[0,500[","[0,3000[","[0,3000[",*
305,"[300,350[","[300,400[","[250,500[","[0,500[","[0,3000[","[0,3000[",*
306,"[300,350[","[300,400[","[250,500[","[0,500[","[0,3000[","[0,3000[",*
307,"[300,350[","[300,400[","[250,500[","[0,500[","[0,3000[","[0,3000[",*
308,"[300,350[","[300,400[","[250,500[","[0,500[","[0,3000[","[0,3000[",*
309,"[300,350[","[300,400[","[250,500[","[0,500[","[0,3000[","[0,3000[",*
310,"[300,350[","[300,400[","[250,500[","[0,500[","[0,3000[","[0,3000[",*
311,"[300,350[","[300,400[","[250,500[","[0,500[","[0,3000[","[0,3000[",*
312,"[300,350[","[300,400[","[250,500[","[0,500[","[0,3000[","[0,3000[",*
313,"[300,350[","[300,400[","[250,500[","[0,500[","[0,3000[","[0,3000[",*
314,"[300,350[","[300,400[","[250,500[","[0,500[","[0,3000[","[0,3000[",*
315,"[300,350[","[300,400[","[250,500[","[0,500[","[0,3000[","[0,3000[",*
316,"[300,350[","[300,400[","[250,500[","[0,500[","[0,3000[","[0,3000[",*
317,"[300,350[","[300,400[","[250,500[","[0,500[","[0,3000[","[0,3000[",*
318,"[300,350[","[300,400[","[250,500[","[0,500[","[0,3000[","[0,3000[",*
319,"[300,350[","[300,400[","[250,500[","[0,500[","[0,3000[","[0,3000[",*
320,"[300,350[","[300,400[","[250,500[","[0,500[","[0,3000[","[0,3000[",*
321,"[300,350[","[300,400[","[250,500[","[0,500[","[0,3000[","[0,3000[",*
322,"[300,350[","[300,400[","[250,500[","[0,500[","[0,3000[","[0,3000[",*
323,"[300,350[","[300,400[","[250,500[","[0,500[","[0,3000[","[0,3000[",*
324,"[300,350[","[300,400[","[250,500[","[0,500[","[0,3000[","[0,3000[",*
325,"[300,350[","[300,400[","[250,500[","[0,500[","[0,3000[","[0,3000[",*
326,"[300,350[","[300,400[","[250,500[","[0,500[","[0,3000[","[0,3000[",*
327,"[300,350[","[300,400[","[250,500[","[0,500[","[0,3000[","[0,3000[",*
328,"[300,350[","[300,400[","[250,500[","[0,500[","[0,3000[","[0,3000[",*
329,"[300,350[","[300,400[","[250,500[","[0,500[","[0,3000[","[0,3000[",*
330,"[300,350[","[300,400[","[250,500[","[0,500[","[0,3000[","[0,3000[",*
331,"[300,350[","[300,400[","[250,500[","[0,500[","[0,3000[","[0,3000[",*
332,"[300,350[","[300,400[","[250,500[","[0,500[","[0,3000[","[0,3000[",*
333,"[300,350[","[300,400[","[250,500[","[0,500[","[0,3000[","[0,3000[",*
334,"[300,350[","[300,400[","[250,500[","[0,500[","[0,3000[","[0,3000[",*
335,"[300,350[","[300,400[","[250,500[","[0,500[","[0,3000[","[0,3000[",*
336,"[300,350[","[300,400[","[250,500[","[0,500[","[0,3000[","[0,3000[",*
337,"[300,350[","[300,400[","[250,500[","[0,500[","[0,3000[","[0,3000[",*
338,"[300,350[","[300,400[","[250,500[","[0,500[","[0,3000[","[0,3000[",*
339,"[300,350[","[300,400[","[250,500[","[0,500[","[0,3000[","[0,3000[",*
340,"[300,350[","[300,400[","[250,500[","[0,500[","[0,3000[","[0,3000[",*
341,"[300,350[","[300,400[","[250,500[","[0,500[","[0,3000[","[0,3000[",*
342,"[300,350[","[300,400[","[250,500[","[0,500[","[0,3000[","[0,3000[",*
343,"[300,350[","[300,400[","[250,500[","[0,500[","[0,3000[","[0,3000[",*
344,"[300,350[","[300,400[","[250,500[","[0,500[","[0,3000[","[0,3000[",*
345,"[300,350[","[300,400[","[250,500[","[0,500[","[0,3000[","[0,3000[",*
346,"[300,350[","[300,400[","[250,500[","[0,500[","[0,3000[","[0,3000[",*
347,"[300,350[","[300,400[","[250,500[","[0,500[","[0,3000[","[0,3000[",*
348,"[300,350[","[300,400[","[250,500[","[0,500[","[0,3000[","[0,3000[",*
349,"[300,350[","[300,400[","[250,500[","[0,500[","[0,3000[","[0,3000[",*
350,"[350,400[","[300,400[","[250,500[","[0,500[","[0,3000[","[0,3000[",*
351,"[350,400[","[300,400[","[250,500[","[0,500[","[0,3000[","[0,3000[",*
352,"[350,400[","[300,400[","[250,500[","[0,500[","[0,3000[","[0,3000[",*
353,"[350,400[","[300,400[","[250,500[","[0,500[","[0,3000[","[0,3000[",*
354,"[350,400[","[300,400[","[250,500[","[0,500[","[0,3000[","[0,3000[",*
355,"[350,400[","[300,400[","[250,500[","[0,500[","[0,3000[","[0,3000[",*
356,"[350,400[","[300,400[","[250,500[","[0,500[","[0,3000[","[0,3000[",*
357,"[350,400[","[300,400[","[250,500[","[0,500[","[0,3000[","[0,3000[",*
358,"[350,400[","[300,400[","[250,500[","[0,500[","[0,3000[","[0,3000[",*
359,"[350,400[","[300,400[","[250,500[","[0,500[","[0,3000[","[0,3000[",*
360,"[350,400[","[300,400[","[250,500[","[0,500[","[0,3000[","[0,3000[",*
361,"[350,400[","[300,400[","[250,500[","[0,500[","[0,3000[","[0,3000[",*
362,"[350,400[","[300,400[","[250,500[","[0,500[","[0,3000[","[0,3000[",*
363,"[350,400[","[300,400[","[250,500[","[0,500[","[0,3000[","[0,3000[",*
364,"[350,400[","[300,400[","[250,500[","[0,500[","[0,3000[","[0,3000[",*
365,"[350,400[","[300,400[","[250,500[","[0,500[","[0,3000[","[0,3000[",*
366,"[350,400[","[300,400[","[250,500[","[0,500[","[0,3000[","[0,3000[",*
367,"[350,400[","[300,400[","[250,500[","[0,500[","[0,3000[","[0,3000[",*
368,"[350,400[","[300,400[","[250,500[","[0,500[","[0,3000[","[0,3000[",*
369,"[350,400[","[300,400[","[250,500[","[0,500[","[0,3000[","[0,3000[",*
370,"[350,400[","[300,400[","[250,500[","[0,500[","[0,3000[","[0,3000[",*
371,"[350,400[","[300,400[","[250,500[","[0,500[","[0,3000[","[0,3000[",*
372,"[350,400[","[300,400[","[250,500[","[0,500[","[0,3000[","[0,3000[",*
373,"[350,400[","[300,400[","[250,500[","[0,500[","[0,3000[","[0,3000[",*
374,"[350,400[","[300,400[","[250,500[","[0,500[","[0,3000[","[0,3000[",*
375,"[350,400[","[300,400[","[250,500[","[0,500[","[0,3000[","[0,3000[",*
376,"[350,400[","[300,400[","[250,500[","[0,500[","[0,3000[","[0,3000[",*
377,"[350,400[","[300,400[","[250,500[","[0,500[","[0,3000[","[0,3000[",*
378,"[350,400[","[300,400[","[250,500[","[0,500[","[0,3000[","[0,3000[",*
379,"[350,400[","[300,400[","[250,500[","[0,500[","[0,3000[","[0,3000[",*
380,"[350,400[","[300,400[","[250,500[","[0,500[","[0,3000[","[0,3000[",*
381,"[350,400[","[300,400[","[250,500[","[0,500[","[0,3000[","[0,3000[",*
382,"[350,400[","[300,400[","[250,500[","[0,500[","[0,3000[","[0,3000[",*
383,"[350,400[","[300,400[","[250,500[","[0,500[","[0,3000[","[0,3000[",*
384,"[350,400[","[300,400[","[250,500[","[0,500[","[0,3000[","[0,3000[",*
385,"[350,400[","[300,400[","[250,500[","[0,500[","[0,3000[","[0,3000[",*
386,"[350,400[","[300,400[","[250,500[","[0,500[","[0,3000[","[0,3000[",*
387,"[350,400[","[300,400[","[250,500[","[0,500[","[0,3000[","[0,3000[",*
388,"[350,400[","[300,400[","[250,500[","[0,500[","[0,3000[","[0,3000[",*
389,"[350,400[","[300,400[","[250,500[","[0,500[","[0,3000[","[0,3000[",*
390,"[350,400[","[300,400[","[250,500[","[0,500[","[0,3000[","[0,3000[",*
391,"[350,400[","[300,400[","[250,500[","[0,500[","[0,3000[","[0,3000[",*
392,"[350,400[","[300,400[","[250,500[","[0,500[","[0,3000[","[0,3000[",*
393,"[350,400[","[300,400[","[250,500[","[0,500[","[0,3000[","[0,3000[",*
394,"[350,400[","[300,400[","[250,500[","[0,500[","[0,3000[","[0,3000[",*
395,"[350,400[","[300,400[","[250,500[","[0,500[","[0,3000[","[0,3000[",*
396,"[350,400[","[300,400[","[250,500[","[0,500[","[0,3000[","[0,3000[",*
397,"[350,400[","[300,400[","[250,500[","[0,500[","[0,3000[","[0,3000[",*
398,"[350,400[","[300,400[","[250,500[","[0,500[","[0,3000[","[0,3000[",*
399,"[350,400[","[300,400[","[250,500[","[0,500[","[0,3000[","[0,3000[",*
400,"[400,450[","[400,500[","[250,500[","[0,500[","[0,3000[","[0,3000[",*
401,"[400,450[","[400,500[","[250,500[","[0,500[","[0,3000[","[0,3000[",*
402,"[400,450[","[400,500[","[250,500[","[0,500[","[0,3000[","[0,3000[",*
403,"[400,450[","[400,500[","[250,500[","[0,500[","[0,3000[","[0,3000[",*
404,"[400,450[","[400,500[","[250,500[","[0,500[","[0,3000[","[0,3000[",*
405,"[400,450[","[400,500[","[250,500[","[0,500[","[0,3000[","[0,3000[",*
406,"[400,450[","[400,500[","[250,500[","[0,500[","[0,3000[","[0,3000[",*
407,"[400,450[","[400,500[","[250,500[","[0,500[","[0,3000[","[0,3000[",*
408,"[400,450[","[400,500[","[250,500[","[0,500[","[0,3000[","[0,3000[",*
409,"[400,450[","[400,500[","[250,500[","[0,500[","[0,3000[","[0,3000[",*
410,"[400,450[","[400,500[","[250,500[","[0,500[","[0,3000[","[0,3000[",*
411,"[400,450[","[400,500[","[250,500[","[0,500[","[0,3000[","[0,3000[",*
412,"[400,450[","[400,500[","[250,500[","[0,500[","[0,3000[","[0,3000[",*
413,"[400,450[","[400,500[","[250,500[","[0,500[","[0,3000[","[0,3000[",*
414,"[400,450[","[400,500[","[250,500[","[0,500[","[0,3000[","[0,3000[",*
415,"[400,450[","[400,500[","[250,500[","[0,500[","[0,3000[","[0,3000[",*
416,"[400,450[","[400,500[","[250,500[","[0,500[","[0,3000[","[0,3000[",*
417,"[400,450[","[400,500[","[250,500[","[0,500[","[0,3000[","[0,3000[",*
418,"[400,450[","[400,500[","[250,500[","[0,500[","[0,3000[","[0,3000[",*
419,"[400,450[","[400,500[","[250,500[","[0,500[","[0,3000[","[0,3000[",*
420,"[400,450[","[400,500[","[250,500[","[0,500[","[0,3000[","[0,3000[",*
421,"[400,450[","[400,500[","[250,500[","[0,500[","[0,3000[","[0,3000[",*
422,"[400,450[","[400,500[","[250,500[","[0,500[","[0,3000[","[0,3000[",*
423,"[400,450[","[400,500[","[250,500[","[0,500[","[0,3000[","[0,3000[",*
424,"[400,450[","[400,500[","[250,500[","[0,500[","[0,3000[","[0,3000[",*
425,"[400,450[","[400,500[","[250,500[","[0,500[","[0,3000[","[0,3000[",*
426,"[400,450[","[400,500[","[250,500[","[0,500[","[0,3000[","[0,3000[",*
427,"[400,450[","[400,500[","[250,500[","[0,500[","[0,3000[","[0,3000[",*
428,"[400,450[","[400,500[","[250,500[","[0,500[","[0,3000[","[0,3000[",*
429,"[400,450[","[400,500[","[250,500[","[0,500[","[0,3000[","[0,3000[",*
430,"[400,450[","[400,500[","[250,500[","[0,500[","[0,3000[","[0,3000[",*
431,"[400,450[","[400,500[","[250,500[","[0,500[","[0,3000[","[0,3000[",*
432,"[400,450[","[400,500[","[250,500[","[0,500[","[0,3000[","[0,3000[",*
433,"[400,450[","[400,500[","[250,500[","[0,500[","[0,3000[","[0,3000[",*
434,"[400,450[","[400,500[","[250,500[","[0,500[","[0,3000[","[0,3000[",*
435,"[400,450[","[400,500[","[250,500[","[0,500[","[0,3000[","[0,3000[",*
436,"[400,450[","[400,500[","[250,500[","[0,500[","[0,3000[","[0,3000[",*
437,"[400,450[","[400,500[","[250,500[","[0,500[","[0,3000[","[0,3000[",*
438,"[400,450[","[400,500[","[250,500[","[0,500[","[0,3000[","[0,3000[",*
439,"[400,450[","[400,500[","[250,500[","[0,500[","[0,3000[","[0,3000[",*
440,"[400,450[","[400,500[","[250,500[","[0,500[","[0,3000[","[0,3000[",*
441,"[400,450[","[400,500[","[250,500[","[0,500[","[0,3000[","[0,3000[",*
442,"[400,450[","[400,500[","[250,500[","[0,500[","[0,3000[","[0,3000[",*
443,"[400,450[","[400,500[","[250,500[","[0,500[","[0,3000[","[0,3000[",*
444,"[400,450[","[400,500[","[250,500[","[0,500[","[0,3000[","[0,3000[",*
445,"[400,450[","[400,500[","[250,500[","[0,500[","[0,3000[","[0,3000[",*
446,"[400,450[","[400,500[","[250,500[","[0,500[","[0,3000[","[0,3000[",*
447,"[400,450[","[400,500[","[250,500[","[0,500[","[0,3000[","[0,3000[",*
448,"[400,450[","[400,500[","[250,500[","[0,500[","[0,3000[","[0,3000[",*
449,"[400,450[","[400,500[","[250,500[","[0,500[","[0,3000[","[0,3000[",*
450,"[450,500[","[400,500[","[250,500[","[0,500[","[0,3000[","[0,3000[",*
451,"[450,500[","[400,500[","[250,500[","[0,500[","[0,3000[","[0,3000[",*
452,"[450,500[","[400,500[","[250,500[","[0,500[","[0,3000[","[0,3000[",*
453,"[450,500[","[400,500[","[250,500[","[0,500[","[0,3000[","[0,3000[",*
454,"[450,500[","[400,500[","[250,500[","[0,500[","[0,3000[","[0,3000[",*
455,"[450,500[","[400,500[","[250,500[","[0,500[","[0,3000[","[0,3000[",*
456,"[450,500[","[400,500[","[250,500[","[0,500[","[0,3000[","[0,3000[",*
457,"[450,500[","[400,500[","[250,500[","[0,500[","[0,3000[","[0,3000[",*
458,"[450,500[","[400,500[","[250,500[","[0,500[","[0,3000[","[0,3000[",*
459,"[450,500[","[400,500[","[250,500[","[0,500[","[0,3000[","[0,3000[",*
460,"[450,500[","[400,500[","[250,500[","[0,500[","[0,3000[","[0,3000[",*
461,"[450,500[","[400,500[","[250,500[","[0,500[","[0,3000[","[0,3000[",*
462,"[450,500[","[400,500[","[250,500[","[0,500[","[0,3000[","[0,3000[",*
463,"[450,500[","[400,500[","[250,500[","[0,500[","[0,3000[","[0,3000[",*
464,"[450,500[","[400,500[","[250,500[","[0,500[","[0,3000[","[0,3000[",*
465,"[450,500[","[400,500[","[250,500[","[0,500[","[0,3000[","[0,3000[",*
466,"[450,500[","[400,500[","[250,500[","[0,500[","[0,3000[","[0,3000[",*
467,"[450,500[","[400,500[","[250,500[","[0,500[","[0,3000[","[0,3000[",*
468,"[450,500[","[400,500[","[250,500[","[0,500[","[0,3000[","[0,3000[",*
469,"[450,500[","[400,500[","[250,500[","[0,500[","[0,3000[","[0,3000[",*
470,"[450,500[","[400,500[","[250,500[","[0,500[","[0,3000[","[0,3000[",*
471,"[450,500[","[400,500[","[250,500[","[0,500[","[0,3000[","[0,3000[",*
472,"[450,500[","[400,500[","[250,500[","[0,500[","[0,3000[","[0,3000[",*
473,"[450,500[","[400,500[","[250,500[","[0,500[","[0,3000[","[0,3000[",*
474,"[450,500[","[400,500[","[250,500[","[0,500[","[0,3000[","[0,3000[",*
475,"[450,500[","[400,500[","[250,500[","[0,500[","[0,3000[","[0,3000[",*
476,"[450,500[","[400,500[","[250,500[","[0,500[","[0,3000[","[0,3000[",*
477,"[450,500[","[400,500[","[250,500[","[0,500[","[0,3000[","[0,3000[",*
478,"[450,500[","[400,500[","[250,500[","[0,500[","[0,3000[","[0,3000[",*
479,"[450,500[","[400,500[","[250,500[","[0,500[","[0,3000[","[0,3000[",*
480,"[450,500[","[400,500[","[250,500[","[0,500[","[0,3000[","[0,3000[",*
481,"[450,500[","[400,500[","[250,500[","[0,500[","[0,3000[","[0,3000[",*
482,"[450,500[","[400,500[","[250,500[","[0,500[","[0,3000[","[0,3000[",*
483,"[450,500[","[400,500[","[250,500[","[0,500[","[0,3000[","[0,3000[",*
484,"[450,500[","[400,500[","[250,500[","[0,500[","[0,3000[","[0,3000[",*
485,"[450,500[","[400,500[","[250,500[","[0,500[","[0,3000[","[0,3000[",*
486,"[450,500[","[400,500[","[250,500[","[0,500[","[0,3000[","[0,3000[",*
487,"[450,500[","[400,500[","[250,500[","[0,500[","[0,3000[","[0,3000[",*
488,"[450,500[","[400,500[","[250,500[","[0,500[","[0,3000[","[0,3000[",*
489,"[450,500[","[400,500[","[250,500[","[0,500[","[0,3000[","[0,3000[",*
490,"[450,500[","[400,500[","[250,500[","[0,500[","[0,3000[","[0,3000[",*
491,"[450,500[","[400,500[","[250,500[","[0,500[","[0,3000[","[0,3000[",*
492,"[450,500[","[400,500[","[250,500[","[0,500[","[0,3000[","[0,3000[",*
493,"[450,500[","[400,500[","[250,500[","[0,500[","[0,3000[","[0,3000[",*
494,"[450,500[","[400,500[","[250,500[","[0,500[","[0,3000[","[0,3000[",*
495,"[450,500[","[400,500[","[250,500[","[0,500[","[0,3000[","[0,3000[",*
496,"[450,500[","[400,500[","[250,500[","[0,500[","[0,3000[","[0,3000[",*
497,"[450,500[","[400,500[","[250,500[","[0,500[","[0,3000[","[0,3000[",*
498,"[450,500[","[400,500[","[250,500[","[0,500[","[0,3000[","[0,3000[",*
499,"[450,500[","[400,500[","[250,500[","[0,500[","[0,3000[","[0,3000[",*
500,"[500,550[","[500,600[","[500,750[","[500,1000[","[0,3000[","[0,3000[",*
501,"[500,550[","[500,600[","[500,750[","[500,1000[","[0,3000[","[0,3000[",*
502,"[500,550[","[500,600[","[500,750[","[500,1000[","[0,3000[","[0,3000[",*
503,"[500,550[","[500,600[","[500,750[","[500,1000[","[0,3000[","[0,3000[",*
504,"[500,550[","[500,600[","[500,750[","[500,1000[","[0,3000[","[0,3000[",*
505,"[500,550[","[500,600[","[500,750[","[500,1000[","[0,3000[","[0,3000[",*
506,"[500,550[","[500,600[","[500,750[","[500,1000[","[0,3000[","[0,3000[",*
507,"[500,550[","[500,600[","[500,750[","[500,1000[","[0,3000[","[0,3000[",*
508,"[500,550[","[500,600[","[500,750[","[500,1000[","[0,3000[","[0,3000[",*
509,"[500,550[","[500,600[","[500,750[","[500,1000[","[0,3000[","[0,3000[",*
510,"[500,550[","[500,600[","[500,750[","[500,1000[","[0,3000[","[0,3000[",*
511,"[500,550[","[500,600[","[500,750[","[500,1000[","[0,3000[","[0,3000[",*
512,"[500,550[","[500,600[","[500,750[","[500,1000[","[0,3000[","[0,3000[",*
513,"[500,550[","[500,600[","[500,750[","[500,1000[","[0,3000[","[0,3000[",*
514,"[500,550[","[500,600[","[500,750[","[500,1000[","[0,3000[","[0,3000[",*
515,"[500,550[","[500,600[","[500,750[","[500,1000[","[0,3000[","[0,3000[",*
516,"[500,550[","[500,600[","[500,750[","[500,1000[","[0,3000[","[0,3000[",*
517,"[500,550[","[500,600[","[500,750[","[500,1000[","[0,3000[","[0,3000[",*
518,"[500,550[","[500,600[","[500,750[","[500,1000[","[0,3000[","[0,3000[",*
519,"[500,550[","[500,600[","[500,750[","[500,1000[","[0,3000[","[0,3000[",*
520,"[500,550[","[500,600[","[500,750[","[500,1000[","[0,3000[","[0,3000[",*
521,"[500,550[","[500,600[","[500,750[","[500,1000[","[0,3000[","[0,3000[",*
522,"[500,550[","[500,600[","[500,750[","[500,1000[","[0,3000[","[0,3000[",*
523,"[500,550[","[500,600[","[500,750[","[500,1000[","[0,3000[","[0,3000[",*
524,"[500,550[","[500,600[","[500,750[","[500,1000[","[0,3000[","[0,3000[",*
525,"[500,550[","[500,600[","[500,750[","[500,1000[","[0,3000[","[0,3000[",*
526,"[500,550[","[500,600[","[500,750[","[500,1000[","[0,3000[","[0,3000[",*
527,"[500,550[","[500,600[","[500,750[","[500,1000[","[0,3000[","[0,3000[",*
528,"[500,550[","[500,600[","[500,750[","[500,1000[","[0,3000[","[0,3000[",*
529,"[500,550[","[500,600[","[500,750[","[500,1000[","[0,3000[","[0,3000[",*
530,"[500,550[","[500,600[","[500,750[","[500,1000[","[0,3000[","[0,3000[",*
531,"[500,550[","[500,600[","[500,750[","[500,1000[","[0,3000[","[0,3000[",*
532,"[500,550[","[500,600[","[500,750[","[500,1000[","[0,3000[","[0,3000[",*
533,"[500,550[","[500,600[","[500,750[","[500,1000[","[0,3000[","[0,3000[",*
534,"[500,550[","[500,600[","[500,750[","[500,1000[","[0,3000[","[0,3000[",*
535,"[500,550[","[500,600[","[500,750[","[500,1000[","[0,3000[","[0,3000[",*
536,"[500,550[","[500,600[","[500,750[","[500,1000[","[0,3000[","[0,3000[",*
537,"[500,550[","[500,600[","[500,750[","[500,1000[","[0,3000[","[0,3000[",*
538,"[500,550[","[500,600[","[500,750[","[500,1000[","[0,3000[","[0,3000[",*
539,"[500,550[","[500,600[","[500,750[","[500,1000[","[0,3000[","[0,3000[",*
540,"[500,550[","[500,600[","[500,750[","[500,1000[","[0,3000[","[0,3000[",*
541,"[500,550[","[500,600[","[500,750[","[500,1000[","[0,3000[","[0,3000[",*
542,"[500,550[","[500,600[","[500,750[","[500,1000[","[0,3000[","[0,3000[",*
543,"[500,550[","[500,600[","[500,750[","[500,1000[","[0,3000[","[0,3000[",*
544,"[500,550[","[500,600[","[500,750[","[500,1000[","[0,3000[","[0,3000[",*
545,"[500,550[","[500,600[","[500,750[","[500,1000[","[0,3000[","[0,3000[",*
546,"[500,550[","[500,600[","[500,750[","[500,1000[","[0,3000[","[0,3000[",*
547,"[500,550[","[500,600[","[500,750[","[500,1000[","[0,3000[","[0,3000[",*
548,"[500,550[","[500,600[","[500,750[","[500,1000[","[0,3000[","[0,3000[",*
549,"[500,550[","[500,600[","[500,750[","[500,1000[","[0,3000[","[0,3000[",*
550,"[550,600[","[500,600[","[500,750[","[500,1000[","[0,3000[","[0,3000[",*
551,"[550,600[","[500,600[","[500,750[","[500,1000[","[0,3000[","[0,3000[",*
552,"[550,600[","[500,600[","[500,750[","[500,1000[","[0,3000[","[0,3000[",*
553,"[550,600[","[500,600[","[500,750[","[500,1000[","[0,3000[","[0,3000[",*
554,"[550,600[","[500,600[","[500,750[","[500,1000[","[0,3000[","[0,3000[",*
555,"[550,600[","[500,600[","[500,750[","[500,1000[","[0,3000[","[0,3000[",*
556,"[550,600[","[500,600[","[500,750[","[500,1000[","[0,3000[","[0,3000[",*
557,"[550,600[","[500,600[","[500,750[","[500,1000[","[0,3000[","[0,3000[",*
558,"[550,600[","[500,600[","[500,750[","[500,1000[","[0,3000[","[0,3000[",*
559,"[550,600[","[500,600[","[500,750[","[500,1000[","[0,3000[","[0,3000[",*
560,"[550,600[","[500,600[","[500,750[","[500,1000[","[0,3000[","[0,3000[",*
561,"[550,600[","[500,600[","[500,750[","[500,1000[","[0,3000[","[0,3000[",*
562,"[550,600[","[500,600[","[500,750[","[500,1000[","[0,3000[","[0,3000[",*
563,"[550,600[","[500,600[","[500,750[","[500,1000[","[0,3000[","[0,3000[",*
564,"[550,600[","[500,600[","[500,750[","[500,1000[","[0,3000[","[0,3000[",*
565,"[550,600[","[500,600[","[500,750[","[500,1000[","[0,3000[","[0,3000[",*
566,"[550,600[","[500,600[","[500,750[","[500,1000[","[0,3000[","[0,3000[",*
567,"[550,600[","[500,600[","[500,750[","[500,1000[","[0,3000[","[0,3000[",*
568,"[550,600[","[500,600[","[500,750[","[500,1000[","[0,3000[","[0,3000[",*
569,"[550,600[","[500,600[","[500,750[","[500,1000[","[0,3000[","[0,3000[",*
570,"[550,600[","[500,600[","[500,750[","[500,1000[","[0,3000[","[0,3000[",*
571,"[550,600[","[500,600[","[500,750[","[500,1000[","[0,3000[","[0,3000[",*
572,"[550,600[","[500,600[","[500,750[","[500,1000[","[0,3000[","[0,3000[",*
573,"[550,600[","[500,600[","[500,750[","[500,1000[","[0,3000[","[0,3000[",*
574,"[550,600[","[500,600[","[500,750[","[500,1000[","[0,3000[","[0,3000[",*
575,"[550,600[","[500,600[","[500,750[","[500,1000[","[0,3000[","[0,3000[",*
576,"[550,600[","[500,600[","[500,750[","[500,1000[","[0,3000[","[0,3000[",*
577,"[550,600[","[500,600[","[500,750[","[500,1000[","[0,3000[","[0,3000[",*
578,"[550,600[","[500,600[","[500,750[","[500,1000[","[0,3000[","[0,3000[",*
579,"[550,600[","[500,600[","[500,750[","[500,1000[","[0,3000[","[0,3000[",*
580,"[550,600[","[500,600[","[500,750[","[500,1000[","[0,3000[","[0,3000[",*
581,"[550,600[","[500,600[","[500,750[","[500,1000[","[0,3000[","[0,3000[",*
582,"[550,600[","[500,600[","[500,750[","[500,1000[","[0,3000[","[0,3000[",*
583,"[550,600[","[500,600[","[500,750[","[500,1000[","[0,3000[","[0,3000[",*
584,"[550,600[","[500,600[","[500,750[","[500,1000[","[0,3000[","[0,3000[",*
585,"[550,600[","[500,600[","[500,750[","[500,1000[","[0,3000[","[0,3000[",*
586,"[550,600[","[500,600[","[500,750[","[500,1000[","[0,3000[","[0,3000[",*
587,"[550,600[","[500,600[","[500,750[","[500,1000[","[0,3000[","[0,3000[",*
588,"[550,600[","[500,600[","[500,750[","[500,1000[","[0,3000[","[0,3000[",*
589,"[550,600[","[500,600[","[500,750[","[500,1000[","[0,3000[","[0,3000[",*
590,"[550,600[","[500,600[","[500,750[","[500,1000[","[0,3000[","[0,3000[",*
591,"[550,600[","[500,600[","[500,750[","[500,1000[","[0,3000[","[0,3000[",*
592,"[550,600[","[500,600[","[500,750[","[500,1000[","[0,3000[","[0,3000[",*
593,"[550,600[","[500,600[","[500,750[","[500,1000[","[0,3000[","[0,3000[",*
594,"[550,600[","[500,600[","[500,750[","[500,1000[","[0,3000[","[0,3000[",*
595,"[550,600[","[500,600[","[500,750[","[500,1000[","[0,3000[","[0,3000[",*
596,"[550,600[","[500,600[","[500,750[","[500,1000[","[0,3000[","[0,3000[",*
597,"[550,600[","[500,600[","[500,750[","[500,1000[","[0,3000[","[0,3000[",*
598,"[550,600[","[500,600[","[500,750[","[500,1000[","[0,3000[","[0,3000[",*
599,"[550,600[","[500,600[","[500,750[","[500,1000[","[0,3000[","[0,3000[",*
600,"[600,650[","[600,700[","[500,750[","[500,1000[","[0,3000[","[0,3000[",*
601,"[600,650[","[600,700[","[500,750[","[500,1000[","[0,3000[","[0,3000[",*
602,"[600,650[","[600,700[","[500,750[","[500,1000[","[0,3000[","[0,3000[",*
603,"[600,650[","[600,700[","[500,750[","[500,1000[","[0,3000[","[0,3000[",*
604,"[600,650[","[600,700[","[500,750[","[500,1000[","[0,3000[","[0,3000[",*
605,"[600,650[","[600,700[","[500,750[","[500,1000[","[0,3000[","[0,3000[",*
606,"[600,650[","[600,700[","[500,750[","[500,1000[","[0,3000[","[0,3000[",*
607,"[600,650[","[600,700[","[500,750[","[500,1000[","[0,3000[","[0,3000[",*
608,"[600,650[","[600,700[","[500,750[","[500,1000[","[0,3000[","[0,3000[",*
609,"[600,650[","[600,700[","[500,750[","[500,1000[","[0,3000[","[0,3000[",*
610,"[600,650[","[600,700[","[500,750[","[500,1000[","[0,3000[","[0,3000[",*
611,"[600,650[","[600,700[","[500,750[","[500,1000[","[0,3000[","[0,3000[",*
612,"[600,650[","[600,700[","[500,750[","[500,1000[","[0,3000[","[0,3000[",*
613,"[600,650[","[600,700[","[500,750[","[500,1000[","[0,3000[","[0,3000[",*
614,"[600,650[","[600,700[","[500,750[","[500,1000[","[0,3000[","[0,3000[",*
615,"[600,650[","[600,700[","[500,750[","[500,1000[","[0,3000[","[0,3000[",*
616,"[600,650[","[600,700[","[500,750[","[500,1000[","[0,3000[","[0,3000[",*
617,"[600,650[","[600,700[","[500,750[","[500,1000[","[0,3000[","[0,3000[",*
618,"[600,650[","[600,700[","[500,750[","[500,1000[","[0,3000[","[0,3000[",*
619,"[600,650[","[600,700[","[500,750[","[500,1000[","[0,3000[","[0,3000[",*
620,"[600,650[","[600,700[","[500,750[","[500,1000[","[0,3000[","[0,3000[",*
621,"[600,650[","[600,700[","[500,750[","[500,1000[","[0,3000[","[0,3000[",*
622,"[600,650[","[600,700[","[500,750[","[500,1000[","[0,3000[","[0,3000[",*
623,"[600,650[","[600,700[","[500,750[","[500,1000[","[0,3000[","[0,3000[",*
624,"[600,650[","[600,700[","[500,750[","[500,1000[","[0,3000[","[0,3000[",*
625,"[600,650[","[600,700[","[500,750[","[500,1000[","[0,3000[","[0,3000[",*
626,"[600,650[","[600,700[","[500,750[","[500,1000[","[0,3000[","[0,3000[",*
627,"[600,650[","[600,700[","[500,750[","[500,1000[","[0,3000[","[0,3000[",*
628,"[600,650[","[600,700[","[500,750[","[500,1000[","[0,3000[","[0,3000[",*
629,"[600,650[","[600,700[","[500,750[","[500,1000[","[0,3000[","[0,3000[",*
630,"[600,650[","[600,700[","[500,750[","[500,1000[","[0,3000[","[0,3000[",*
631,"[600,650[","[600,700[","[500,750[","[500,1000[","[0,3000[","[0,3000[",*
632,"[600,650[","[600,700[","[500,750[","[500,1000[","[0,3000[","[0,3000[",*
633,"[600,650[","[600,700[","[500,750[","[500,1000[","[0,3000[","[0,3000[",*
634,"[600,650[","[600,700[","[500,750[","[500,1000[","[0,3000[","[0,3000[",*
635,"[600,650[","[600,700[","[500,750[","[500,1000[","[0,3000[","[0,3000[",*
636,"[600,650[","[600,700[","[500,750[","[500,1000[","[0,3000[","[0,3000[",*
637,"[600,650[","[600,700[","[500,750[","[500,1000[","[0,3000[","[0,3000[",*
638,"[600,650[","[600,700[","[500,750[","[500,1000[","[0,3000[","[0,3000[",*
639,"[600,650[","[600,700[","[500,750[","[500,1000[","[0,3000[","[0,3000[",*
640,"[600,650[","[600,700[","[500,750[","[500,1000[","[0,3000[","[0,3000[",*
641,"[600,650[","[600,700[","[500,750[","[500,1000[","[0,3000[","[0,3000[",*
642,"[600,650[","[600,700[","[500,750[","[500,1000[","[0,3000[","[0,3000[",*
643,"[600,650[","[600,700[","[500,750[","[500,1000[","[0,3000[","[0,3000[",*
644,"[600,650[","[600,700[","[500,750[","[500,1000[","[0,3000[","[0,3000[",*
645,"[600,650[","[600,700[","[500,750[","[500,1000[","[0,3000[","[0,3000[",*
646,"[600,650[","[600,700[","[500,750[","[500,1000[","[0,3000[","[0,3000[",*
647,"[600,650[","[600,700[","[500,750[","[500,1000[","[0,3000[","[0,3000[",*
648,"[600,650[","[600,700[","[500,750[","[500,1000[","[0,3000[","[0,3000[",*
649,"[600,650[","[600,700[","[500,750[","[500,1000[","[0,3000[","[0,3000[",*
650,"[650,700[","[600,700[","[500,750[","[500,1000[","[0,3000[","[0,3000[",*
651,"[650,700[","[600,700[","[500,750[","[500,1000[","[0,3000[","[0,3000[",*
652,"[650,700[","[600,700[","[500,750[","[500,1000[","[0,3000[","[0,3000[",*
653,"[650,700[","[600,700[","[500,750[","[500,1000[","[0,3000[","[0,3000[",*
654,"[650,700[","[600,700[","[500,750[","[500,1000[","[0,3000[","[0,3000[",*
655,"[650,700[","[600,700[","[500,750[","[500,1000[","[0,3000[","[0,3000[",*
656,"[650,700[","[600,700[","[500,750[","[500,1000[","[0,3000[","[0,3000[",*
657,"[650,700[","[600,700[","[500,750[","[500,1000[","[0,3000[","[0,3000[",*
658,"[650,700[","[600,700[","[500,750[","[500,1000[","[0,3000[","[0,3000[",*
659,"[650,700[","[600,700[","[500,750[","[500,1000[","[0,3000[","[0,3000[",*
660,"[650,700[","[600,700[","[500,750[","[500,1000[","[0,3000[","[0,3000[",*
661,"[650,700[","[600,700[","[500,750[","[500,1000[","[0,3000[","[0,3000[",*
662,"[650,700[","[600,700[","[500,750[","[500,1000[","[0,3000[","[0,3000[",*
663,"[650,700[","[600,700[","[500,750[","[500,1000[","[0,3000[","[0,3000[",*
664,"[650,700[","[600,700[","[500,750[","[500,1000[","[0,3000[","[0,3000[",*
665,"[650,700[","[600,700[","[500,750[","[500,1000[","[0,3000[","[0,3000[",*
666,"[650,700[","[600,700[","[500,750[","[500,1000[","[0,3000[","[0,3000[",*
667,"[650,700[","[600,700[","[500,750[","[500,1000[","[0,3000[","[0,3000[",*
668,"[650,700[","[600,700[","[500,750[","[500,1000[","[0,3000[","[0,3000[",*
669,"[650,700[","[600,700[","[500,750[","[500,1000[","[0,3000[","[0,3000[",*
670,"[650,700[","[600,700[","[500,750[","[500,1000[","[0,3000[","[0,3000[",*
671,"[650,700[","[600,700[","[500,750[","[500,1000[","[0,3000[","[0,3000[",*
672,"[650,700[","[600,700[","[500,750[","[500,1000[","[0,3000[","[0,3000[",*
673,"[650,700[","[600,700[","[500,750[","[500,1000[","[0,3000[","[0,3000[",*
674,"[650,700[","[600,700[","[500,750[","[500,1000[","[0,3000[","[0,3000[",*
675,"[650,700[","[600,700[","[500,750[","[500,1000[","[0,3000[","[0,3000[",*
676,"[650,700[","[600,700[","[500,750[","[500,1000[","[0,3000[","[0,3000[",*
677,"[650,700[","[600,700[","[500,750[","[500,1000[","[0,3000[","[0,3000[",*
678,"[650,700[","[600,700[","[500,750[","[500,1000[","[0,3000[","[0,3000[",*
679,"[650,700[","[600,700[","[500,750[","[500,1000[","[0,3000[","[0,3000[",*
680,"[650,700[","[600,700[","[500,750[","[500,1000[","[0,3000[","[0,3000[",*
681,"[650,700[","[600,700[","[500,750[","[500,1000[","[0,3000[","[0,3000[",*
682,"[650,700[","[600,700[","[500,750[","[500,1000[","[0,3000[","[0,3000[",*
683,"[650,700[","[600,700[","[500,750[","[500,1000[","[0,3000[","[0,3000[",*
684,"[650,700[","[600,700[","[500,750[","[500,1000[","[0,3000[","[0,3000[",*
685,"[650,700[","[600,700[","[500,750[","[500,1000[","[0,3000[","[0,3000[",*
686,"[650,700[","[600,700[","[500,750[","[500,1000[","[0,3000[","[0,3000[",*
687,"[650,700[","[600,700[","[500,750[","[500,1000[","[0,3000[","[0,3000[",*
688,"[650,700[","[600,700[","[500,750[","[500,1000[","[0,3000[","[0,3000[",*
689,"[650,700[","[600,700[","[500,750[","[500,1000[","[0,3000[","[0,3000[",*
690,"[650,700[","[600,700[","[500,750[","[500,1000[","[0,3000[","[0,3000[",*
691,"[650,700[","[600,700[","[500,750[","[500,1000[","[0,3000[","[0,3000[",*
692,"[650,700[","[600,700[","[500,750[","[500,1000[","[0,3000[","[0,3000[",*
693,"[650,700[","[600,700[","[500,750[","[500,1000[","[0,3000[","[0,3000[",*
694,"[650,700[","[600,700[","[500,750[","[500,1000[","[0,3000[","[0,3000[",*
695,"[650,700[","[600,700[","[500,750[","[500,1000[","[0,3000[","[0,3000[",*
696,"[650,700[","[600,700[","[500,750[","[500,1000[","[0,3000[","[0,3000[",*
697,"[650,700[","[600,700[","[500,750[","[500,1000[","[0,3000[","[0,3000[",*
698,"[650,700[","[600,700[","[500,750[","[500,1000[","[0,3000[","[0,3000[",*
699,"[650,700[","[600,700[","[500,750[","[500,1000[","[0,3000[","[0,3000[",*
700,"[700,750[","[700,800[","[500,750[","[500,1000[","[0,3000[","[0,3000[",*
701,"[700,750[","[700,800[","[500,750[","[500,1000[","[0,3000[","[0,3000[",*
702,"[700,750[","[700,800[","[500,750[","[500,1000[","[0,3000[","[0,3000[",*
703,"[700,750[","[700,800[","[500,750[","[500,1000[","[0,3000[","[0,3000[",*
704,"[700,750[","[700,800[","[500,750[","[500,1000[","[0,3000[","[0,3000[",*
705,"[700,750[","[700,800[","[500,750[","[500,1000[","[0,3000[","[0,3000[",*
706,"[700,750[","[700,800[","[500,750[","[500,1000[","[0,3000[","[0,3000[",*
707,"[700,750[","[700,800[","[500,750[","[500,1000[","[0,3000[","[0,3000[",*
708,"[700,750[","[700,800[","[500,750[","[500,1000[","[0,3000[","[0,3000[",*
709,"[700,750[","[700,800[","[500,750[","[500,1000[","[0,3000[","[0,3000[",*
710,"[700,750[","[700,800[","[500,750[","[500,1000[","[0,3000[","[0,3000[",*
711,"[700,750[","[700,800[","[500,750[","[500,1000[","[0,3000[","[0,3000[",*
712,"[700,750[","[700,800[","[500,750[","[500,1000[","[0,3000[","[0,3000[",*
713,"[700,750[","[700,800[","[500,750[","[500,1000[","[0,3000[","[0,3000[",*
714,"[700,750[","[700,800[","[500,750[","[500,1000[","[0,3000[","[0,3000[",*
715,"[700,750[","[700,800[","[500,750[","[500,1000[","[0,3000[","[0,3000[",*
716,"[700,750[","[700,800[","[500,750[","[500,1000[","[0,3000[","[0,3000[",*
717,"[700,750[","[700,800[","[500,750[","[500,1000[","[0,3000[","[0,3000[",*
718,"[700,750[","[700,800[","[500,750[","[500,1000[","[0,3000[","[0,3000[",*
719,"[700,750[","[700,800[","[500,750[","[500,1000[","[0,3000[","[0,3000[",*
720,"[700,750[","[700,800[","[500,750[","[500,1000[","[0,3000[","[0,3000[",*
721,"[700,750[","[700,800[","[500,750[","[500,1000[","[0,3000[","[0,3000[",*
722,"[700,750[","[700,800[","[500,750[","[500,1000[","[0,3000[","[0,3000[",*
723,"[700,750[","[700,800[","[500,750[","[500,1000[","[0,3000[","[0,3000[",*
724,"[700,750[","[700,800[","[500,750[","[500,1000[","[0,3000[","[0,3000[",*
725,"[700,750[","[700,800[","[500,750[","[500,1000[","[0,3000[","[0,3000[",*
726,"[700,750[","[700,800[","[500,750[","[500,1000[","[0,3000[","[0,3000[",*
727,"[700,750[","[700,800[","[500,750[","[500,1000[","[0,3000[","[0,3000[",*
728,"[700,750[","[700,800[","[500,750[","[500,1000[","[0,3000[","[0,3000[",*
729,"[700,750[","[700,800[","[500,750[","[500,1000[","[0,3000[","[0,3000[",*
730,"[700,750[","[700,800[","[500,750[","[500,1000[","[0,3000[","[0,3000[",*
731,"[700,750[","[700,800[","[500,750[","[500,1000[","[0,3000[","[0,3000[",*
732,"[700,750[","[700,800[","[500,750[","[500,1000[","[0,3000[","[0,3000[",*
733,"[700,750[","[700,800[","[500,750[","[500,1000[","[0,3000[","[0,3000[",*
734,"[700,750[","[700,800[","[500,750[","[500,1000[","[0,3000[","[0,3000[",*
735,"[700,750[","[700,800[","[500,750[","[500,1000[","[0,3000[","[0,3000[",*
736,"[700,750[","[700,800[","[500,750[","[500,1000[","[0,3000[","[0,3000[",*
737,"[700,750[","[700,800[","[500,750[","[500,1000[","[0,3000[","[0,3000[",*
738,"[700,750[","[700,800[","[500,750[","[500,1000[","[0,3000[","[0,3000[",*
739,"[700,750[","[700,800[","[500,750[","[500,1000[","[0,3000[","[0,3000[",*
740,"[700,750[","[700,800[","[500,750[","[500,1000[","[0,3000[","[0,3000[",*
741,"[700,750[","[700,800[","[500,750[","[500,1000[","[0,3000[","[0,3000[",*
742,"[700,750[","[700,800[","[500,750[","[500,1000[","[0,3000[","[0,3000[",*
743,"[700,750[","[700,800[","[500,750[","[500,1000[","[0,3000[","[0,3000[",*
744,"[700,750[","[700,800[","[500,750[","[500,1000[","[0,3000[","[0,3000[",*
745,"[700,750[","[700,800[","[500,750[","[500,1000[","[0,3000[","[0,3000[",*
746,"[700,750[","[700,800[","[500,750[","[500,1000[","[0,3000[","[0,3000[",*
747,"[700,750[","[700,800[","[500,750[","[500,1000[","[0,3000[","[0,3000[",*
748,"[700,750[","[700,800[","[500,750[","[500,1000[","[0,3000[","[0,3000[",*
749,"[700,750[","[700,800[","[500,750[","[500,1000[","[0,3000[","[0,3000[",*
750,"[750,800[","[700,800[","[750,1000[","[500,1000[","[0,3000[","[0,3000[",*
751,"[750,800[","[700,800[","[750,1000[","[500,1000[","[0,3000[","[0,3000[",*
752,"[750,800[","[700,800[","[750,1000[","[500,1000[","[0,3000[","[0,3000[",*
753,"[750,800[","[700,800[","[750,1000[","[500,1000[","[0,3000[","[0,3000[",*
754,"[750,800[","[700,800[","[750,1000[","[500,1000[","[0,3000[","[0,3000[",*
755,"[750,800[","[700,800[","[750,1000[","[500,1000[","[0,3000[","[0,3000[",*
756,"[750,800[","[700,800[","[750,1000[","[500,1000[","[0,3000[","[0,3000[",*
757,"[750,800[","[700,800[","[750,1000[","[500,1000[","[0,3000[","[0,3000[",*
758,"[750,800[","[700,800[","[750,1000[","[500,1000[","[0,3000[","[0,3000[",*
759,"[750,800[","[700,800[","[750,1000[","[500,1000[","[0,3000[","[0,3000[",*
760,"[750,800[","[700,800[","[750,1000[","[500,1000[","[0,3000[","[0,3000[",*
761,"[750,800[","[700,800[","[750,1000[","[500,1000[","[0,3000[","[0,3000[",*
762,"[750,800[","[700,800[","[750,1000[","[500,1000[","[0,3000[","[0,3000[",*
763,"[750,800[","[700,800[","[750,1000[","[500,1000[","[0,3000[","[0,3000[",*
764,"[750,800[","[700,800[","[750,1000[","[500,1000[","[0,3000[","[0,3000[",*
765,"[750,800[","[700,800[","[750,1000[","[500,1000[","[0,3000[","[0,3000[",*
766,"[750,800[","[700,800[","[750,1000[","[500,1000[","[0,3000[","[0,3000[",*
767,"[750,800[","[700,800[","[750,1000[","[500,1000[","[0,3000[","[0,3000[",*
768,"[750,800[","[700,800[","[750,1000[","[500,1000[","[0,3000[","[0,3000[",*
769,"[750,800[","[700,800[","[750,1000[","[500,1000[","[0,3000[","[0,3000[",*
770,"[750,800[","[700,800[","[750,1000[","[500,1000[","[0,3000[","[0,3000[",*
771,"[750,800[","[700,800[","[750,1000[","[500,1000[","[0,3000[","[0,3000[",*
772,"[750,800[","[700,800[","[750,1000[","[500,1000[","[0,3000[","[0,3000[",*
773,"[750,800[","[700,800[","[750,1000[","[500,1000[","[0,3000[","[0,3000[",*
774,"[750,800[","[700,800[","[750,1000[","[500,1000[","[0,3000[","[0,3000[",*
775,"[750,800[","[700,800[","[750,1000[","[500,1000[","[0,3000[","[0,3000[",*
776,"[750,800[","[700,800[","[750,1000[","[500,1000[","[0,3000[","[0,3000[",*
777,"[750,800[","[700,800[","[750,1000[","[500,1000[","[0,3000[","[0,3000[",*
778,"[750,800[","[700,800[","[750,1000[","[500,1000[","[0,3000[","[0,3000[",*
779,"[750,800[","[700,800[","[750,1000[","[500,1000[","[0,3000[","[0,3000[",*
780,"[750,800[","[700,800[","[750,1000[","[500,1000[","[0,3000[","[0,3000[",*
781,"[750,800[","[700,800[","[750,1000[","[500,1000[","[0,3000[","[0,3000[",*
782,"[750,800[","[700,800[","[750,1000[","[500,1000[","[0,3000[","[0,3000[",*
783,"[750,800[","[700,800[","[750,1000[","[500,1000[","[0,3000[","[0,3000[",*
784,"[750,800[","[700,800[","[750,1000[","[500,1000[","[0,3000[","[0,3000[",*
785,"[750,800[","[700,800[","[750,1000[","[500,1000[","[0,3000[","[0,3000[",*
786,"[750,800[","[700,800[","[750,1000[","[500,1000[","[0,3000[","[0,3000[",*
787,"[750,800[","[700,800[","[750,1000[","[500,1000[","[0,3000[","[0,3000[",*
788,"[750,800[","[700,800[","[750,1000[","[500,1000[","[0,3000[","[0,3000[",*
789,"[750,800[","[700,800[","[750,1000[","[500,1000[","[0,3000[","[0,3000[",*
790,"[750,800[","[700,800[","[750,1000[","[500,1000[","[0,3000[","[0,3000[",*
791,"[750,800[","[700,800[","[750,1000[","[500,1000[","[0,3000[","[0,3000[",*
792,"[750,800[","[700,800[","[750,1000[","[500,1000[","[0,3000[","[0,3000[",*
793,"[750,800[","[700,800[","[750,1000[","[500,1000[","[0,3000[","[0,3000[",*
794,"[750,800[","[700,800[","[750,1000[","[500,1000[","[0,3000[","[0,3000[",*
795,"[750,800[","[700,800[","[750,1000[","[500,1000[","[0,3000[","[0,3000[",*
796,"[750,800[","[700,800[","[750,1000[","[500,1000[","[0,3000[","[0,3000[",*
797,"[750,800[","[700,800[","[750,1000[","[500,1000[","[0,3000[","[0,3000[",*
798,"[750,800[","[700,800[","[750,1000[","[500,1000[","[0,3000[","[0,3000[",*
799,"[750,800[","[700,800[","[750,1000[","[500,1000[","[0,3000[","[0,3000[",*
800,"[800,850[","[800,900[","[750,1000[","[500,1000[","[0,3000[","[0,3000[",*
801,"[800,850[","[800,900[","[750,1000[","[500,1000[","[0,3000[","[0,3000[",*
802,"[800,850[","[800,900[","[750,1000[","[500,1000[","[0,3000[","[0,3000[",*
803,"[800,850[","[800,900[","[750,1000[","[500,1000[","[0,3000[","[0,3000[",*
804,"[800,850[","[800,900[","[750,1000[","[500,1000[","[0,3000[","[0,3000[",*
805,"[800,850[","[800,900[","[750,1000[","[500,1000[","[0,3000[","[0,3000[",*
806,"[800,850[","[800,900[","[750,1000[","[500,1000[","[0,3000[","[0,3000[",*
807,"[800,850[","[800,900[","[750,1000[","[500,1000[","[0,3000[","[0,3000[",*
808,"[800,850[","[800,900[","[750,1000[","[500,1000[","[0,3000[","[0,3000[",*
809,"[800,850[","[800,900[","[750,1000[","[500,1000[","[0,3000[","[0,3000[",*
810,"[800,850[","[800,900[","[750,1000[","[500,1000[","[0,3000[","[0,3000[",*
811,"[800,850[","[800,900[","[750,1000[","[500,1000[","[0,3000[","[0,3000[",*
812,"[800,850[","[800,900[","[750,1000[","[500,1000[","[0,3000[","[0,3000[",*
813,"[800,850[","[800,900[","[750,1000[","[500,1000[","[0,3000[","[0,3000[",*
814,"[800,850[","[800,900[","[750,1000[","[500,1000[","[0,3000[","[0,3000[",*
815,"[800,850[","[800,900[","[750,1000[","[500,1000[","[0,3000[","[0,3000[",*
816,"[800,850[","[800,900[","[750,1000[","[500,1000[","[0,3000[","[0,3000[",*
817,"[800,850[","[800,900[","[750,1000[","[500,1000[","[0,3000[","[0,3000[",*
818,"[800,850[","[800,900[","[750,1000[","[500,1000[","[0,3000[","[0,3000[",*
819,"[800,850[","[800,900[","[750,1000[","[500,1000[","[0,3000[","[0,3000[",*
820,"[800,850[","[800,900[","[750,1000[","[500,1000[","[0,3000[","[0,3000[",*
821,"[800,850[","[800,900[","[750,1000[","[500,1000[","[0,3000[","[0,3000[",*
822,"[800,850[","[800,900[","[750,1000[","[500,1000[","[0,3000[","[0,3000[",*
823,"[800,850[","[800,900[","[750,1000[","[500,1000[","[0,3000[","[0,3000[",*
824,"[800,850[","[800,900[","[750,1000[","[500,1000[","[0,3000[","[0,3000[",*
825,"[800,850[","[800,900[","[750,1000[","[500,1000[","[0,3000[","[0,3000[",*
826,"[800,850[","[800,900[","[750,1000[","[500,1000[","[0,3000[","[0,3000[",*
827,"[800,850[","[800,900[","[750,1000[","[500,1000[","[0,3000[","[0,3000[",*
828,"[800,850[","[800,900[","[750,1000[","[500,1000[","[0,3000[","[0,3000[",*
829,"[800,850[","[800,900[","[750,1000[","[500,1000[","[0,3000[","[0,3000[",*
830,"[800,850[","[800,900[","[750,1000[","[500,1000[","[0,3000[","[0,3000[",*
831,"[800,850[","[800,900[","[750,1000[","[500,1000[","[0,3000[","[0,3000[",*
832,"[800,850[","[800,900[","[750,1000[","[500,1000[","[0,3000[","[0,3000[",*
833,"[800,850[","[800,900[","[750,1000[","[500,1000[","[0,3000[","[0,3000[",*
834,"[800,850[","[800,900[","[750,1000[","[500,1000[","[0,3000[","[0,3000[",*
835,"[800,850[","[800,900[","[750,1000[","[500,1000[","[0,3000[","[0,3000[",*
836,"[800,850[","[800,900[","[750,1000[","[500,1000[","[0,3000[","[0,3000[",*
837,"[800,850[","[800,900[","[750,1000[","[500,1000[","[0,3000[","[0,3000[",*
838,"[800,850[","[800,900[","[750,1000[","[500,1000[","[0,3000[","[0,3000[",*
839,"[800,850[","[800,900[","[750,1000[","[500,1000[","[0,3000[","[0,3000[",*
840,"[800,850[","[800,900[","[750,1000[","[500,1000[","[0,3000[","[0,3000[",*
841,"[800,850[","[800,900[","[750,1000[","[500,1000[","[0,3000[","[0,3000[",*
843,"[800,850[","[800,900[","[750,1000[","[500,1000[","[0,3000[","[0,3000[",*
844,"[800,850[","[800,900[","[750,1000[","[500,1000[","[0,3000[","[0,3000[",*
845,"[800,850[","[800,900[","[750,1000[","[500,1000[","[0,3000[","[0,3000[",*
846,"[800,850[","[800,900[","[750,1000[","[500,1000[","[0,3000[","[0,3000[",*
847,"[800,850[","[800,900[","[750,1000[","[500,1000[","[0,3000[","[0,3000[",*
848,"[800,850[","[800,900[","[750,1000[","[500,1000[","[0,3000[","[0,3000[",*
849,"[800,850[","[800,900[","[750,1000[","[500,1000[","[0,3000[","[0,3000[",*
850,"[850,900[","[800,900[","[750,1000[","[500,1000[","[0,3000[","[0,3000[",*
851,"[850,900[","[800,900[","[750,1000[","[500,1000[","[0,3000[","[0,3000[",*
852,"[850,900[","[800,900[","[750,1000[","[500,1000[","[0,3000[","[0,3000[",*
853,"[850,900[","[800,900[","[750,1000[","[500,1000[","[0,3000[","[0,3000[",*
854,"[850,900[","[800,900[","[750,1000[","[500,1000[","[0,3000[","[0,3000[",*
855,"[850,900[","[800,900[","[750,1000[","[500,1000[","[0,3000[","[0,3000[",*
856,"[850,900[","[800,900[","[750,1000[","[500,1000[","[0,3000[","[0,3000[",*
857,"[850,900[","[800,900[","[750,1000[","[500,1000[","[0,3000[","[0,3000[",*
858,"[850,900[","[800,900[","[750,1000[","[500,1000[","[0,3000[","[0,3000[",*
859,"[850,900[","[800,900[","[750,1000[","[500,1000[","[0,3000[","[0,3000[",*
860,"[850,900[","[800,900[","[750,1000[","[500,1000[","[0,3000[","[0,3000[",*
861,"[850,900[","[800,900[","[750,1000[","[500,1000[","[0,3000[","[0,3000[",*
862,"[850,900[","[800,900[","[750,1000[","[500,1000[","[0,3000[","[0,3000[",*
863,"[850,900[","[800,900[","[750,1000[","[500,1000[","[0,3000[","[0,3000[",*
864,"[850,900[","[800,900[","[750,1000[","[500,1000[","[0,3000[","[0,3000[",*
865,"[850,900[","[800,900[","[750,1000[","[500,1000[","[0,3000[","[0,3000[",*
866,"[850,900[","[800,900[","[750,1000[","[500,1000[","[0,3000[","[0,3000[",*
867,"[850,900[","[800,900[","[750,1000[","[500,1000[","[0,3000[","[0,3000[",*
868,"[850,900[","[800,900[","[750,1000[","[500,1000[","[0,3000[","[0,3000[",*
869,"[850,900[","[800,900[","[750,1000[","[500,1000[","[0,3000[","[0,3000[",*
870,"[850,900[","[800,900[","[750,1000[","[500,1000[","[0,3000[","[0,3000[",*
871,"[850,900[","[800,900[","[750,1000[","[500,1000[","[0,3000[","[0,3000[",*
872,"[850,900[","[800,900[","[750,1000[","[500,1000[","[0,3000[","[0,3000[",*
873,"[850,900[","[800,900[","[750,1000[","[500,1000[","[0,3000[","[0,3000[",*
874,"[850,900[","[800,900[","[750,1000[","[500,1000[","[0,3000[","[0,3000[",*
875,"[850,900[","[800,900[","[750,1000[","[500,1000[","[0,3000[","[0,3000[",*
876,"[850,900[","[800,900[","[750,1000[","[500,1000[","[0,3000[","[0,3000[",*
877,"[850,900[","[800,900[","[750,1000[","[500,1000[","[0,3000[","[0,3000[",*
878,"[850,900[","[800,900[","[750,1000[","[500,1000[","[0,3000[","[0,3000[",*
879,"[850,900[","[800,900[","[750,1000[","[500,1000[","[0,3000[","[0,3000[",*
880,"[850,900[","[800,900[","[750,1000[","[500,1000[","[0,3000[","[0,3000[",*
881,"[850,900[","[800,900[","[750,1000[","[500,1000[","[0,3000[","[0,3000[",*
882,"[850,900[","[800,900[","[750,1000[","[500,1000[","[0,3000[","[0,3000[",*
883,"[850,900[","[800,900[","[750,1000[","[500,1000[","[0,3000[","[0,3000[",*
884,"[850,900[","[800,900[","[750,1000[","[500,1000[","[0,3000[","[0,3000[",*
885,"[850,900[","[800,900[","[750,1000[","[500,1000[","[0,3000[","[0,3000[",*
886,"[850,900[","[800,900[","[750,1000[","[500,1000[","[0,3000[","[0,3000[",*
888,"[850,900[","[800,900[","[750,1000[","[500,1000[","[0,3000[","[0,3000[",*
889,"[850,900[","[800,900[","[750,1000[","[500,1000[","[0,3000[","[0,3000[",*
890,"[850,900[","[800,900[","[750,1000[","[500,1000[","[0,3000[","[0,3000[",*
891,"[850,900[","[800,900[","[750,1000[","[500,1000[","[0,3000[","[0,3000[",*
892,"[850,900[","[800,900[","[750,1000[","[500,1000[","[0,3000[","[0,3000[",*
893,"[850,900[","[800,900[","[750,1000[","[500,1000[","[0,3000[","[0,3000[",*
894,"[850,900[","[800,900[","[750,1000[","[500,1000[","[0,3000[","[0,3000[",*
895,"[850,900[","[800,900[","[750,1000[","[500,1000[","[0,3000[","[0,3000[",*
896,"[850,900[","[800,900[","[750,1000[","[500,1000[","[0,3000[","[0,3000[",*
897,"[850,900[","[800,900[","[750,1000[","[500,1000[","[0,3000[","[0,3000[",*
898,"[850,900[","[800,900[","[750,1000[","[500,1000[","[0,3000[","[0,3000[",*
899,"[850,900[","[800,900[","[750,1000[","[500,1000[","[0,3000[","[0,3000[",*
900,"[900,950[","[900,1000[","[750,1000[","[500,1000[","[0,3000[","[0,3000[",*
901,"[900,950[","[900,1000[","[750,1000[","[500,1000[","[0,3000[","[0,3000[",*
902,"[900,950[","[900,1000[","[750,1000[","[500,1000[","[0,3000[","[0,3000[",*
903,"[900,950[","[900,1000[","[750,1000[","[500,1000[","[0,3000[","[0,3000[",*
904,"[900,950[","[900,1000[","[750,1000[","[500,1000[","[0,3000[","[0,3000[",*
905,"[900,950[","[900,1000[","[750,1000[","[500,1000[","[0,3000[","[0,3000[",*
906,"[900,950[","[900,1000[","[750,1000[","[500,1000[","[0,3000[","[0,3000[",*
907,"[900,950[","[900,1000[","[750,1000[","[500,1000[","[0,3000[","[0,3000[",*
908,"[900,950[","[900,1000[","[750,1000[","[500,1000[","[0,3000[","[0,3000[",*
909,"[900,950[","[900,1000[","[750,1000[","[500,1000[","[0,3000[","[0,3000[",*
910,"[900,950[","[900,1000[","[750,1000[","[500,1000[","[0,3000[","[0,3000[",*
911,"[900,950[","[900,1000[","[750,1000[","[500,1000[","[0,3000[","[0,3000[",*
912,"[900,950[","[900,1000[","[750,1000[","[500,1000[","[0,3000[","[0,3000[",*
913,"[900,950[","[900,1000[","[750,1000[","[500,1000[","[0,3000[","[0,3000[",*
914,"[900,950[","[900,1000[","[750,1000[","[500,1000[","[0,3000[","[0,3000[",*
915,"[900,950[","[900,1000[","[750,1000[","[500,1000[","[0,3000[","[0,3000[",*
916,"[900,950[","[900,1000[","[750,1000[","[500,1000[","[0,3000[","[0,3000[",*
917,"[900,950[","[900,1000[","[750,1000[","[500,1000[","[0,3000[","[0,3000[",*
918,"[900,950[","[900,1000[","[750,1000[","[500,1000[","[0,3000[","[0,3000[",*
919,"[900,950[","[900,1000[","[750,1000[","[500,1000[","[0,3000[","[0,3000[",*
920,"[900,950[","[900,1000[","[750,1000[","[500,1000[","[0,3000[","[0,3000[",*
921,"[900,950[","[900,1000[","[750,1000[","[500,1000[","[0,3000[","[0,3000[",*
922,"[900,950[","[900,1000[","[750,1000[","[500,1000[","[0,3000[","[0,3000[",*
923,"[900,950[","[900,1000[","[750,1000[","[500,1000[","[0,3000[","[0,3000[",*
924,"[900,950[","[900,1000[","[750,1000[","[500,1000[","[0,3000[","[0,3000[",*
925,"[900,950[","[900,1000[","[750,1000[","[500,1000[","[0,3000[","[0,3000[",*
926,"[900,950[","[900,1000[","[750,1000[","[500,1000[","[0,3000[","[0,3000[",*
927,"[900,950[","[900,1000[","[750,1000[","[500,1000[","[0,3000[","[0,3000[",*
928,"[900,950[","[900,1000[","[750,1000[","[500,1000[","[0,3000[","[0,3000[",*
929,"[900,950[","[900,1000[","[750,1000[","[500,1000[","[0,3000[","[0,3000[",*
930,"[900,950[","[900,1000[","[750,1000[","[500,1000[","[0,3000[","[0,3000[",*
931,"[900,950[","[900,1000[","[750,1000[","[500,1000[","[0,3000[","[0,3000[",*
932,"[900,950[","[900,1000[","[750,1000[","[500,1000[","[0,3000[","[0,3000[",*
933,"[900,950[","[900,1000[","[750,1000[","[500,1000[","[0,3000[","[0,3000[",*
934,"[900,950[","[900,1000[","[750,1000[","[500,1000[","[0,3000[","[0,3000[",*
935,"[900,950[","[900,1000[","[750,1000[","[500,1000[","[0,3000[","[0,3000[",*
936,"[900,950[","[900,1000[","[750,1000[","[500,1000[","[0,3000[","[0,3000[",*
937,"[900,950[","[900,1000[","[750,1000[","[500,1000[","[0,3000[","[0,3000[",*
938,"[900,950[","[900,1000[","[750,1000[","[500,1000[","[0,3000[","[0,3000[",*
939,"[900,950[","[900,1000[","[750,1000[","[500,1000[","[0,3000[","[0,3000[",*
940,"[900,950[","[900,1000[","[750,1000[","[500,1000[","[0,3000[","[0,3000[",*
941,"[900,950[","[900,1000[","[750,1000[","[500,1000[","[0,3000[","[0,3000[",*
942,"[900,950[","[900,1000[","[750,1000[","[500,1000[","[0,3000[","[0,3000[",*
943,"[900,950[","[900,1000[","[750,1000[","[500,1000[","[0,3000[","[0,3000[",*
944,"[900,950[","[900,1000[","[750,1000[","[500,1000[","[0,3000[","[0,3000[",*
945,"[900,950[","[900,1000[","[750,1000[","[500,1000[","[0,3000[","[0,3000[",*
946,"[900,950[","[900,1000[","[750,1000[","[500,1000[","[0,3000[","[0,3000[",*
947,"[900,950[","[900,1000[","[750,1000[","[500,1000[","[0,3000[","[0,3000[",*
948,"[900,950[","[900,1000[","[750,1000[","[500,1000[","[0,3000[","[0,3000[",*
949,"[900,950[","[900,1000[","[750,1000[","[500,1000[","[0,3000[","[0,3000[",*
950,"[950,1000[","[900,1000[","[750,1000[","[500,1000[","[0,3000[","[0,3000[",*
951,"[950,1000[","[900,1000[","[750,1000[","[500,1000[","[0,3000[","[0,3000[",*
952,"[950,1000[","[900,1000[","[750,1000[","[500,1000[","[0,3000[","[0,3000[",*
953,"[950,1000[","[900,1000[","[750,1000[","[500,1000[","[0,3000[","[0,3000[",*
954,"[950,1000[","[900,1000[","[750,1000[","[500,1000[","[0,3000[","[0,3000[",*
955,"[950,1000[","[900,1000[","[750,1000[","[500,1000[","[0,3000[","[0,3000[",*
956,"[950,1000[","[900,1000[","[750,1000[","[500,1000[","[0,3000[","[0,3000[",*
957,"[950,1000[","[900,1000[","[750,1000[","[500,1000[","[0,3000[","[0,3000[",*
958,"[950,1000[","[900,1000[","[750,1000[","[500,1000[","[0,3000[","[0,3000[",*
959,"[950,1000[","[900,1000[","[750,1000[","[500,1000[","[0,3000[","[0,3000[",*
960,"[950,1000[","[900,1000[","[750,1000[","[500,1000[","[0,3000[","[0,3000[",*
961,"[950,1000[","[900,1000[","[750,1000[","[500,1000[","[0,3000[","[0,3000[",*
962,"[950,1000[","[900,1000[","[750,1000[","[500,1000[","[0,3000[","[0,3000[",*
963,"[950,1000[","[900,1000[","[750,1000[","[500,1000[","[0,3000[","[0,3000[",*
964,"[950,1000[","[900,1000[","[750,1000[","[500,1000[","[0,3000[","[0,3000[",*
965,"[950,1000[","[900,1000[","[750,1000[","[500,1000[","[0,3000[","[0,3000[",*
966,"[950,1000[","[900,1000[","[750,1000[","[500,1000[","[0,3000[","[0,3000[",*
967,"[950,1000[","[900,1000[","[750,1000[","[500,1000[","[0,3000[","[0,3000[",*
968,"[950,1000[","[900,1000[","[750,1000[","[500,1000[","[0,3000[","[0,3000[",*
969,"[950,1000[","[900,1000[","[750,1000[","[500,1000[","[0,3000[","[0,3000[",*
970,"[950,1000[","[900,1000[","[750,1000[","[500,1000[","[0,3000[","[0,3000[",*
971,"[950,1000[","[900,1000[","[750,1000[","[500,1000[","[0,3000[","[0,3000[",*
972,"[950,1000[","[900,1000[","[750,1000[","[500,1000[","[0,3000[","[0,3000[",*
973,"[950,1000[","[900,1000[","[750,1000[","[500,1000[","[0,3000[","[0,3000[",*
974,"[950,1000[","[900,1000[","[750,1000[","[500,1000[","[0,3000[","[0,3000[",*
975,"[950,1000[","[900,1000[","[750,1000[","[500,1000[","[0,3000[","[0,3000[",*
976,"[950,1000[","[900,1000[","[750,1000[","[500,1000[","[0,3000[","[0,3000[",*
977,"[950,1000[","[900,1000[","[750,1000[","[500,1000[","[0,3000[","[0,3000[",*
978,"[950,1000[","[900,1000[","[750,1000[","[500,1000[","[0,3000[","[0,3000[",*
979,"[950,1000[","[900,1000[","[750,1000[","[500,1000[","[0,3000[","[0,3000[",*
980,"[950,1000[","[900,1000[","[750,1000[","[500,1000[","[0,3000[","[0,3000[",*
981,"[950,1000[","[900,1000[","[750,1000[","[500,1000[","[0,3000[","[0,3000[",*
982,"[950,1000[","[900,1000[","[750,1000[","[500,1000[","[0,3000[","[0,3000[",*
983,"[950,1000[","[900,1000[","[750,1000[","[500,1000[","[0,3000[","[0,3000[",*
984,"[950,1000[","[900,1000[","[750,1000[","[500,1000[","[0,3000[","[0,3000[",*
985,"[950,1000[","[900,1000[","[750,1000[","[500,1000[","[0,3000[","[0,3000[",*
986,"[950,1000[","[900,1000[","[750,1000[","[500,1000[","[0,3000[","[0,3000[",*
987,"[950,1000[","[900,1000[","[750,1000[","[500,1000[","[0,3000[","[0,3000[",*
988,"[950,1000[","[900,1000[","[750,1000[","[500,1000[","[0,3000[","[0,3000[",*
989,"[950,1000[","[900,1000[","[750,1000[","[500,1000[","[0,3000[","[0,3000[",*
990,"[950,1000[","[900,1000[","[750,1000[","[500,1000[","[0,3000[","[0,3000[",*
991,"[950,1000[","[900,1000[","[750,1000[","[500,1000[","[0,3000[","[0,3000[",*
992,"[950,1000[","[900,1000[","[750,1000[","[500,1000[","[0,3000[","[0,3000[",*
993,"[950,1000[","[900,1000[","[750,1000[","[500,1000[","[0,3000[","[0,3000[",*
994,"[950,1000[","[900,1000[","[750,1000[","[500,1000[","[0,3000[","[0,3000[",*
995,"[950,1000[","[900,1000[","[750,1000[","[500,1000[","[0,3000[","[0,3000[",*
996,"[950,1000[","[900,1000[","[750,1000[","[500,1000[","[0,3000[","[0,3000[",*
997,"[950,1000[","[900,1000[","[750,1000[","[500,1000[","[0,3000[","[0,3000[",*
998,"[950,1000[","[900,1000[","[750,1000[","[500,1000[","[0,3000[","[0,3000[",*
999,"[950,1000[","[900,1000[","[750,1000[","[500,1000[","[0,3000[","[0,3000[",*
1000,"[1000,1050[","[1000,1100[","[1000,1250[","[1000,1500[","[0,3000[","[0,3000[",*
1001,"[1000,1050[","[1000,1100[","[1000,1250[","[1000,1500[","[0,3000[","[0,3000[",*
1002,"[1000,1050[","[1000,1100[","[1000,1250[","[1000,1500[","[0,3000[","[0,3000[",*
1003,"[1000,1050[","[1000,1100[","[1000,1250[","[1000,1500[","[0,3000[","[0,3000[",*
1005,"[1000,1050[","[1000,1100[","[1000,1250[","[1000,1500[","[0,3000[","[0,3000[",*
1006,"[1000,1050[","[1000,1100[","[1000,1250[","[1000,1500[","[0,3000[","[0,3000[",*
1007,"[1000,1050[","[1000,1100[","[1000,1250[","[1000,1500[","[0,3000[","[0,3000[",*
1008,"[1000,1050[","[1000,1100[","[1000,1250[","[1000,1500[","[0,3000[","[0,3000[",*
1009,"[1000,1050[","[1000,1100[","[1000,1250[","[1000,1500[","[0,3000[","[0,3000[",*
1010,"[1000,1050[","[1000,1100[","[1000,1250[","[1000,1500[","[0,3000[","[0,3000[",*
1011,"[1000,1050[","[1000,1100[","[1000,1250[","[1000,1500[","[0,3000[","[0,3000[",*
1012,"[1000,1050[","[1000,1100[","[1000,1250[","[1000,1500[","[0,3000[","[0,3000[",*
1013,"[1000,1050[","[1000,1100[","[1000,1250[","[1000,1500[","[0,3000[","[0,3000[",*
1014,"[1000,1050[","[1000,1100[","[1000,1250[","[1000,1500[","[0,3000[","[0,3000[",*
1015,"[1000,1050[","[1000,1100[","[1000,1250[","[1000,1500[","[0,3000[","[0,3000[",*
1017,"[1000,1050[","[1000,1100[","[1000,1250[","[1000,1500[","[0,3000[","[0,3000[",*
1018,"[1000,1050[","[1000,1100[","[1000,1250[","[1000,1500[","[0,3000[","[0,3000[",*
1019,"[1000,1050[","[1000,1100[","[1000,1250[","[1000,1500[","[0,3000[","[0,3000[",*
1020,"[1000,1050[","[1000,1100[","[1000,1250[","[1000,1500[","[0,3000[","[0,3000[",*
1021,"[1000,1050[","[1000,1100[","[1000,1250[","[1000,1500[","[0,3000[","[0,3000[",*
1022,"[1000,1050[","[1000,1100[","[1000,1250[","[1000,1500[","[0,3000[","[0,3000[",*
1023,"[1000,1050[","[1000,1100[","[1000,1250[","[1000,1500[","[0,3000[","[0,3000[",*
1024,"[1000,1050[","[1000,1100[","[1000,1250[","[1000,1500[","[0,3000[","[0,3000[",*
1025,"[1000,1050[","[1000,1100[","[1000,1250[","[1000,1500[","[0,3000[","[0,3000[",*
1026,"[1000,1050[","[1000,1100[","[1000,1250[","[1000,1500[","[0,3000[","[0,3000[",*
1027,"[1000,1050[","[1000,1100[","[1000,1250[","[1000,1500[","[0,3000[","[0,3000[",*
1028,"[1000,1050[","[1000,1100[","[1000,1250[","[1000,1500[","[0,3000[","[0,3000[",*
1029,"[1000,1050[","[1000,1100[","[1000,1250[","[1000,1500[","[0,3000[","[0,3000[",*
1030,"[1000,1050[","[1000,1100[","[1000,1250[","[1000,1500[","[0,3000[","[0,3000[",*
1031,"[1000,1050[","[1000,1100[","[1000,1250[","[1000,1500[","[0,3000[","[0,3000[",*
1032,"[1000,1050[","[1000,1100[","[1000,1250[","[1000,1500[","[0,3000[","[0,3000[",*
1033,"[1000,1050[","[1000,1100[","[1000,1250[","[1000,1500[","[0,3000[","[0,3000[",*
1034,"[1000,1050[","[1000,1100[","[1000,1250[","[1000,1500[","[0,3000[","[0,3000[",*
1035,"[1000,1050[","[1000,1100[","[1000,1250[","[1000,1500[","[0,3000[","[0,3000[",*
1036,"[1000,1050[","[1000,1100[","[1000,1250[","[1000,1500[","[0,3000[","[0,3000[",*
1037,"[1000,1050[","[1000,1100[","[1000,1250[","[1000,1500[","[0,3000[","[0,3000[",*
1038,"[1000,1050[","[1000,1100[","[1000,1250[","[1000,1500[","[0,3000[","[0,3000[",*
1039,"[1000,1050[","[1000,1100[","[1000,1250[","[1000,1500[","[0,3000[","[0,3000[",*
1040,"[1000,1050[","[1000,1100[","[1000,1250[","[1000,1500[","[0,3000[","[0,3000[",*
1041,"[1000,1050[","[1000,1100[","[1000,1250[","[1000,1500[","[0,3000[","[0,3000[",*
1042,"[1000,1050[","[1000,1100[","[1000,1250[","[1000,1500[","[0,3000[","[0,3000[",*
1044,"[1000,1050[","[1000,1100[","[1000,1250[","[1000,1500[","[0,3000[","[0,3000[",*
1045,"[1000,1050[","[1000,1100[","[1000,1250[","[1000,1500[","[0,3000[","[0,3000[",*
1046,"[1000,1050[","[1000,1100[","[1000,1250[","[1000,1500[","[0,3000[","[0,3000[",*
1047,"[1000,1050[","[1000,1100[","[1000,1250[","[1000,1500[","[0,3000[","[0,3000[",*
1048,"[1000,1050[","[1000,1100[","[1000,1250[","[1000,1500[","[0,3000[","[0,3000[",*
1049,"[1000,1050[","[1000,1100[","[1000,1250[","[1000,1500[","[0,3000[","[0,3000[",*
1051,"[1050,1100[","[1000,1100[","[1000,1250[","[1000,1500[","[0,3000[","[0,3000[",*
1052,"[1050,1100[","[1000,1100[","[1000,1250[","[1000,1500[","[0,3000[","[0,3000[",*
1053,"[1050,1100[","[1000,1100[","[1000,1250[","[1000,1500[","[0,3000[","[0,3000[",*
1054,"[1050,1100[","[1000,1100[","[1000,1250[","[1000,1500[","[0,3000[","[0,3000[",*
1055,"[1050,1100[","[1000,1100[","[1000,1250[","[1000,1500[","[0,3000[","[0,3000[",*
1056,"[1050,1100[","[1000,1100[","[1000,1250[","[1000,1500[","[0,3000[","[0,3000[",*
1057,"[1050,1100[","[1000,1100[","[1000,1250[","[1000,1500[","[0,3000[","[0,3000[",*
1058,"[1050,1100[","[1000,1100[","[1000,1250[","[1000,1500[","[0,3000[","[0,3000[",*
1059,"[1050,1100[","[1000,1100[","[1000,1250[","[1000,1500[","[0,3000[","[0,3000[",*
1060,"[1050,1100[","[1000,1100[","[1000,1250[","[1000,1500[","[0,3000[","[0,3000[",*
1061,"[1050,1100[","[1000,1100[","[1000,1250[","[1000,1500[","[0,3000[","[0,3000[",*
1062,"[1050,1100[","[1000,1100[","[1000,1250[","[1000,1500[","[0,3000[","[0,3000[",*
1063,"[1050,1100[","[1000,1100[","[1000,1250[","[1000,1500[","[0,3000[","[0,3000[",*
1064,"[1050,1100[","[1000,1100[","[1000,1250[","[1000,1500[","[0,3000[","[0,3000[",*
1065,"[1050,1100[","[1000,1100[","[1000,1250[","[1000,1500[","[0,3000[","[0,3000[",*
1066,"[1050,1100[","[1000,1100[","[1000,1250[","[1000,1500[","[0,3000[","[0,3000[",*
1067,"[1050,1100[","[1000,1100[","[1000,1250[","[1000,1500[","[0,3000[","[0,3000[",*
1068,"[1050,1100[","[1000,1100[","[1000,1250[","[1000,1500[","[0,3000[","[0,3000[",*
1070,"[1050,1100[","[1000,1100[","[1000,1250[","[1000,1500[","[0,3000[","[0,3000[",*
1073,"[1050,1100[","[1000,1100[","[1000,1250[","[1000,1500[","[0,3000[","[0,3000[",*
1074,"[1050,1100[","[1000,1100[","[1000,1250[","[1000,1500[","[0,3000[","[0,3000[",*
1075,"[1050,1100[","[1000,1100[","[1000,1250[","[1000,1500[","[0,3000[","[0,3000[",*
1076,"[1050,1100[","[1000,1100[","[1000,1250[","[1000,1500[","[0,3000[","[0,3000[",*
1077,"[1050,1100[","[1000,1100[","[1000,1250[","[1000,1500[","[0,3000[","[0,3000[",*
1078,"[1050,1100[","[1000,1100[","[1000,1250[","[1000,1500[","[0,3000[","[0,3000[",*
1079,"[1050,1100[","[1000,1100[","[1000,1250[","[1000,1500[","[0,3000[","[0,3000[",*
1080,"[1050,1100[","[1000,1100[","[1000,1250[","[1000,1500[","[0,3000[","[0,3000[",*
1081,"[1050,1100[","[1000,1100[","[1000,1250[","[1000,1500[","[0,3000[","[0,3000[",*
1082,"[1050,1100[","[1000,1100[","[1000,1250[","[1000,1500[","[0,3000[","[0,3000[",*
1083,"[1050,1100[","[1000,1100[","[1000,1250[","[1000,1500[","[0,3000[","[0,3000[",*
1084,"[1050,1100[","[1000,1100[","[1000,1250[","[1000,1500[","[0,3000[","[0,3000[",*
1085,"[1050,1100[","[1000,1100[","[1000,1250[","[1000,1500[","[0,3000[","[0,3000[",*
1086,"[1050,1100[","[1000,1100[","[1000,1250[","[1000,1500[","[0,3000[","[0,3000[",*
1087,"[1050,1100[","[1000,1100[","[1000,1250[","[1000,1500[","[0,3000[","[0,3000[",*
1088,"[1050,1100[","[1000,1100[","[1000,1250[","[1000,1500[","[0,3000[","[0,3000[",*
1089,"[1050,1100[","[1000,1100[","[1000,1250[","[1000,1500[","[0,3000[","[0,3000[",*
1090,"[1050,1100[","[1000,1100[","[1000,1250[","[1000,1500[","[0,3000[","[0,3000[",*
1091,"[1050,1100[","[1000,1100[","[1000,1250[","[1000,1500[","[0,3000[","[0,3000[",*
1092,"[1050,1100[","[1000,1100[","[1000,1250[","[1000,1500[","[0,3000[","[0,3000[",*
1093,"[1050,1100[","[1000,1100[","[1000,1250[","[1000,1500[","[0,3000[","[0,3000[",*
1094,"[1050,1100[","[1000,1100[","[1000,1250[","[1000,1500[","[0,3000[","[0,3000[",*
1095,"[1050,1100[","[1000,1100[","[1000,1250[","[1000,1500[","[0,3000[","[0,3000[",*
1096,"[1050,1100[","[1000,1100[","[1000,1250[","[1000,1500[","[0,3000[","[0,3000[",*
1097,"[1050,1100[","[1000,1100[","[1000,1250[","[1000,1500[","[0,3000[","[0,3000[",*
1098,"[1050,1100[","[1000,1100[","[1000,1250[","[1000,1500[","[0,3000[","[0,3000[",*
1099,"[1050,1100[","[1000,1100[","[1000,1250[","[1000,1500[","[0,3000[","[0,3000[",*
1100,"[1100,1150[","[1100,1200[","[1000,1250[","[1000,1500[","[0,3000[","[0,3000[",*
1101,"[1100,1150[","[1100,1200[","[1000,1250[","[1000,1500[","[0,3000[","[0,3000[",*
1102,"[1100,1150[","[1100,1200[","[1000,1250[","[1000,1500[","[0,3000[","[0,3000[",*
1103,"[1100,1150[","[1100,1200[","[1000,1250[","[1000,1500[","[0,3000[","[0,3000[",*
1104,"[1100,1150[","[1100,1200[","[1000,1250[","[1000,1500[","[0,3000[","[0,3000[",*
1105,"[1100,1150[","[1100,1200[","[1000,1250[","[1000,1500[","[0,3000[","[0,3000[",*
1106,"[1100,1150[","[1100,1200[","[1000,1250[","[1000,1500[","[0,3000[","[0,3000[",*
1107,"[1100,1150[","[1100,1200[","[1000,1250[","[1000,1500[","[0,3000[","[0,3000[",*
1108,"[1100,1150[","[1100,1200[","[1000,1250[","[1000,1500[","[0,3000[","[0,3000[",*
1109,"[1100,1150[","[1100,1200[","[1000,1250[","[1000,1500[","[0,3000[","[0,3000[",*
1110,"[1100,1150[","[1100,1200[","[1000,1250[","[1000,1500[","[0,3000[","[0,3000[",*
1111,"[1100,1150[","[1100,1200[","[1000,1250[","[1000,1500[","[0,3000[","[0,3000[",*
1112,"[1100,1150[","[1100,1200[","[1000,1250[","[1000,1500[","[0,3000[","[0,3000[",*
1113,"[1100,1150[","[1100,1200[","[1000,1250[","[1000,1500[","[0,3000[","[0,3000[",*
1114,"[1100,1150[","[1100,1200[","[1000,1250[","[1000,1500[","[0,3000[","[0,3000[",*
1117,"[1100,1150[","[1100,1200[","[1000,1250[","[1000,1500[","[0,3000[","[0,3000[",*
1118,"[1100,1150[","[1100,1200[","[1000,1250[","[1000,1500[","[0,3000[","[0,3000[",*
1119,"[1100,1150[","[1100,1200[","[1000,1250[","[1000,1500[","[0,3000[","[0,3000[",*
1120,"[1100,1150[","[1100,1200[","[1000,1250[","[1000,1500[","[0,3000[","[0,3000[",*
1121,"[1100,1150[","[1100,1200[","[1000,1250[","[1000,1500[","[0,3000[","[0,3000[",*
1122,"[1100,1150[","[1100,1200[","[1000,1250[","[1000,1500[","[0,3000[","[0,3000[",*
1123,"[1100,1150[","[1100,1200[","[1000,1250[","[1000,1500[","[0,3000[","[0,3000[",*
1124,"[1100,1150[","[1100,1200[","[1000,1250[","[1000,1500[","[0,3000[","[0,3000[",*
1125,"[1100,1150[","[1100,1200[","[1000,1250[","[1000,1500[","[0,3000[","[0,3000[",*
1126,"[1100,1150[","[1100,1200[","[1000,1250[","[1000,1500[","[0,3000[","[0,3000[",*
1127,"[1100,1150[","[1100,1200[","[1000,1250[","[1000,1500[","[0,3000[","[0,3000[",*
1128,"[1100,1150[","[1100,1200[","[1000,1250[","[1000,1500[","[0,3000[","[0,3000[",*
1129,"[1100,1150[","[1100,1200[","[1000,1250[","[1000,1500[","[0,3000[","[0,3000[",*
1130,"[1100,1150[","[1100,1200[","[1000,1250[","[1000,1500[","[0,3000[","[0,3000[",*
1131,"[1100,1150[","[1100,1200[","[1000,1250[","[1000,1500[","[0,3000[","[0,3000[",*
1132,"[1100,1150[","[1100,1200[","[1000,1250[","[1000,1500[","[0,3000[","[0,3000[",*
1133,"[1100,1150[","[1100,1200[","[1000,1250[","[1000,1500[","[0,3000[","[0,3000[",*
1134,"[1100,1150[","[1100,1200[","[1000,1250[","[1000,1500[","[0,3000[","[0,3000[",*
1135,"[1100,1150[","[1100,1200[","[1000,1250[","[1000,1500[","[0,3000[","[0,3000[",*
1136,"[1100,1150[","[1100,1200[","[1000,1250[","[1000,1500[","[0,3000[","[0,3000[",*
1137,"[1100,1150[","[1100,1200[","[1000,1250[","[1000,1500[","[0,3000[","[0,3000[",*
1138,"[1100,1150[","[1100,1200[","[1000,1250[","[1000,1500[","[0,3000[","[0,3000[",*
1139,"[1100,1150[","[1100,1200[","[1000,1250[","[1000,1500[","[0,3000[","[0,3000[",*
1140,"[1100,1150[","[1100,1200[","[1000,1250[","[1000,1500[","[0,3000[","[0,3000[",*
1141,"[1100,1150[","[1100,1200[","[1000,1250[","[1000,1500[","[0,3000[","[0,3000[",*
1142,"[1100,1150[","[1100,1200[","[1000,1250[","[1000,1500[","[0,3000[","[0,3000[",*
1143,"[1100,1150[","[1100,1200[","[1000,1250[","[1000,1500[","[0,3000[","[0,3000[",*
1144,"[1100,1150[","[1100,1200[","[1000,1250[","[1000,1500[","[0,3000[","[0,3000[",*
1145,"[1100,1150[","[1100,1200[","[1000,1250[","[1000,1500[","[0,3000[","[0,3000[",*
1147,"[1100,1150[","[1100,1200[","[1000,1250[","[1000,1500[","[0,3000[","[0,3000[",*
1148,"[1100,1150[","[1100,1200[","[1000,1250[","[1000,1500[","[0,3000[","[0,3000[",*
1149,"[1100,1150[","[1100,1200[","[1000,1250[","[1000,1500[","[0,3000[","[0,3000[",*
1150,"[1150,1200[","[1100,1200[","[1000,1250[","[1000,1500[","[0,3000[","[0,3000[",*
1151,"[1150,1200[","[1100,1200[","[1000,1250[","[1000,1500[","[0,3000[","[0,3000[",*
1152,"[1150,1200[","[1100,1200[","[1000,1250[","[1000,1500[","[0,3000[","[0,3000[",*
1153,"[1150,1200[","[1100,1200[","[1000,1250[","[1000,1500[","[0,3000[","[0,3000[",*
1154,"[1150,1200[","[1100,1200[","[1000,1250[","[1000,1500[","[0,3000[","[0,3000[",*
1156,"[1150,1200[","[1100,1200[","[1000,1250[","[1000,1500[","[0,3000[","[0,3000[",*
1158,"[1150,1200[","[1100,1200[","[1000,1250[","[1000,1500[","[0,3000[","[0,3000[",*
1159,"[1150,1200[","[1100,1200[","[1000,1250[","[1000,1500[","[0,3000[","[0,3000[",*
1160,"[1150,1200[","[1100,1200[","[1000,1250[","[1000,1500[","[0,3000[","[0,3000[",*
1161,"[1150,1200[","[1100,1200[","[1000,1250[","[1000,1500[","[0,3000[","[0,3000[",*
1162,"[1150,1200[","[1100,1200[","[1000,1250[","[1000,1500[","[0,3000[","[0,3000[",*
1164,"[1150,1200[","[1100,1200[","[1000,1250[","[1000,1500[","[0,3000[","[0,3000[",*
1165,"[1150,1200[","[1100,1200[","[1000,1250[","[1000,1500[","[0,3000[","[0,3000[",*
1166,"[1150,1200[","[1100,1200[","[1000,1250[","[1000,1500[","[0,3000[","[0,3000[",*
1167,"[1150,1200[","[1100,1200[","[1000,1250[","[1000,1500[","[0,3000[","[0,3000[",*
1168,"[1150,1200[","[1100,1200[","[1000,1250[","[1000,1500[","[0,3000[","[0,3000[",*
1169,"[1150,1200[","[1100,1200[","[1000,1250[","[1000,1500[","[0,3000[","[0,3000[",*
1170,"[1150,1200[","[1100,1200[","[1000,1250[","[1000,1500[","[0,3000[","[0,3000[",*
1171,"[1150,1200[","[1100,1200[","[1000,1250[","[1000,1500[","[0,3000[","[0,3000[",*
1173,"[1150,1200[","[1100,1200[","[1000,1250[","[1000,1500[","[0,3000[","[0,3000[",*
1174,"[1150,1200[","[1100,1200[","[1000,1250[","[1000,1500[","[0,3000[","[0,3000[",*
1175,"[1150,1200[","[1100,1200[","[1000,1250[","[1000,1500[","[0,3000[","[0,3000[",*
1176,"[1150,1200[","[1100,1200[","[1000,1250[","[1000,1500[","[0,3000[","[0,3000[",*
1178,"[1150,1200[","[1100,1200[","[1000,1250[","[1000,1500[","[0,3000[","[0,3000[",*
1179,"[1150,1200[","[1100,1200[","[1000,1250[","[1000,1500[","[0,3000[","[0,3000[",*
1180,"[1150,1200[","[1100,1200[","[1000,1250[","[1000,1500[","[0,3000[","[0,3000[",*
1181,"[1150,1200[","[1100,1200[","[1000,1250[","[1000,1500[","[0,3000[","[0,3000[",*
1182,"[1150,1200[","[1100,1200[","[1000,1250[","[1000,1500[","[0,3000[","[0,3000[",*
1183,"[1150,1200[","[1100,1200[","[1000,1250[","[1000,1500[","[0,3000[","[0,3000[",*
1184,"[1150,1200[","[1100,1200[","[1000,1250[","[1000,1500[","[0,3000[","[0,3000[",*
1185,"[1150,1200[","[1100,1200[","[1000,1250[","[1000,1500[","[0,3000[","[0,3000[",*
1186,"[1150,1200[","[1100,1200[","[1000,1250[","[1000,1500[","[0,3000[","[0,3000[",*
1187,"[1150,1200[","[1100,1200[","[1000,1250[","[1000,1500[","[0,3000[","[0,3000[",*
1190,"[1150,1200[","[1100,1200[","[1000,1250[","[1000,1500[","[0,3000[","[0,3000[",*
1191,"[1150,1200[","[1100,1200[","[1000,1250[","[1000,1500[","[0,3000[","[0,3000[",*
1192,"[1150,1200[","[1100,1200[","[1000,1250[","[1000,1500[","[0,3000[","[0,3000[",*
1193,"[1150,1200[","[1100,1200[","[1000,1250[","[1000,1500[","[0,3000[","[0,3000[",*
1195,"[1150,1200[","[1100,1200[","[1000,1250[","[1000,1500[","[0,3000[","[0,3000[",*
1196,"[1150,1200[","[1100,1200[","[1000,1250[","[1000,1500[","[0,3000[","[0,3000[",*
1199,"[1150,1200[","[1100,1200[","[1000,1250[","[1000,1500[","[0,3000[","[0,3000[",*
1200,"[1200,1500[","[1200,1300[","[1000,1250[","[1000,1500[","[0,3000[","[0,3000[",*
1201,"[1200,1500[","[1200,1300[","[1000,1250[","[1000,1500[","[0,3000[","[0,3000[",*
1202,"[1200,1500[","[1200,1300[","[1000,1250[","[1000,1500[","[0,3000[","[0,3000[",*
1203,"[1200,1500[","[1200,1300[","[1000,1250[","[1000,1500[","[0,3000[","[0,3000[",*
1204,"[1200,1500[","[1200,1300[","[1000,1250[","[1000,1500[","[0,3000[","[0,3000[",*
1205,"[1200,1500[","[1200,1300[","[1000,1250[","[1000,1500[","[0,3000[","[0,3000[",*
1206,"[1200,1500[","[1200,1300[","[1000,1250[","[1000,1500[","[0,3000[","[0,3000[",*
1207,"[1200,1500[","[1200,1300[","[1000,1250[","[1000,1500[","[0,3000[","[0,3000[",*
1208,"[1200,1500[","[1200,1300[","[1000,1250[","[1000,1500[","[0,3000[","[0,3000[",*
1209,"[1200,1500[","[1200,1300[","[1000,1250[","[1000,1500[","[0,3000[","[0,3000[",*
1210,"[1200,1500[","[1200,1300[","[1000,1250[","[1000,1500[","[0,3000[","[0,3000[",*
1211,"[1200,1500[","[1200,1300[","[1000,1250[","[1000,1500[","[0,3000[","[0,3000[",*
1212,"[1200,1500[","[1200,1300[","[1000,1250[","[1000,1500[","[0,3000[","[0,3000[",*
1213,"[1200,1500[","[1200,1300[","[1000,1250[","[1000,1500[","[0,3000[","[0,3000[",*
1217,"[1200,1500[","[1200,1300[","[1000,1250[","[1000,1500[","[0,3000[","[0,3000[",*
1218,"[1200,1500[","[1200,1300[","[1000,1250[","[1000,1500[","[0,3000[","[0,3000[",*
1220,"[1200,1500[","[1200,1300[","[1000,1250[","[1000,1500[","[0,3000[","[0,3000[",*
1221,"[1200,1500[","[1200,1300[","[1000,1250[","[1000,1500[","[0,3000[","[0,3000[",*
1222,"[1200,1500[","[1200,1300[","[1000,1250[","[1000,1500[","[0,3000[","[0,3000[",*
1223,"[1200,1500[","[1200,1300[","[1000,1250[","[1000,1500[","[0,3000[","[0,3000[",*
1224,"[1200,1500[","[1200,1300[","[1000,1250[","[1000,1500[","[0,3000[","[0,3000[",*
1225,"[1200,1500[","[1200,1300[","[1000,1250[","[1000,1500[","[0,3000[","[0,3000[",*
1226,"[1200,1500[","[1200,1300[","[1000,1250[","[1000,1500[","[0,3000[","[0,3000[",*
1227,"[1200,1500[","[1200,1300[","[1000,1250[","[1000,1500[","[0,3000[","[0,3000[",*
1230,"[1200,1500[","[1200,1300[","[1000,1250[","[1000,1500[","[0,3000[","[0,3000[",*
1231,"[1200,1500[","[1200,1300[","[1000,1250[","[1000,1500[","[0,3000[","[0,3000[",*
1232,"[1200,1500[","[1200,1300[","[1000,1250[","[1000,1500[","[0,3000[","[0,3000[",*
1233,"[1200,1500[","[1200,1300[","[1000,1250[","[1000,1500[","[0,3000[","[0,3000[",*
1234,"[1200,1500[","[1200,1300[","[1000,1250[","[1000,1500[","[0,3000[","[0,3000[",*
1236,"[1200,1500[","[1200,1300[","[1000,1250[","[1000,1500[","[0,3000[","[0,3000[",*
1237,"[1200,1500[","[1200,1300[","[1000,1250[","[1000,1500[","[0,3000[","[0,3000[",*
1238,"[1200,1500[","[1200,1300[","[1000,1250[","[1000,1500[","[0,3000[","[0,3000[",*
1239,"[1200,1500[","[1200,1300[","[1000,1250[","[1000,1500[","[0,3000[","[0,3000[",*
1240,"[1200,1500[","[1200,1300[","[1000,1250[","[1000,1500[","[0,3000[","[0,3000[",*
1241,"[1200,1500[","[1200,1300[","[1000,1250[","[1000,1500[","[0,3000[","[0,3000[",*
1242,"[1200,1500[","[1200,1300[","[1000,1250[","[1000,1500[","[0,3000[","[0,3000[",*
1243,"[1200,1500[","[1200,1300[","[1000,1250[","[1000,1500[","[0,3000[","[0,3000[",*
1244,"[1200,1500[","[1200,1300[","[1000,1250[","[1000,1500[","[0,3000[","[0,3000[",*
1245,"[1200,1500[","[1200,1300[","[1000,1250[","[1000,1500[","[0,3000[","[0,3000[",*
1246,"[1200,1500[","[1200,1300[","[1000,1250[","[1000,1500[","[0,3000[","[0,3000[",*
1248,"[1200,1500[","[1200,1300[","[1000,1250[","[1000,1500[","[0,3000[","[0,3000[",*
1249,"[1200,1500[","[1200,1300[","[1000,1250[","[1000,1500[","[0,3000[","[0,3000[",*
1250,"[1200,1500[","[1200,1300[","[1250,1500[","[1000,1500[","[0,3000[","[0,3000[",*
1252,"[1200,1500[","[1200,1300[","[1250,1500[","[1000,1500[","[0,3000[","[0,3000[",*
1254,"[1200,1500[","[1200,1300[","[1250,1500[","[1000,1500[","[0,3000[","[0,3000[",*
1255,"[1200,1500[","[1200,1300[","[1250,1500[","[1000,1500[","[0,3000[","[0,3000[",*
1256,"[1200,1500[","[1200,1300[","[1250,1500[","[1000,1500[","[0,3000[","[0,3000[",*
1257,"[1200,1500[","[1200,1300[","[1250,1500[","[1000,1500[","[0,3000[","[0,3000[",*
1258,"[1200,1500[","[1200,1300[","[1250,1500[","[1000,1500[","[0,3000[","[0,3000[",*
1259,"[1200,1500[","[1200,1300[","[1250,1500[","[1000,1500[","[0,3000[","[0,3000[",*
1261,"[1200,1500[","[1200,1300[","[1250,1500[","[1000,1500[","[0,3000[","[0,3000[",*
1262,"[1200,1500[","[1200,1300[","[1250,1500[","[1000,1500[","[0,3000[","[0,3000[",*
1263,"[1200,1500[","[1200,1300[","[1250,1500[","[1000,1500[","[0,3000[","[0,3000[",*
1265,"[1200,1500[","[1200,1300[","[1250,1500[","[1000,1500[","[0,3000[","[0,3000[",*
1266,"[1200,1500[","[1200,1300[","[1250,1500[","[1000,1500[","[0,3000[","[0,3000[",*
1268,"[1200,1500[","[1200,1300[","[1250,1500[","[1000,1500[","[0,3000[","[0,3000[",*
1269,"[1200,1500[","[1200,1300[","[1250,1500[","[1000,1500[","[0,3000[","[0,3000[",*
1271,"[1200,1500[","[1200,1300[","[1250,1500[","[1000,1500[","[0,3000[","[0,3000[",*
1272,"[1200,1500[","[1200,1300[","[1250,1500[","[1000,1500[","[0,3000[","[0,3000[",*
1273,"[1200,1500[","[1200,1300[","[1250,1500[","[1000,1500[","[0,3000[","[0,3000[",*
1275,"[1200,1500[","[1200,1300[","[1250,1500[","[1000,1500[","[0,3000[","[0,3000[",*
1276,"[1200,1500[","[1200,1300[","[1250,1500[","[1000,1500[","[0,3000[","[0,3000[",*
1277,"[1200,1500[","[1200,1300[","[1250,1500[","[1000,1500[","[0,3000[","[0,3000[",*
1279,"[1200,1500[","[1200,1300[","[1250,1500[","[1000,1500[","[0,3000[","[0,3000[",*
1282,"[1200,1500[","[1200,1300[","[1250,1500[","[1000,1500[","[0,3000[","[0,3000[",*
1283,"[1200,1500[","[1200,1300[","[1250,1500[","[1000,1500[","[0,3000[","[0,3000[",*
1284,"[1200,1500[","[1200,1300[","[1250,1500[","[1000,1500[","[0,3000[","[0,3000[",*
1286,"[1200,1500[","[1200,1300[","[1250,1500[","[1000,1500[","[0,3000[","[0,3000[",*
1287,"[1200,1500[","[1200,1300[","[1250,1500[","[1000,1500[","[0,3000[","[0,3000[",*
1288,"[1200,1500[","[1200,1300[","[1250,1500[","[1000,1500[","[0,3000[","[0,3000[",*
1290,"[1200,1500[","[1200,1300[","[1250,1500[","[1000,1500[","[0,3000[","[0,3000[",*
1291,"[1200,1500[","[1200,1300[","[1250,1500[","[1000,1500[","[0,3000[","[0,3000[",*
1293,"[1200,1500[","[1200,1300[","[1250,1500[","[1000,1500[","[0,3000[","[0,3000[",*
1294,"[1200,1500[","[1200,1300[","[1250,1500[","[1000,1500[","[0,3000[","[0,3000[",*
1296,"[1200,1500[","[1200,1300[","[1250,1500[","[1000,1500[","[0,3000[","[0,3000[",*
1297,"[1200,1500[","[1200,1300[","[1250,1500[","[1000,1500[","[0,3000[","[0,3000[",*
1298,"[1200,1500[","[1200,1300[","[1250,1500[","[1000,1500[","[0,3000[","[0,3000[",*
1302,"[1200,1500[","[1300,1400[","[1250,1500[","[1000,1500[","[0,3000[","[0,3000[",*
1303,"[1200,1500[","[1300,1400[","[1250,1500[","[1000,1500[","[0,3000[","[0,3000[",*
1306,"[1200,1500[","[1300,1400[","[1250,1500[","[1000,1500[","[0,3000[","[0,3000[",*
1307,"[1200,1500[","[1300,1400[","[1250,1500[","[1000,1500[","[0,3000[","[0,3000[",*
1309,"[1200,1500[","[1300,1400[","[1250,1500[","[1000,1500[","[0,3000[","[0,3000[",*
1310,"[1200,1500[","[1300,1400[","[1250,1500[","[1000,1500[","[0,3000[","[0,3000[",*
1311,"[1200,1500[","[1300,1400[","[1250,1500[","[1000,1500[","[0,3000[","[0,3000[",*
1313,"[1200,1500[","[1300,1400[","[1250,1500[","[1000,1500[","[0,3000[","[0,3000[",*
1314,"[1200,1500[","[1300,1400[","[1250,1500[","[1000,1500[","[0,3000[","[0,3000[",*
1318,"[1200,1500[","[1300,1400[","[1250,1500[","[1000,1500[","[0,3000[","[0,3000[",*
1319,"[1200,1500[","[1300,1400[","[1250,1500[","[1000,1500[","[0,3000[","[0,3000[",*
1321,"[1200,1500[","[1300,1400[","[1250,1500[","[1000,1500[","[0,3000[","[0,3000[",*
1323,"[1200,1500[","[1300,1400[","[1250,1500[","[1000,1500[","[0,3000[","[0,3000[",*
1326,"[1200,1500[","[1300,1400[","[1250,1500[","[1000,1500[","[0,3000[","[0,3000[",*
1327,"[1200,1500[","[1300,1400[","[1250,1500[","[1000,1500[","[0,3000[","[0,3000[",*
1328,"[1200,1500[","[1300,1400[","[1250,1500[","[1000,1500[","[0,3000[","[0,3000[",*
1329,"[1200,1500[","[1300,1400[","[1250,1500[","[1000,1500[","[0,3000[","[0,3000[",*
1330,"[1200,1500[","[1300,1400[","[1250,1500[","[1000,1500[","[0,3000[","[0,3000[",*
1331,"[1200,1500[","[1300,1400[","[1250,1500[","[1000,1500[","[0,3000[","[0,3000[",*
1332,"[1200,1500[","[1300,1400[","[1250,1500[","[1000,1500[","[0,3000[","[0,3000[",*
1333,"[1200,1500[","[1300,1400[","[1250,1500[","[1000,1500[","[0,3000[","[0,3000[",*
1334,"[1200,1500[","[1300,1400[","[1250,1500[","[1000,1500[","[0,3000[","[0,3000[",*
1336,"[1200,1500[","[1300,1400[","[1250,1500[","[1000,1500[","[0,3000[","[0,3000[",*
1337,"[1200,1500[","[1300,1400[","[1250,1500[","[1000,1500[","[0,3000[","[0,3000[",*
1339,"[1200,1500[","[1300,1400[","[1250,1500[","[1000,1500[","[0,3000[","[0,3000[",*
1340,"[1200,1500[","[1300,1400[","[1250,1500[","[1000,1500[","[0,3000[","[0,3000[",*
1341,"[1200,1500[","[1300,1400[","[1250,1500[","[1000,1500[","[0,3000[","[0,3000[",*
1342,"[1200,1500[","[1300,1400[","[1250,1500[","[1000,1500[","[0,3000[","[0,3000[",*
1343,"[1200,1500[","[1300,1400[","[1250,1500[","[1000,1500[","[0,3000[","[0,3000[",*
1344,"[1200,1500[","[1300,1400[","[1250,1500[","[1000,1500[","[0,3000[","[0,3000[",*
1345,"[1200,1500[","[1300,1400[","[1250,1500[","[1000,1500[","[0,3000[","[0,3000[",*
1346,"[1200,1500[","[1300,1400[","[1250,1500[","[1000,1500[","[0,3000[","[0,3000[",*
1347,"[1200,1500[","[1300,1400[","[1250,1500[","[1000,1500[","[0,3000[","[0,3000[",*
1348,"[1200,1500[","[1300,1400[","[1250,1500[","[1000,1500[","[0,3000[","[0,3000[",*
1349,"[1200,1500[","[1300,1400[","[1250,1500[","[1000,1500[","[0,3000[","[0,3000[",*
1352,"[1200,1500[","[1300,1400[","[1250,1500[","[1000,1500[","[0,3000[","[0,3000[",*
1353,"[1200,1500[","[1300,1400[","[1250,1500[","[1000,1500[","[0,3000[","[0,3000[",*
1357,"[1200,1500[","[1300,1400[","[1250,1500[","[1000,1500[","[0,3000[","[0,3000[",*
1359,"[1200,1500[","[1300,1400[","[1250,1500[","[1000,1500[","[0,3000[","[0,3000[",*
1360,"[1200,1500[","[1300,1400[","[1250,1500[","[1000,1500[","[0,3000[","[0,3000[",*
1361,"[1200,1500[","[1300,1400[","[1250,1500[","[1000,1500[","[0,3000[","[0,3000[",*
1363,"[1200,1500[","[1300,1400[","[1250,1500[","[1000,1500[","[0,3000[","[0,3000[",*
1364,"[1200,1500[","[1300,1400[","[1250,1500[","[1000,1500[","[0,3000[","[0,3000[",*
1365,"[1200,1500[","[1300,1400[","[1250,1500[","[1000,1500[","[0,3000[","[0,3000[",*
1366,"[1200,1500[","[1300,1400[","[1250,1500[","[1000,1500[","[0,3000[","[0,3000[",*
1368,"[1200,1500[","[1300,1400[","[1250,1500[","[1000,1500[","[0,3000[","[0,3000[",*
1369,"[1200,1500[","[1300,1400[","[1250,1500[","[1000,1500[","[0,3000[","[0,3000[",*
1370,"[1200,1500[","[1300,1400[","[1250,1500[","[1000,1500[","[0,3000[","[0,3000[",*
1372,"[1200,1500[","[1300,1400[","[1250,1500[","[1000,1500[","[0,3000[","[0,3000[",*
1373,"[1200,1500[","[1300,1400[","[1250,1500[","[1000,1500[","[0,3000[","[0,3000[",*
1374,"[1200,1500[","[1300,1400[","[1250,1500[","[1000,1500[","[0,3000[","[0,3000[",*
1376,"[1200,1500[","[1300,1400[","[1250,1500[","[1000,1500[","[0,3000[","[0,3000[",*
1377,"[1200,1500[","[1300,1400[","[1250,1500[","[1000,1500[","[0,3000[","[0,3000[",*
1380,"[1200,1500[","[1300,1400[","[1250,1500[","[1000,1500[","[0,3000[","[0,3000[",*
1381,"[1200,1500[","[1300,1400[","[1250,1500[","[1000,1500[","[0,3000[","[0,3000[",*
1386,"[1200,1500[","[1300,1400[","[1250,1500[","[1000,1500[","[0,3000[","[0,3000[",*
1387,"[1200,1500[","[1300,1400[","[1250,1500[","[1000,1500[","[0,3000[","[0,3000[",*
1388,"[1200,1500[","[1300,1400[","[1250,1500[","[1000,1500[","[0,3000[","[0,3000[",*
1389,"[1200,1500[","[1300,1400[","[1250,1500[","[1000,1500[","[0,3000[","[0,3000[",*
1390,"[1200,1500[","[1300,1400[","[1250,1500[","[1000,1500[","[0,3000[","[0,3000[",*
1391,"[1200,1500[","[1300,1400[","[1250,1500[","[1000,1500[","[0,3000[","[0,3000[",*
1392,"[1200,1500[","[1300,1400[","[1250,1500[","[1000,1500[","[0,3000[","[0,3000[",*
1393,"[1200,1500[","[1300,1400[","[1250,1500[","[1000,1500[","[0,3000[","[0,3000[",*
1395,"[1200,1500[","[1300,1400[","[1250,1500[","[1000,1500[","[0,3000[","[0,3000[",*
1397,"[1200,1500[","[1300,1400[","[1250,1500[","[1000,1500[","[0,3000[","[0,3000[",*
1399,"[1200,1500[","[1300,1400[","[1250,1500[","[1000,1500[","[0,3000[","[0,3000[",*
1403,"[1200,1500[","[1400,1500[","[1250,1500[","[1000,1500[","[0,3000[","[0,3000[",*
1404,"[1200,1500[","[1400,1500[","[1250,1500[","[1000,1500[","[0,3000[","[0,3000[",*
1405,"[1200,1500[","[1400,1500[","[1250,1500[","[1000,1500[","[0,3000[","[0,3000[",*
1407,"[1200,1500[","[1400,1500[","[1250,1500[","[1000,1500[","[0,3000[","[0,3000[",*
1408,"[1200,1500[","[1400,1500[","[1250,1500[","[1000,1500[","[0,3000[","[0,3000[",*
1409,"[1200,1500[","[1400,1500[","[1250,1500[","[1000,1500[","[0,3000[","[0,3000[",*
1410,"[1200,1500[","[1400,1500[","[1250,1500[","[1000,1500[","[0,3000[","[0,3000[",*
1412,"[1200,1500[","[1400,1500[","[1250,1500[","[1000,1500[","[0,3000[","[0,3000[",*
1416,"[1200,1500[","[1400,1500[","[1250,1500[","[1000,1500[","[0,3000[","[0,3000[",*
1417,"[1200,1500[","[1400,1500[","[1250,1500[","[1000,1500[","[0,3000[","[0,3000[",*
1419,"[1200,1500[","[1400,1500[","[1250,1500[","[1000,1500[","[0,3000[","[0,3000[",*
1420,"[1200,1500[","[1400,1500[","[1250,1500[","[1000,1500[","[0,3000[","[0,3000[",*
1422,"[1200,1500[","[1400,1500[","[1250,1500[","[1000,1500[","[0,3000[","[0,3000[",*
1423,"[1200,1500[","[1400,1500[","[1250,1500[","[1000,1500[","[0,3000[","[0,3000[",*
1424,"[1200,1500[","[1400,1500[","[1250,1500[","[1000,1500[","[0,3000[","[0,3000[",*
1425,"[1200,1500[","[1400,1500[","[1250,1500[","[1000,1500[","[0,3000[","[0,3000[",*
1426,"[1200,1500[","[1400,1500[","[1250,1500[","[1000,1500[","[0,3000[","[0,3000[",*
1431,"[1200,1500[","[1400,1500[","[1250,1500[","[1000,1500[","[0,3000[","[0,3000[",*
1432,"[1200,1500[","[1400,1500[","[1250,1500[","[1000,1500[","[0,3000[","[0,3000[",*
1434,"[1200,1500[","[1400,1500[","[1250,1500[","[1000,1500[","[0,3000[","[0,3000[",*
1435,"[1200,1500[","[1400,1500[","[1250,1500[","[1000,1500[","[0,3000[","[0,3000[",*
1437,"[1200,1500[","[1400,1500[","[1250,1500[","[1000,1500[","[0,3000[","[0,3000[",*
1438,"[1200,1500[","[1400,1500[","[1250,1500[","[1000,1500[","[0,3000[","[0,3000[",*
1439,"[1200,1500[","[1400,1500[","[1250,1500[","[1000,1500[","[0,3000[","[0,3000[",*
1440,"[1200,1500[","[1400,1500[","[1250,1500[","[1000,1500[","[0,3000[","[0,3000[",*
1441,"[1200,1500[","[1400,1500[","[1250,1500[","[1000,1500[","[0,3000[","[0,3000[",*
1446,"[1200,1500[","[1400,1500[","[1250,1500[","[1000,1500[","[0,3000[","[0,3000[",*
1447,"[1200,1500[","[1400,1500[","[1250,1500[","[1000,1500[","[0,3000[","[0,3000[",*
1448,"[1200,1500[","[1400,1500[","[1250,1500[","[1000,1500[","[0,3000[","[0,3000[",*
1449,"[1200,1500[","[1400,1500[","[1250,1500[","[1000,1500[","[0,3000[","[0,3000[",*
1451,"[1200,1500[","[1400,1500[","[1250,1500[","[1000,1500[","[0,3000[","[0,3000[",*
1452,"[1200,1500[","[1400,1500[","[1250,1500[","[1000,1500[","[0,3000[","[0,3000[",*
1456,"[1200,1500[","[1400,1500[","[1250,1500[","[1000,1500[","[0,3000[","[0,3000[",*
1460,"[1200,1500[","[1400,1500[","[1250,1500[","[1000,1500[","[0,3000[","[0,3000[",*
1461,"[1200,1500[","[1400,1500[","[1250,1500[","[1000,1500[","[0,3000[","[0,3000[",*
1462,"[1200,1500[","[1400,1500[","[1250,1500[","[1000,1500[","[0,3000[","[0,3000[",*
1463,"[1200,1500[","[1400,1500[","[1250,1500[","[1000,1500[","[0,3000[","[0,3000[",*
1464,"[1200,1500[","[1400,1500[","[1250,1500[","[1000,1500[","[0,3000[","[0,3000[",*
1467,"[1200,1500[","[1400,1500[","[1250,1500[","[1000,1500[","[0,3000[","[0,3000[",*
1468,"[1200,1500[","[1400,1500[","[1250,1500[","[1000,1500[","[0,3000[","[0,3000[",*
1469,"[1200,1500[","[1400,1500[","[1250,1500[","[1000,1500[","[0,3000[","[0,3000[",*
1471,"[1200,1500[","[1400,1500[","[1250,1500[","[1000,1500[","[0,3000[","[0,3000[",*
1472,"[1200,1500[","[1400,1500[","[1250,1500[","[1000,1500[","[0,3000[","[0,3000[",*
1473,"[1200,1500[","[1400,1500[","[1250,1500[","[1000,1500[","[0,3000[","[0,3000[",*
1476,"[1200,1500[","[1400,1500[","[1250,1500[","[1000,1500[","[0,3000[","[0,3000[",*
1478,"[1200,1500[","[1400,1500[","[1250,1500[","[1000,1500[","[0,3000[","[0,3000[",*
1484,"[1200,1500[","[1400,1500[","[1250,1500[","[1000,1500[","[0,3000[","[0,3000[",*
1486,"[1200,1500[","[1400,1500[","[1250,1500[","[1000,1500[","[0,3000[","[0,3000[",*
1487,"[1200,1500[","[1400,1500[","[1250,1500[","[1000,1500[","[0,3000[","[0,3000[",*
1488,"[1200,1500[","[1400,1500[","[1250,1500[","[1000,1500[","[0,3000[","[0,3000[",*
1489,"[1200,1500[","[1400,1500[","[1250,1500[","[1000,1500[","[0,3000[","[0,3000[",*
1490,"[1200,1500[","[1400,1500[","[1250,1500[","[1000,1500[","[0,3000[","[0,3000[",*
1491,"[1200,1500[","[1400,1500[","[1250,1500[","[1000,1500[","[0,3000[","[0,3000[",*
1492,"[1200,1500[","[1400,1500[","[1250,1500[","[1000,1500[","[0,3000[","[0,3000[",*
1495,"[1200,1500[","[1400,1500[","[1250,1500[","[1000,1500[","[0,3000[","[0,3000[",*
1499,"[1200,1500[","[1400,1500[","[1250,1500[","[1000,1500[","[0,3000[","[0,3000[",*
1500,"[1500,1800[","[1500,1600[","[1500,1750[","[1500,2000[","[0,3000[","[0,3000[",*
1502,"[1500,1800[","[1500,1600[","[1500,1750[","[1500,2000[","[0,3000[","[0,3000[",*
1503,"[1500,1800[","[1500,1600[","[1500,1750[","[1500,2000[","[0,3000[","[0,3000[",*
1504,"[1500,1800[","[1500,1600[","[1500,1750[","[1500,2000[","[0,3000[","[0,3000[",*
1508,"[1500,1800[","[1500,1600[","[1500,1750[","[1500,2000[","[0,3000[","[0,3000[",*
1512,"[1500,1800[","[1500,1600[","[1500,1750[","[1500,2000[","[0,3000[","[0,3000[",*
1514,"[1500,1800[","[1500,1600[","[1500,1750[","[1500,2000[","[0,3000[","[0,3000[",*
1516,"[1500,1800[","[1500,1600[","[1500,1750[","[1500,2000[","[0,3000[","[0,3000[",*
1519,"[1500,1800[","[1500,1600[","[1500,1750[","[1500,2000[","[0,3000[","[0,3000[",*
1521,"[1500,1800[","[1500,1600[","[1500,1750[","[1500,2000[","[0,3000[","[0,3000[",*
1528,"[1500,1800[","[1500,1600[","[1500,1750[","[1500,2000[","[0,3000[","[0,3000[",*
1529,"[1500,1800[","[1500,1600[","[1500,1750[","[1500,2000[","[0,3000[","[0,3000[",*
1531,"[1500,1800[","[1500,1600[","[1500,1750[","[1500,2000[","[0,3000[","[0,3000[",*
1532,"[1500,1800[","[1500,1600[","[1500,1750[","[1500,2000[","[0,3000[","[0,3000[",*
1534,"[1500,1800[","[1500,1600[","[1500,1750[","[1500,2000[","[0,3000[","[0,3000[",*
1536,"[1500,1800[","[1500,1600[","[1500,1750[","[1500,2000[","[0,3000[","[0,3000[",*
1540,"[1500,1800[","[1500,1600[","[1500,1750[","[1500,2000[","[0,3000[","[0,3000[",*
1541,"[1500,1800[","[1500,1600[","[1500,1750[","[1500,2000[","[0,3000[","[0,3000[",*
1543,"[1500,1800[","[1500,1600[","[1500,1750[","[1500,2000[","[0,3000[","[0,3000[",*
1545,"[1500,1800[","[1500,1600[","[1500,1750[","[1500,2000[","[0,3000[","[0,3000[",*
1548,"[1500,1800[","[1500,1600[","[1500,1750[","[1500,2000[","[0,3000[","[0,3000[",*
1550,"[1500,1800[","[1500,1600[","[1500,1750[","[1500,2000[","[0,3000[","[0,3000[",*
1551,"[1500,1800[","[1500,1600[","[1500,1750[","[1500,2000[","[0,3000[","[0,3000[",*
1553,"[1500,1800[","[1500,1600[","[1500,1750[","[1500,2000[","[0,3000[","[0,3000[",*
1554,"[1500,1800[","[1500,1600[","[1500,1750[","[1500,2000[","[0,3000[","[0,3000[",*
1555,"[1500,1800[","[1500,1600[","[1500,1750[","[1500,2000[","[0,3000[","[0,3000[",*
1556,"[1500,1800[","[1500,1600[","[1500,1750[","[1500,2000[","[0,3000[","[0,3000[",*
1558,"[1500,1800[","[1500,1600[","[1500,1750[","[1500,2000[","[0,3000[","[0,3000[",*
1559,"[1500,1800[","[1500,1600[","[1500,1750[","[1500,2000[","[0,3000[","[0,3000[",*
1560,"[1500,1800[","[1500,1600[","[1500,1750[","[1500,2000[","[0,3000[","[0,3000[",*
1563,"[1500,1800[","[1500,1600[","[1500,1750[","[1500,2000[","[0,3000[","[0,3000[",*
1567,"[1500,1800[","[1500,1600[","[1500,1750[","[1500,2000[","[0,3000[","[0,3000[",*
1569,"[1500,1800[","[1500,1600[","[1500,1750[","[1500,2000[","[0,3000[","[0,3000[",*
1571,"[1500,1800[","[1500,1600[","[1500,1750[","[1500,2000[","[0,3000[","[0,3000[",*
1573,"[1500,1800[","[1500,1600[","[1500,1750[","[1500,2000[","[0,3000[","[0,3000[",*
1574,"[1500,1800[","[1500,1600[","[1500,1750[","[1500,2000[","[0,3000[","[0,3000[",*
1576,"[1500,1800[","[1500,1600[","[1500,1750[","[1500,2000[","[0,3000[","[0,3000[",*
1579,"[1500,1800[","[1500,1600[","[1500,1750[","[1500,2000[","[0,3000[","[0,3000[",*
1580,"[1500,1800[","[1500,1600[","[1500,1750[","[1500,2000[","[0,3000[","[0,3000[",*
1581,"[1500,1800[","[1500,1600[","[1500,1750[","[1500,2000[","[0,3000[","[0,3000[",*
1584,"[1500,1800[","[1500,1600[","[1500,1750[","[1500,2000[","[0,3000[","[0,3000[",*
1594,"[1500,1800[","[1500,1600[","[1500,1750[","[1500,2000[","[0,3000[","[0,3000[",*
1597,"[1500,1800[","[1500,1600[","[1500,1750[","[1500,2000[","[0,3000[","[0,3000[",*
1598,"[1500,1800[","[1500,1600[","[1500,1750[","[1500,2000[","[0,3000[","[0,3000[",*
1600,"[1500,1800[","[1600,1700[","[1500,1750[","[1500,2000[","[0,3000[","[0,3000[",*
1602,"[1500,1800[","[1600,1700[","[1500,1750[","[1500,2000[","[0,3000[","[0,3000[",*
1603,"[1500,1800[","[1600,1700[","[1500,1750[","[1500,2000[","[0,3000[","[0,3000[",*
1606,"[1500,1800[","[1600,1700[","[1500,1750[","[1500,2000[","[0,3000[","[0,3000[",*
1608,"[1500,1800[","[1600,1700[","[1500,1750[","[1500,2000[","[0,3000[","[0,3000[",*
1611,"[1500,1800[","[1600,1700[","[1500,1750[","[1500,2000[","[0,3000[","[0,3000[",*
1613,"[1500,1800[","[1600,1700[","[1500,1750[","[1500,2000[","[0,3000[","[0,3000[",*
1616,"[1500,1800[","[1600,1700[","[1500,1750[","[1500,2000[","[0,3000[","[0,3000[",*
1617,"[1500,1800[","[1600,1700[","[1500,1750[","[1500,2000[","[0,3000[","[0,3000[",*
1622,"[1500,1800[","[1600,1700[","[1500,1750[","[1500,2000[","[0,3000[","[0,3000[",*
1623,"[1500,1800[","[1600,1700[","[1500,1750[","[1500,2000[","[0,3000[","[0,3000[",*
1628,"[1500,1800[","[1600,1700[","[1500,1750[","[1500,2000[","[0,3000[","[0,3000[",*
1635,"[1500,1800[","[1600,1700[","[1500,1750[","[1500,2000[","[0,3000[","[0,3000[",*
1642,"[1500,1800[","[1600,1700[","[1500,1750[","[1500,2000[","[0,3000[","[0,3000[",*
1649,"[1500,1800[","[1600,1700[","[1500,1750[","[1500,2000[","[0,3000[","[0,3000[",*
1650,"[1500,1800[","[1600,1700[","[1500,1750[","[1500,2000[","[0,3000[","[0,3000[",*
1656,"[1500,1800[","[1600,1700[","[1500,1750[","[1500,2000[","[0,3000[","[0,3000[",*
1658,"[1500,1800[","[1600,1700[","[1500,1750[","[1500,2000[","[0,3000[","[0,3000[",*
1661,"[1500,1800[","[1600,1700[","[1500,1750[","[1500,2000[","[0,3000[","[0,3000[",*
1662,"[1500,1800[","[1600,1700[","[1500,1750[","[1500,2000[","[0,3000[","[0,3000[",*
1663,"[1500,1800[","[1600,1700[","[1500,1750[","[1500,2000[","[0,3000[","[0,3000[",*
1665,"[1500,1800[","[1600,1700[","[1500,1750[","[1500,2000[","[0,3000[","[0,3000[",*
1666,"[1500,1800[","[1600,1700[","[1500,1750[","[1500,2000[","[0,3000[","[0,3000[",*
1669,"[1500,1800[","[1600,1700[","[1500,1750[","[1500,2000[","[0,3000[","[0,3000[",*
1677,"[1500,1800[","[1600,1700[","[1500,1750[","[1500,2000[","[0,3000[","[0,3000[",*
1681,"[1500,1800[","[1600,1700[","[1500,1750[","[1500,2000[","[0,3000[","[0,3000[",*
1687,"[1500,1800[","[1600,1700[","[1500,1750[","[1500,2000[","[0,3000[","[0,3000[",*
1689,"[1500,1800[","[1600,1700[","[1500,1750[","[1500,2000[","[0,3000[","[0,3000[",*
1691,"[1500,1800[","[1600,1700[","[1500,1750[","[1500,2000[","[0,3000[","[0,3000[",*
1692,"[1500,1800[","[1600,1700[","[1500,1750[","[1500,2000[","[0,3000[","[0,3000[",*
1697,"[1500,1800[","[1600,1700[","[1500,1750[","[1500,2000[","[0,3000[","[0,3000[",*
1702,"[1500,1800[","[1700,1800[","[1500,1750[","[1500,2000[","[0,3000[","[0,3000[",*
1707,"[1500,1800[","[1700,1800[","[1500,1750[","[1500,2000[","[0,3000[","[0,3000[",*
1710,"[1500,1800[","[1700,1800[","[1500,1750[","[1500,2000[","[0,3000[","[0,3000[",*
1713,"[1500,1800[","[1700,1800[","[1500,1750[","[1500,2000[","[0,3000[","[0,3000[",*
1720,"[1500,1800[","[1700,1800[","[1500,1750[","[1500,2000[","[0,3000[","[0,3000[",*
1721,"[1500,1800[","[1700,1800[","[1500,1750[","[1500,2000[","[0,3000[","[0,3000[",*
1723,"[1500,1800[","[1700,1800[","[1500,1750[","[1500,2000[","[0,3000[","[0,3000[",*
1727,"[1500,1800[","[1700,1800[","[1500,1750[","[1500,2000[","[0,3000[","[0,3000[",*
1730,"[1500,1800[","[1700,1800[","[1500,1750[","[1500,2000[","[0,3000[","[0,3000[",*
1735,"[1500,1800[","[1700,1800[","[1500,1750[","[1500,2000[","[0,3000[","[0,3000[",*
1739,"[1500,1800[","[1700,1800[","[1500,1750[","[1500,2000[","[0,3000[","[0,3000[",*
1740,"[1500,1800[","[1700,1800[","[1500,1750[","[1500,2000[","[0,3000[","[0,3000[",*
1745,"[1500,1800[","[1700,1800[","[1500,1750[","[1500,2000[","[0,3000[","[0,3000[",*
1767,"[1500,1800[","[1700,1800[","[1750,2000[","[1500,2000[","[0,3000[","[0,3000[",*
1776,"[1500,1800[","[1700,1800[","[1750,2000[","[1500,2000[","[0,3000[","[0,3000[",*
1777,"[1500,1800[","[1700,1800[","[1750,2000[","[1500,2000[","[0,3000[","[0,3000[",*
1778,"[1500,1800[","[1700,1800[","[1750,2000[","[1500,2000[","[0,3000[","[0,3000[",*
1789,"[1500,1800[","[1700,1800[","[1750,2000[","[1500,2000[","[0,3000[","[0,3000[",*
1790,"[1500,1800[","[1700,1800[","[1750,2000[","[1500,2000[","[0,3000[","[0,3000[",*
1792,"[1500,1800[","[1700,1800[","[1750,2000[","[1500,2000[","[0,3000[","[0,3000[",*
1804,"[1800,2100[","[1800,1900[","[1750,2000[","[1500,2000[","[0,3000[","[0,3000[",*
1805,"[1800,2100[","[1800,1900[","[1750,2000[","[1500,2000[","[0,3000[","[0,3000[",*
1806,"[1800,2100[","[1800,1900[","[1750,2000[","[1500,2000[","[0,3000[","[0,3000[",*
1809,"[1800,2100[","[1800,1900[","[1750,2000[","[1500,2000[","[0,3000[","[0,3000[",*
1812,"[1800,2100[","[1800,1900[","[1750,2000[","[1500,2000[","[0,3000[","[0,3000[",*
1816,"[1800,2100[","[1800,1900[","[1750,2000[","[1500,2000[","[0,3000[","[0,3000[",*
1817,"[1800,2100[","[1800,1900[","[1750,2000[","[1500,2000[","[0,3000[","[0,3000[",*
1820,"[1800,2100[","[1800,1900[","[1750,2000[","[1500,2000[","[0,3000[","[0,3000[",*
1823,"[1800,2100[","[1800,1900[","[1750,2000[","[1500,2000[","[0,3000[","[0,3000[",*
1833,"[1800,2100[","[1800,1900[","[1750,2000[","[1500,2000[","[0,3000[","[0,3000[",*
1834,"[1800,2100[","[1800,1900[","[1750,2000[","[1500,2000[","[0,3000[","[0,3000[",*
1835,"[1800,2100[","[1800,1900[","[1750,2000[","[1500,2000[","[0,3000[","[0,3000[",*
1837,"[1800,2100[","[1800,1900[","[1750,2000[","[1500,2000[","[0,3000[","[0,3000[",*
1842,"[1800,2100[","[1800,1900[","[1750,2000[","[1500,2000[","[0,3000[","[0,3000[",*
1855,"[1800,2100[","[1800,1900[","[1750,2000[","[1500,2000[","[0,3000[","[0,3000[",*
1859,"[1800,2100[","[1800,1900[","[1750,2000[","[1500,2000[","[0,3000[","[0,3000[",*
1865,"[1800,2100[","[1800,1900[","[1750,2000[","[1500,2000[","[0,3000[","[0,3000[",*
1867,"[1800,2100[","[1800,1900[","[1750,2000[","[1500,2000[","[0,3000[","[0,3000[",*
1869,"[1800,2100[","[1800,1900[","[1750,2000[","[1500,2000[","[0,3000[","[0,3000[",*
1871,"[1800,2100[","[1800,1900[","[1750,2000[","[1500,2000[","[0,3000[","[0,3000[",*
1875,"[1800,2100[","[1800,1900[","[1750,2000[","[1500,2000[","[0,3000[","[0,3000[",*
1877,"[1800,2100[","[1800,1900[","[1750,2000[","[1500,2000[","[0,3000[","[0,3000[",*
1880,"[1800,2100[","[1800,1900[","[1750,2000[","[1500,2000[","[0,3000[","[0,3000[",*
1882,"[1800,2100[","[1800,1900[","[1750,2000[","[1500,2000[","[0,3000[","[0,3000[",*
1906,"[1800,2100[","[1900,2000[","[1750,2000[","[1500,2000[","[0,3000[","[0,3000[",*
1914,"[1800,2100[","[1900,2000[","[1750,2000[","[1500,2000[","[0,3000[","[0,3000[",*
1916,"[1800,2100[","[1900,2000[","[1750,2000[","[1500,2000[","[0,3000[","[0,3000[",*
1917,"[1800,2100[","[1900,2000[","[1750,2000[","[1500,2000[","[0,3000[","[0,3000[",*
1925,"[1800,2100[","[1900,2000[","[1750,2000[","[1500,2000[","[0,3000[","[0,3000[",*
1934,"[1800,2100[","[1900,2000[","[1750,2000[","[1500,2000[","[0,3000[","[0,3000[",*
1946,"[1800,2100[","[1900,2000[","[1750,2000[","[1500,2000[","[0,3000[","[0,3000[",*
1957,"[1800,2100[","[1900,2000[","[1750,2000[","[1500,2000[","[0,3000[","[0,3000[",*
1960,"[1800,2100[","[1900,2000[","[1750,2000[","[1500,2000[","[0,3000[","[0,3000[",*
1962,"[1800,2100[","[1900,2000[","[1750,2000[","[1500,2000[","[0,3000[","[0,3000[",*
1966,"[1800,2100[","[1900,2000[","[1750,2000[","[1500,2000[","[0,3000[","[0,3000[",*
1970,"[1800,2100[","[1900,2000[","[1750,2000[","[1500,2000[","[0,3000[","[0,3000[",*
1971,"[1800,2100[","[1900,2000[","[1750,2000[","[1500,2000[","[0,3000[","[0,3000[",*
1972,"[1800,2100[","[1900,2000[","[1750,2000[","[1500,2000[","[0,3000[","[0,3000[",*
1973,"[1800,2100[","[1900,2000[","[1750,2000[","[1500,2000[","[0,3000[","[0,3000[",*
1975,"[1800,2100[","[1900,2000[","[1750,2000[","[1500,2000[","[0,3000[","[0,3000[",*
1978,"[1800,2100[","[1900,2000[","[1750,2000[","[1500,2000[","[0,3000[","[0,3000[",*
1980,"[1800,2100[","[1900,2000[","[1750,2000[","[1500,2000[","[0,3000[","[0,3000[",*
1992,"[1800,2100[","[1900,2000[","[1750,2000[","[1500,2000[","[0,3000[","[0,3000[",*
1994,"[1800,2100[","[1900,2000[","[1750,2000[","[1500,2000[","[0,3000[","[0,3000[",*
2015,"[1800,2100[","[2000,2100[","[2000,2250[","[2000,2500[","[0,3000[","[0,3000[",*
2016,"[1800,2100[","[2000,2100[","[2000,2250[","[2000,2500[","[0,3000[","[0,3000[",*
2027,"[1800,2100[","[2000,2100[","[2000,2250[","[2000,2500[","[0,3000[","[0,3000[",*
2028,"[1800,2100[","[2000,2100[","[2000,2250[","[2000,2500[","[0,3000[","[0,3000[",*
2029,"[1800,2100[","[2000,2100[","[2000,2250[","[2000,2500[","[0,3000[","[0,3000[",*
2033,"[1800,2100[","[2000,2100[","[2000,2250[","[2000,2500[","[0,3000[","[0,3000[",*
2053,"[1800,2100[","[2000,2100[","[2000,2250[","[2000,2500[","[0,3000[","[0,3000[",*
2055,"[1800,2100[","[2000,2100[","[2000,2250[","[2000,2500[","[0,3000[","[0,3000[",*
2062,"[1800,2100[","[2000,2100[","[2000,2250[","[2000,2500[","[0,3000[","[0,3000[",*
2078,"[1800,2100[","[2000,2100[","[2000,2250[","[2000,2500[","[0,3000[","[0,3000[",*
2087,"[1800,2100[","[2000,2100[","[2000,2250[","[2000,2500[","[0,3000[","[0,3000[",*
2093,"[1800,2100[","[2000,2100[","[2000,2250[","[2000,2500[","[0,3000[","[0,3000[",*
2129,"[2100,2400[","[2100,2200[","[2000,2250[","[2000,2500[","[0,3000[","[0,3000[",*
2150,"[2100,2400[","[2100,2200[","[2000,2250[","[2000,2500[","[0,3000[","[0,3000[",*
2177,"[2100,2400[","[2100,2200[","[2000,2250[","[2000,2500[","[0,3000[","[0,3000[",*
2184,"[2100,2400[","[2100,2200[","[2000,2250[","[2000,2500[","[0,3000[","[0,3000[",*
2187,"[2100,2400[","[2100,2200[","[2000,2250[","[2000,2500[","[0,3000[","[0,3000[",*
2191,"[2100,2400[","[2100,2200[","[2000,2250[","[2000,2500[","[0,3000[","[0,3000[",*
2201,"[2100,2400[","[2200,2300[","[2000,2250[","[2000,2500[","[0,3000[","[0,3000[",*
2219,"[2100,2400[","[2200,2300[","[2000,2250[","[2000,2500[","[0,3000[","[0,3000[",*
2231,"[2100,2400[","[2200,2300[","[2000,2250[","[2000,2500[","[0,3000[","[0,3000[",*
2241,"[2100,2400[","[2200,2300[","[2000,2250[","[2000,2500[","[0,3000[","[0,3000[",*
2256,"[2100,2400[","[2200,2300[","[2250,2500[","[2000,2500[","[0,3000[","[0,3000[",*
2260,"[2100,2400[","[2200,2300[","[2250,2500[","[2000,2500[","[0,3000[","[0,3000[",*
2301,"[2100,2400[","[2300,2400[","[2250,2500[","[2000,2500[","[0,3000[","[0,3000[",*
2330,"[2100,2400[","[2300,2400[","[2250,2500[","[2000,2500[","[0,3000[","[0,3000[",*
2372,"[2100,2400[","[2300,2400[","[2250,2500[","[2000,2500[","[0,3000[","[0,3000[",*
2389,"[2100,2400[","[2300,2400[","[2250,2500[","[2000,2500[","[0,3000[","[0,3000[",*
2420,"[2400,2700[","[2400,2500[","[2250,2500[","[2000,2500[","[0,3000[","[0,3000[",*
2429,"[2400,2700[","[2400,2500[","[2250,2500[","[2000,2500[","[0,3000[","[0,3000[",*
2453,"[2400,2700[","[2400,2500[","[2250,2500[","[2000,2500[","[0,3000[","[0,3000[",*
2456,"[2400,2700[","[2400,2500[","[2250,2500[","[2000,2500[","[0,3000[","[0,3000[",*
2462,"[2400,2700[","[2400,2500[","[2250,2500[","[2000,2500[","[0,3000[","[0,3000[",*
2485,"[2400,2700[","[2400,2500[","[2250,2500[","[2000,2500[","[0,3000[","[0,3000[",*
2516,"[2400,2700[","[2500,2600[","[2500,2750[","[2500,3000[","[0,3000[","[0,3000[",*
2621,"[2400,2700[","[2600,2700[","[2500,2750[","[2500,3000[","[0,3000[","[0,3000[",*
2635,"[2400,2700[","[2600,2700[","[2500,2750[","[2500,3000[","[0,3000[","[0,3000[",*
2653,"[2400,2700[","[2600,2700[","[2500,2750[","[2500,3000[","[0,3000[","[0,3000[",*
2692,"[2400,2700[","[2600,2700[","[2500,2750[","[2500,3000[","[0,3000[","[0,3000[",*
2769,"[2700,3000[","[2700,2800[","[2750,3000[","[2500,3000[","[0,3000[","[0,3000[",*
2770,"[2700,3000[","[2700,2800[","[2750,3000[","[2500,3000[","[0,3000[","[0,3000[",*
2775,"[2700,3000[","[2700,2800[","[2750,3000[","[2500,3000[","[0,3000[","[0,3000[",*
2870,"[2700,3000[","[2800,2900[","[2750,3000[","[2500,3000[","[0,3000[","[0,3000[",*
3025,>=3000,>=3000,>=3000,>=3000,>=3000,>=3000,*
3076,>=3000,>=3000,>=3000,>=3000,>=3000,>=3000,*
3078,>=3000,>=3000,>=3000,>=3000,>=3000,>=3000,*
3094,>=3000,>=3000,>=3000,>=3000,>=3000,>=3000,*
3102,>=3000,>=3000,>=3000,>=3000,>=3000,>=3000,*
3183,>=3000,>=3000,>=3000,>=3000,>=3000,>=3000,*
3253,>=3000,>=3000,>=3000,>=3000,>=3000,>=3000,*
3284,>=3000,>=3000,>=3000,>=3000,>=3000,>=3000,*
3322,>=3000,>=3000,>=3000,>=3000,>=3000,>=3000,*
3366,>=3000,>=3000,>=3000,>=3000,>=3000,>=3000,*
3422,>=3000,>=3000,>=3000,>=3000,>=3000,>=3000,*
3785,>=3000,>=3000,>=3000,>=3000,>=3000,>=3000,*
3881,>=3000,>=3000,>=3000,>=3000,>=3000,>=3000,*
4918,>=3000,>=3000,>=3000,>=3000,>=3000,>=3000,*
